10,153.1174164,90.30329895,30.68708992,32.12706757,2.563700199,2.203871012,1.358141065,2.49464488
20,150.9098053,88.72854614,30.85040283,31.33087349,2.903837204,2.16748333,1.395976901,2.591130495
30,141.3074493,80.9677124,30.13460732,30.20513344,4.165959835,2.177876711,5.502168179,2.704352856
40,132.6470947,75.26308441,27.90186501,29.48216057,5.768161774,3.563816786,3.395887852,2.521156073
50,122.7407532,67.27803802,27.23241806,28.23031807,5.770588875,5.023652554,4.903512001,2.893561363
60,99.89549255,48.91472626,26.26542091,24.71534348,4.286971569,4.206869125,3.547765255,2.461915255
70,76.47388458,34.77957535,23.27181053,18.42249489,5.85696888,2.384487867,5.099240303,2.527564764
80,70.39060974,32.22531891,20.44944954,17.7158432,5.196520805,5.322107792,4.749401093,2.540458441
90,64.41503906,29.47026825,17.83273506,17.11204338,5.049398899,2.721044302,4.13476181,2.496193171
100,59.86587524,27.31984329,16.40423203,16.14179993,4.384829998,5.584036827,4.986129761,2.562926054
110,55.83295822,25.34747505,15.37613869,15.10934544,5.267965317,4.43253994,4.58262682,2.468267918
120,50.36053848,22.22730446,14.34145737,13.7917757,4.243965626,4.053506851,4.009842873,2.462963581
130,45.21566391,19.52944565,13.16600037,12.5202179,4.853972435,5.431378365,5.383832932,2.422384024
140,37.22533417,16.31199837,11.12319756,9.790133476,4.606579781,3.216863394,3.318564892,2.449535131
150,29.753479,9.517965317,12.44123459,7.794278145,1.134145737,7.421689034,3.942883968,2.574562073
160,29.43520927,13.35769844,10.64084721,5.436664581,5.154187202,6.15583992,2.340877295,2.566088676
170,18.36326408,6.976779461,6.362039089,5.024446011,1.40775609,3.392018318,3.724898577,2.436161041
180,14.62660503,6.464938641,4.695735931,3.465928793,1.355638027,2.384166718,1.378076792,2.463193655
190,12.15950203,6.284892559,3.10690403,2.767705441,1.897169709,1.936294317,1.994708776,2.424258947
200,10.99366951,6.113905907,2.254950523,2.624812126,1.520757318,1.886317968,2.821434498,2.423698425
210,10.20289326,5.932260513,1.927792549,2.342841148,1.795604944,1.903311968,1.768412828,2.428721905
220,9.67076683,5.76288271,1.755008459,2.152876854,1.654053211,2.031003714,2.058058262,2.424107313
230,9.25502491,5.627048016,1.61171627,2.016259909,1.567687035,2.041719437,2.191165924,2.43163538
240,8.88141346,5.490093231,1.501953602,1.889367938,1.575954676,1.887445569,2.065259695,2.434895754
250,8.553917885,5.355340481,1.419740677,1.778837204,1.622913837,1.881046534,1.978533983,2.405905247
260,8.248833656,5.220452309,1.349694848,1.678685546,1.631537914,1.792206526,1.9162817,2.433706522
270,7.967661858,5.083373547,1.296054125,1.588233948,1.598576069,1.666481376,1.84817791,2.536397934
280,7.983654022,4.989151478,1.451782107,1.542720556,1.387660265,1.342601776,1.484186649,2.430216789
290,7.42983532,4.809434414,1.19214201,1.428258896,1.557752371,1.598299026,1.778665423,2.481099606
300,7.219317913,4.678594589,1.175200343,1.365522742,1.698187828,2.09527564,1.986027956,2.442349434
310,6.923950672,4.531900883,1.098300695,1.293748021,1.544364214,1.669587374,1.72548604,2.453708887
320,7.077035904,4.478275299,1.303402781,1.295357943,1.277076721,1.323887587,1.305960536,2.529967308
330,6.728194714,4.376935005,1.114291787,1.236967444,1.881183386,2.151578426,2.09921217,2.448179245
340,6.527057171,4.26602459,1.070576668,1.190455914,1.197395921,1.208012938,1.270428181,2.383346319
350,6.112688065,4.033032894,0.972451508,1.107203364,1.760516167,1.930530548,1.884614706,2.453346252
360,6.53710556,4.209004879,1.136092305,1.192008257,2.17795825,2.637281656,2.398862839,2.390299797
370,6.056799889,3.936130762,1.02680254,1.093866706,1.106700778,1.120115161,1.153611064,2.45810771
380,5.651507378,3.721991062,0.912951231,1.016565681,1.811445475,2.030329227,1.928302884,2.465414286
390,5.776857853,3.768913746,0.964989424,1.042954564,1.991899729,2.271185875,2.125780344,2.406728983
400,5.472080708,3.60334754,0.882440865,0.986293137,1.801981688,1.993778467,1.944993377,2.414683819
410,5.498465538,3.595394373,0.919231355,0.983839393,1.051543832,1.085419178,1.095852494,2.411998034
420,5.094791889,3.361636639,0.822915316,0.910239756,1.843783736,1.963612795,1.856251001,2.543423891
430,5.215568542,3.419044256,0.859618843,0.936904907,1.991318107,2.15588212,2.057087898,2.457844496
440,5.014028549,3.284122944,0.830200016,0.89970535,1.020081043,1.076140523,1.067714691,2.475221395
450,4.750504017,3.117000341,0.780506551,0.852996826,1.049120903,1.102989197,1.096080422,2.421836138
460,4.514081001,2.977124691,0.728299379,0.808657229,1.643024921,1.734402418,1.671996355,2.490233898
470,5.463894367,3.575227261,0.915432155,0.973234534,0.906719923,1.10836494,0.992375195,2.544144392
480,5.085485935,3.282363176,0.894453406,0.908669889,2.121289968,2.307498932,2.129707575,2.419219971
490,4.331573963,2.821292639,0.725179136,0.785102546,1.079090953,1.022195458,1.010510564,2.457367659
500,4.302093506,2.843323231,0.694780946,0.76398921,1.859719515,1.897620916,1.857766151,2.466043711
510,4.157611847,2.743056059,0.673026323,0.741529346,1.018428922,1.121874094,1.053930402,2.443762064
520,3.837301016,2.528548717,0.622312963,0.686439335,1.199818015,1.266969919,1.28737855,2.392076731
530,4.786909103,3.157573223,0.784858823,0.844477057,0.87966013,1.009309173,0.916792512,2.430332422
540,3.749508858,2.501704216,0.592105508,0.655698955,0.981295109,1.263480902,1.162446022,2.45502758
550,4.472410202,2.850528479,0.813994229,0.807887018,2.139629602,2.37650156,2.193641186,2.472847223
560,3.593643904,2.359023571,0.590610385,0.644010007,1.094751716,1.046870708,1.014855623,2.49387908
570,3.620283604,2.424784184,0.563183367,0.632316232,0.839571953,1.087928891,0.965478897,2.604088545
580,3.491051674,2.259286404,0.60407728,0.627688169,1.631014824,1.862138867,1.724531651,2.56020546
590,3.630572081,2.365446091,0.602386951,0.662739277,1.775563717,1.847073197,1.886407614,2.479948997
600,3.296567917,2.108658075,0.58488965,0.60302037,1.067029953,0.935136914,0.892999589,2.436660767
610,3.728935242,2.192607641,0.867531359,0.668796182,1.479771614,1.383823037,0.84209919,2.472934484
620,3.939266443,2.455706358,0.801206231,0.682353795,1.684669256,2.239115238,1.806243181,2.557416916
630,3.386312723,2.251965523,0.544358194,0.589988887,1.893415213,1.524374008,1.754514575,2.442622662
640,2.991121292,2.003527403,0.481468767,0.506125212,1.585600615,1.089892149,1.21713233,2.440427303
650,2.917480469,1.89046824,0.515256941,0.511754811,1.03760767,0.96503967,0.974884748,2.659610748
660,2.754324675,1.84355998,0.436816007,0.473948658,1.421303511,1.32346034,1.200438619,2.488929749
670,5.249899387,3.646811962,0.737956464,0.865131438,2.973634243,2.451795816,2.604481936,2.430337667
680,2.858629942,1.880036235,0.500094473,0.478499323,1.256183267,0.805680513,0.795332134,2.416721344
690,2.607254267,1.67352736,0.462778479,0.470948279,1.000591278,1.460710406,1.403335571,2.570795774
700,2.961140633,2.117516756,0.399232417,0.444391578,0.7792629,1.121967077,1.00696218,2.555567741
710,2.683756113,1.630930662,0.554139256,0.498686492,1.45626843,2.067434788,1.788613558,2.438841105
720,2.539280176,1.729171395,0.386807978,0.423300683,0.699337721,0.938480258,0.891742051,2.464311838
730,3.282212019,2.094249725,0.601078391,0.586884499,0.933897436,1.120082378,0.980090976,2.471862316
740,3.004072189,2.135415792,0.407640696,0.461015344,1.816170454,1.44632864,1.518691063,2.53335619
750,3.091914892,1.869054317,0.577936769,0.64492327,0.694567025,1.178816915,1.194081903,2.399556637
760,2.666695118,1.944971204,0.334113628,0.387610227,1.960781336,1.138919353,1.401377916,2.472175121
770,2.271224976,1.577600241,0.326475143,0.367149472,1.599056959,1.127000928,1.35123086,2.481436491
780,2.054259062,1.300201058,0.362039149,0.392018765,1.184842944,1.504678965,1.539288998,2.453801394
790,3.607699633,1.480443358,1.150208592,0.97704792,1.146924376,3.329192638,2.935270071,2.422437668
800,4.002142429,2.717473984,0.702672243,0.581995964,1.892930269,1.601420403,1.245521426,2.416145086
810,1.982663512,1.271703243,0.375835627,0.335124552,1.084912181,1.116364002,1.095110178,2.555932283
820,1.924304605,1.277361751,0.324922889,0.322019845,1.285158992,0.95899111,1.176950812,2.416427374
830,1.772129774,1.172039747,0.290869564,0.309220493,0.913872242,0.900966406,0.937255502,2.411362171
840,1.720592856,1.15582335,0.268310219,0.296458989,0.783276021,0.984865606,0.874579787,2.506476402
850,1.639797807,1.097058415,0.259839743,0.282899678,1.117908001,1.115959167,1.158961177,2.409628868
860,3.672285795,2.592321396,0.500932634,0.579031408,2.607477665,2.077938318,2.210034847,2.428172588
870,2.234047651,1.53870368,0.339706898,0.355636746,0.761694908,0.877881289,0.815203011,2.67932415
880,1.696234822,1.164577842,0.265363753,0.266293019,0.536255181,0.96819371,0.921887934,2.451198339
890,1.950959802,1.372308373,0.269122183,0.309529305,0.777814746,0.694371223,0.744959831,2.488283634
900,1.728608489,1.094352007,0.34008044,0.294176131,1.348865867,1.655383587,1.424469113,2.407333136
910,1.469561577,1.028474927,0.211273819,0.229812756,0.586844921,0.91876632,0.818750739,2.707786083
920,5.687420845,4.110071659,0.719376028,0.85797292,2.51782155,1.842039824,2.003005981,2.458239317
930,1.923505664,1.381426454,0.268312424,0.273766935,0.988984823,0.690069795,0.636794925,2.396366358
940,1.492150664,1.002556443,0.246349528,0.243244573,1.17359972,0.698301852,0.657515585,2.42737937
950,1.362432122,0.952752888,0.19294858,0.21673058,1.221131802,0.751920998,0.78349787,2.425305605
960,1.357131124,0.975804031,0.179733112,0.201593921,1.247020006,0.911315441,0.939892769,2.597139597
970,1.212033272,0.840010285,0.180068448,0.191954717,1.026381254,0.995187283,0.968279123,2.636606216
980,6.823118687,2.991635323,2.038220167,1.793262601,2.972664833,4.628869534,4.257102966,2.420235395
990,3.330653667,1.793836951,0.772622645,0.764193952,1.750622749,2.201163054,2.046371937,2.645058155
1000,1.414105296,0.97302562,0.197017744,0.244061977,0.489744544,0.669666111,0.76637578,2.527290821
1010,1.196869493,0.791738153,0.205492184,0.199639127,0.989238143,0.944297433,1.106040001,2.410663605
1020,1.099144101,0.734924734,0.189843118,0.174376264,0.74013114,1.058174014,0.749458909,2.44463253
1030,1.032141447,0.705226362,0.158735469,0.168179482,0.747841835,0.594735265,0.783395052,2.511036396
1040,0.990272343,0.681239367,0.152101845,0.156931192,0.643117666,0.753709197,0.735682428,2.766410828
1050,0.921412706,0.644019723,0.132771149,0.144621849,0.6373806,0.690403938,0.768171549,2.505624294
1060,1.403744102,1.040061951,0.182653993,0.181028187,0.906083405,0.658020437,0.645176768,2.433761835
1070,4.159658909,1.803553462,1.291768909,1.064336538,1.243911862,3.192784309,2.736737251,2.607430696
1080,1.954660654,1.447780728,0.307714731,0.199165121,0.940193534,1.034350634,0.517685056,2.554937124
1090,1.304290652,0.972769737,0.145303085,0.186217844,1.296119928,0.550045252,0.638085008,2.442805052
1100,1.080395222,0.685279787,0.160228699,0.234886751,1.046717882,0.968635559,1.394025087,2.357194185
1110,0.877642632,0.613240123,0.128472656,0.135929853,0.714574635,0.703100145,0.705230534,2.990813971
1120,0.81962502,0.571829557,0.12333335,0.124462083,0.700712085,0.798727632,0.704860091,2.714853764
1130,0.7702654,0.546937704,0.10713838,0.116189249,0.728288531,0.600886762,0.700141072,2.428329229
1140,0.719923675,0.512905478,0.099051215,0.10796693,0.571689725,0.594746709,0.64844358,2.435308218
1150,0.824148536,0.606785774,0.105003506,0.112359211,0.507290304,0.487462223,0.532980144,2.592512608
1160,1.908022642,1.558479786,0.199198335,0.150344625,1.612116814,0.813285828,0.576524496,2.632583141
1170,1.947497368,1.603736877,0.166550457,0.177210122,1.803945303,0.720377564,0.791307092,2.462962151
1180,0.974223375,0.674160004,0.136648864,0.163414508,0.458278477,0.786620259,1.006492019,2.529071093
1190,0.948172629,0.581138134,0.128019139,0.239015356,0.448660851,0.612130046,0.856257319,2.401677132
1200,0.742367327,0.535393417,0.09982948,0.107144423,0.400678337,0.485679388,0.599757552,2.427718639
1210,0.664035261,0.472838402,0.085587092,0.105609752,0.437052548,0.504250228,0.603236675,2.472980499
1220,0.611743391,0.444249034,0.078738064,0.088756345,0.669926465,0.554024458,0.654108405,2.546307087
1230,0.577290237,0.419595629,0.078376129,0.079318516,0.422025621,0.453345537,0.524852753,2.439054251
1240,1.073162675,0.812839687,0.131602272,0.128720731,0.972984076,0.684582531,0.662132144,2.4159832
1250,3.35695672,2.036461353,0.679094613,0.641400635,1.797827244,2.348278999,2.226213455,2.44320035
1260,1.471338749,1.254934788,0.098572917,0.117831089,1.839951396,0.633072615,0.744921088,2.878795147
1270,0.958303809,0.727316856,0.116751529,0.114235476,1.120000362,0.948920488,0.929548264,2.580159664
1280,0.557995677,0.392746538,0.081305191,0.083943963,0.479918838,0.713897943,0.728334546,2.549975157
1290,0.558780789,0.405353397,0.072390743,0.081036679,0.39058435,0.402427852,0.436368614,2.448738575
1300,0.523172736,0.397839457,0.059528895,0.065804362,0.706237674,0.507520914,0.589904428,2.441995621
1310,0.526962757,0.402362704,0.059211835,0.065388225,0.703683019,0.560133457,0.621400476,2.423532009
1320,4.954545021,3.254450798,0.857173383,0.842921078,3.169919491,2.9411273,2.878575325,2.406220913
1330,2.232993364,1.433911681,0.420289993,0.378791183,1.635506868,1.857492685,1.726368904,2.673843861
1340,0.940521896,0.792363405,0.067272469,0.080885977,1.360368013,0.621352792,0.731816173,2.539239407
1350,0.490729511,0.358621597,0.065079302,0.067028582,0.629513502,0.65522784,0.650986433,2.492749929
1360,0.521336854,0.410104811,0.053740397,0.057491709,0.476951182,0.371266097,0.377116203,2.624852657
1370,0.403010905,0.302128851,0.049782231,0.051099788,0.437882364,0.466483891,0.473142028,2.424963236
1380,0.469162881,0.354572386,0.055287808,0.05930265,0.425670803,0.382904768,0.387023181,2.597821712
1390,1.599999547,1.174105048,0.2105335,0.215361044,1.494661093,1.188372493,1.155219316,2.448103905
1400,1.651610851,1.046125412,0.3054699,0.300015479,1.456326962,1.530825377,1.511585236,2.627255678
1410,0.691623032,0.49404183,0.103008233,0.094572954,0.585423291,0.662319839,0.56807512,2.567671537
1420,0.643550515,0.456378847,0.099497311,0.087674394,0.748752117,0.675198138,0.553760886,2.574330807
1430,0.667493463,0.528830886,0.069138646,0.069523841,1.093393087,0.701967001,0.686084628,2.527511358
1440,0.46859622,0.338305116,0.065092728,0.065198407,0.487657279,0.499715388,0.454475999,2.451120138
1450,0.323063254,0.250124961,0.036356382,0.036581896,0.392528027,0.344734818,0.373583078,2.43022418
1460,0.82264334,0.611523509,0.102925785,0.108194001,1.180688143,0.948295474,0.976089239,2.452064276
1470,3.271672487,1.770526409,0.782856584,0.718289614,2.386779308,2.722702503,2.574596167,2.418019295
1480,1.335358381,1.210529685,0.058781564,0.066046931,1.380520582,0.302321315,0.463230491,2.457293034
1490,0.618257582,0.418664932,0.11394041,0.08565221,0.651485324,0.699580431,0.494853377,2.437533855
1500,0.436576009,0.276750773,0.088135287,0.071689934,0.302678198,0.587846458,0.433774173,2.42832303
1510,0.364690304,0.285357684,0.039829995,0.039502647,0.375389159,0.361328185,0.327060103,2.392002821
1520,0.329846412,0.254682541,0.037866503,0.037297376,0.508138418,0.451935351,0.454680651,2.402170181
1530,0.301431715,0.23381266,0.033926129,0.03369293,0.290891498,0.301766038,0.281839371,2.424590349
1540,0.333870023,0.259869784,0.036674365,0.03732584,0.380657971,0.333655953,0.315906227,2.428160667
1550,2.372503757,1.651906729,0.341485113,0.379112154,1.956068277,1.647192717,1.701025009,2.484266758
1560,1.072610974,0.779245734,0.161411062,0.131954193,1.387797236,1.179655313,1.045178294,2.420800447
1570,0.288295567,0.229233757,0.030658696,0.028403189,0.317163706,0.263788939,0.279705107,2.446951151
1580,0.432612687,0.294197142,0.079570696,0.058844887,0.41780901,0.643071651,0.467112422,2.531239271
1590,0.308452517,0.249216303,0.027639197,0.031597026,0.475214541,0.318556547,0.373977244,2.486828327
1600,0.252556413,0.199133486,0.025390329,0.028032618,0.367508322,0.281008184,0.376247704,2.443146706
1610,0.234862477,0.186632439,0.025074692,0.023155347,0.249364793,0.259592623,0.237776294,2.452633619
1620,2.039684534,1.492486,0.264653206,0.282545179,1.877038717,1.478215456,1.487807035,2.358341217
1630,0.612080753,0.440766066,0.093782768,0.077531904,0.432976961,0.529983521,0.262020409,2.53507781
1640,1.43638587,1.336979985,0.049723309,0.049682561,1.760737419,0.355508894,0.38215974,2.485326052
1650,0.394194901,0.243076146,0.090539746,0.06057898,0.547482908,0.531781852,0.370819211,2.423538685
1660,0.377015501,0.228981689,0.083140559,0.064893238,0.39797613,0.81394887,0.616930842,2.500924349
1670,0.283094525,0.21005021,0.036485184,0.036559097,0.429295301,0.372078121,0.322159529,2.540103912
1680,0.245815709,0.189901471,0.027942205,0.027972031,0.28211984,0.343222678,0.367928475,2.410589695
1690,0.228871539,0.181144103,0.024083301,0.023644159,0.286025614,0.296583652,0.293374002,2.471812487
1700,0.219539955,0.175618932,0.022559993,0.02136101,0.295994788,0.268820286,0.239648342,2.621142626
1710,0.207621917,0.166408196,0.021284916,0.019928817,0.247694612,0.250421107,0.222284079,2.50878191
1720,0.198752612,0.160660774,0.020029917,0.018061934,0.248537317,0.251745939,0.231704444,2.443306684
1730,0.191130966,0.155103326,0.019226838,0.016800815,0.230016053,0.239031374,0.211796105,2.452573299
1740,0.191668719,0.154831886,0.019745708,0.017091142,0.220415473,0.243134946,0.199936181,2.621080399
1750,5.941004276,4.141775608,0.847881019,0.951347291,3.277967453,2.714351177,2.844258785,2.409597874
1760,2.887288809,1.684983969,0.688821673,0.513483107,2.269431114,2.506937504,2.083918333,2.404355526
1770,0.375374973,0.264806956,0.063784815,0.04678319,0.643603027,0.587371826,0.490744054,2.486670494
1780,0.369205236,0.204786628,0.073014311,0.091404274,0.447586775,0.8150177,0.87561661,2.57369566
1790,0.315723956,0.190434948,0.059240919,0.066048108,0.214331284,0.553595901,0.541954875,2.566547155
1800,0.22568354,0.172973797,0.027195381,0.025514368,0.243025154,0.310028762,0.241200686,2.386919022
1810,0.208874241,0.16228658,0.024139125,0.022448519,0.268641919,0.299696684,0.334843189,2.44461298
1820,0.19573243,0.15557906,0.021245165,0.018908197,0.258069068,0.27207163,0.222119093,2.443264008
1830,0.183867201,0.148046717,0.018629519,0.017190963,0.235608503,0.237352923,0.22707206,2.423946381
1840,0.175756916,0.142759606,0.017169623,0.015827691,0.2066544,0.230063811,0.208548442,2.956763744
1850,0.168762237,0.137568533,0.016541081,0.014652616,0.206882417,0.229150593,0.19111602,2.813004971
1860,0.162731782,0.133310735,0.01576229,0.013658762,0.198017091,0.219159275,0.188153595,2.427933931
1870,0.157860085,0.129717141,0.015226748,0.012916215,0.195357978,0.213101208,0.187415004,2.407598972
1880,0.15737839,0.129110321,0.015367457,0.012900594,0.220215499,0.231903702,0.207056254,2.466906071
1890,1.597909451,1.14551723,0.217937976,0.234454304,1.802101016,1.425482035,1.480608463,2.51824069
1900,1.464465857,0.961679697,0.323680103,0.17910625,1.417426229,1.668797612,1.202416658,2.416219473
1910,0.274181962,0.176294625,0.064656533,0.033230774,0.240228996,0.606855273,0.439684331,2.488309145
1920,0.425214231,0.33106038,0.027464326,0.066689514,0.886199653,0.445302516,0.772245347,2.387235641
1930,0.251290083,0.164694384,0.057512447,0.029083233,0.346666157,0.635701239,0.307341546,2.424074411
1940,0.182251975,0.138874203,0.022262296,0.021115465,0.246712238,0.221682534,0.33480978,2.408859968
1950,0.164890066,0.132615909,0.016632179,0.01564198,0.212180793,0.256530464,0.223940521,2.499767065
1960,0.158482149,0.127910629,0.016088311,0.014483206,0.208731517,0.247764945,0.203755826,2.438792229
1970,0.150537178,0.123165645,0.014501824,0.012869718,0.2060294,0.225218058,0.196996927,2.422096252
1980,0.14449814,0.118966579,0.01353505,0.011996533,0.171647653,0.188154235,0.166224808,2.727114677
1990,0.139587864,0.115274534,0.012967537,0.01134581,0.177546248,0.192871362,0.177168623,2.526977301
2000,0.135445595,0.112242185,0.012632784,0.010570639,0.16460748,0.189724684,0.158162713,2.461604834
2010,0.13425158,0.111264639,0.012584996,0.010401927,0.163609803,0.191223204,0.153530747,2.500884533
2020,0.437773824,0.314430922,0.057256412,0.066086508,0.776556253,0.668451548,0.712354898,2.514953852
2030,0.816718221,0.556610644,0.117070206,0.143037409,0.762772799,0.788210988,0.848771572,2.587391615
2040,0.391317517,0.264817089,0.068212301,0.058288153,0.759125471,0.637463808,0.645010114,2.377753973
2050,0.314642727,0.266928673,0.017443106,0.030270942,0.748278618,0.269821405,0.544773459,2.420194149
2060,0.256747574,0.163900122,0.066206932,0.026640506,0.383839339,0.669998884,0.363268852,2.47966671
2070,0.181156695,0.147037283,0.016944369,0.017175047,0.422053695,0.270620823,0.283107966,2.461139202
2080,0.149743587,0.12052197,0.013710622,0.015510985,0.249295771,0.201160133,0.288753808,2.465103626
2090,0.133105338,0.109001376,0.012510005,0.01159396,0.163372234,0.181153238,0.166710526,2.475375652
2100,0.129383683,0.106375888,0.011632009,0.011375784,0.156115085,0.176161051,0.154542193,2.383128881
2110,0.124168448,0.103154011,0.011235025,0.009779405,0.175261855,0.188768506,0.157682359,2.47511363
2120,0.120181844,0.099934772,0.010929176,0.009317898,0.149737686,0.174187839,0.140131384,2.423724651
2130,0.1173485,0.097622305,0.010789867,0.008936325,0.148086518,0.173924148,0.138186187,2.517250776
2140,0.127962038,0.10397061,0.012601759,0.011389672,0.20525685,0.225387156,0.200012654,2.4227736
2150,2.522255659,1.63363421,0.374416053,0.514205396,2.082212448,1.858441353,2.100114584,2.383785963
2160,0.4573524,0.35619542,0.046937708,0.054219253,0.83328706,0.469525933,0.478300363,2.421578884
2170,0.380094945,0.322899848,0.030322123,0.026872888,0.870808184,0.448882997,0.401469648,2.478447199
2180,0.183359489,0.115958132,0.043759704,0.023641651,0.16278474,0.591422439,0.374392152,2.429660082
2190,0.140753448,0.106244229,0.013908549,0.020600662,0.170497686,0.162019938,0.283722997,2.484369755
2200,0.131680295,0.102684356,0.014690666,0.014305259,0.210760817,0.190195978,0.272967041,2.431408405
2210,0.128703684,0.100088127,0.015279474,0.013336095,0.184017509,0.262237936,0.251281112,2.357385635
2220,0.115592152,0.094627984,0.011293284,0.009670873,0.166427523,0.188399225,0.159610778,2.420399189
2230,0.111576766,0.092225581,0.009851841,0.009499336,0.148346975,0.159004062,0.142788261,2.523989916
2240,0.107484646,0.089712538,0.009421877,0.00835023,0.161357373,0.165643349,0.139638528,2.445346594
2250,0.104031973,0.086829737,0.009220227,0.007982004,0.145951748,0.155551255,0.132962018,2.430089712
2260,0.103498742,0.085908212,0.00926118,0.008329354,0.147376046,0.170370698,0.143881232,2.442530394
2270,0.252531141,0.178324789,0.029740706,0.044465676,0.538410962,0.483134985,0.581703901,2.520299435
2280,0.667966664,0.380318224,0.196952835,0.090695709,0.922060251,1.270814419,0.820492744,2.448562145
2290,0.90689081,0.765876472,0.086251274,0.054763038,1.201962829,0.781566858,0.630868196,2.447973728
2300,0.526929557,0.407645553,0.063538618,0.055745456,0.96423018,0.599525928,0.495369643,2.563142061
2310,0.240141019,0.146860421,0.066917874,0.026362723,0.413430095,0.670909882,0.384520411,2.438211441
2320,0.152626365,0.11779175,0.017743064,0.017091539,0.222064495,0.248918891,0.23318544,2.394458055
2330,0.122251742,0.099054582,0.01045039,0.012746761,0.202130884,0.144609034,0.177699998,2.36691761
2340,0.103802964,0.085164785,0.009818101,0.008820085,0.150047034,0.152801678,0.133578539,2.762052774
2350,0.101115815,0.083109528,0.009164906,0.00884137,0.174190447,0.151006907,0.169049263,2.443905115
2360,0.097028308,0.080339409,0.008691082,0.007997811,0.146616474,0.157144427,0.128525734,2.832045078
2370,0.093366139,0.078025818,0.008113456,0.007226858,0.150965244,0.150782794,0.12487255,2.440747976
2380,0.092040919,0.076752715,0.008073981,0.007214232,0.154988974,0.151500463,0.134997442,2.896156311
2390,0.11344517,0.090638325,0.011398476,0.011408365,0.269767314,0.228100955,0.245667666,2.409929514
2400,2.408089161,1.50147748,0.391827881,0.514783978,2.090015411,1.922737122,2.169904709,2.453442574
2410,0.353538364,0.267086357,0.057254624,0.029197425,0.675025702,0.528768301,0.270617545,2.400822639
2420,0.508137822,0.426134527,0.053352863,0.028650396,0.840481699,0.493293703,0.343829811,2.473200798
2430,0.288954318,0.218831167,0.043031327,0.027091835,0.618646026,0.478479743,0.327460468,2.421620846
2440,0.171208277,0.117804505,0.036220443,0.017183315,0.343749762,0.448141098,0.244747326,2.459784508
2450,0.101832941,0.080142871,0.012176638,0.009513432,0.15660882,0.162462458,0.173445433,2.431367636
2460,0.103267789,0.081784628,0.010737793,0.010745371,0.226919413,0.217032135,0.230147421,2.419394732
2470,0.089351811,0.074257903,0.007669541,0.007424378,0.149873242,0.142093331,0.117911845,2.537714243
2480,0.086494595,0.071940392,0.007631131,0.006923066,0.151146442,0.151437938,0.123335913,2.480515718
2490,0.084912449,0.070734262,0.007375306,0.006802888,0.149534658,0.138372913,0.11779663,2.432086706
2500,0.083025865,0.069306366,0.007225778,0.006493733,0.148959339,0.142967552,0.115831196,2.418228149
2510,0.111926965,0.088492297,0.011591786,0.011842879,0.281557679,0.254343241,0.248189062,2.464585781
2520,2.975624561,1.909517407,0.48755604,0.578550696,2.254035711,2.120215178,2.235858917,2.431430817
2530,0.163997784,0.102129139,0.023915494,0.037953135,0.149449676,0.31040442,0.468693554,2.440273046
2540,0.205783784,0.169925779,0.013416288,0.022441713,0.625652194,0.234785005,0.338114321,2.526018381
2550,0.195553273,0.134272844,0.029459655,0.031820759,0.503141046,0.500742793,0.442585051,2.442781448
2560,0.142291293,0.098237604,0.025230102,0.018823586,0.336519063,0.425129592,0.300665557,2.386781454
2570,0.114876047,0.09268456,0.010669095,0.011522394,0.283860624,0.220934421,0.241854891,2.616935968
2580,0.086855896,0.0709555,0.008265652,0.007634738,0.164288133,0.126970664,0.12641415,2.538877487
2590,0.085148141,0.068871364,0.008776933,0.007499835,0.15217264,0.161285713,0.121759534,2.424579382
2600,0.080384992,0.066360511,0.007278373,0.006746106,0.166680589,0.159226209,0.13481769,2.582734585
2610,0.076995388,0.064169973,0.006716467,0.006108958,0.146189913,0.123876177,0.108326137,2.474200487
2620,0.075253882,0.062876664,0.006404622,0.005972599,0.146167815,0.129674196,0.107879661,2.404827356
2630,0.076921113,0.064069435,0.006706008,0.006145682,0.16606532,0.141910046,0.122555293,2.470661879
2640,0.458699405,0.329764187,0.069244958,0.059690274,0.888638496,0.767504275,0.706822693,2.436481237
2650,0.580565929,0.393592864,0.133900389,0.053072583,0.683710873,0.781869173,0.436174393,2.590018034
2660,0.188133776,0.082253404,0.094867729,0.011012625,0.232770622,0.751047909,0.164535537,2.38528204
2670,0.177970231,0.099873595,0.048192319,0.029904317,0.191270918,0.532563269,0.327877343,2.49954915
2680,0.133660719,0.082997896,0.021845257,0.028817555,0.161800176,0.33894223,0.351274729,2.565934896
2690,0.110746153,0.080632038,0.0116795,0.018434608,0.1884882,0.21499911,0.255244642,2.514797926
2700,0.092936546,0.073458999,0.00825911,0.011218439,0.201407865,0.160965994,0.184673637,2.504936695
2710,0.076429665,0.062726371,0.007149189,0.00655411,0.154289797,0.155805111,0.106498063,2.427814722
2720,0.073602743,0.060642567,0.006832326,0.006127861,0.154695079,0.154036507,0.105804339,2.587915182
2730,0.070521466,0.058539417,0.006053964,0.005928091,0.140358925,0.120829746,0.103834532,2.460440874
2740,0.06935893,0.057476223,0.006130066,0.005752631,0.140515,0.119924933,0.110580966,2.470331907
2750,0.067460768,0.056288794,0.005827882,0.005344101,0.139061928,0.12722078,0.100197688,2.540226936
2760,0.070315093,0.058618646,0.00642645,0.005269997,0.168040484,0.144545823,0.102499187,2.499620438
2770,0.747882903,0.549512267,0.099128023,0.09924262,1.191597939,0.958099484,0.920561373,2.399912357
2780,1.614781976,1.005162477,0.313562661,0.296056747,1.460042,1.449181557,1.350915313,2.436700583
2790,0.615766466,0.405257285,0.105905086,0.104604073,0.942335248,0.990883231,0.990141749,2.559101343
2800,0.351339996,0.286289483,0.022460328,0.042590167,0.752097249,0.412259459,0.544028938,2.483970642
2810,0.161972672,0.133294076,0.013648694,0.015029896,0.439211309,0.292581677,0.296149075,2.44822073
2820,0.101974949,0.074272037,0.012306412,0.01539649,0.277202517,0.277383119,0.280590773,2.696059227
2830,0.081479654,0.061416741,0.00810769,0.011955214,0.179796815,0.181513131,0.242120564,2.416169643
2840,0.07144966,0.057384487,0.006638297,0.00742687,0.140540987,0.121317953,0.152114719,2.759328365
2850,0.067612447,0.05581449,0.005737061,0.006060887,0.136952564,0.110357672,0.122705013,2.43078661
2860,0.06470228,0.053201612,0.005878054,0.005622609,0.139886618,0.135763481,0.111568488,2.620046616
2870,0.062390812,0.051742073,0.005434141,0.005214595,0.13197279,0.109296471,0.097169444,2.497532368
2880,0.061096404,0.050852597,0.005226383,0.005017425,0.131325394,0.117085949,0.099867031,2.431788921
2890,0.198980451,0.094119973,0.048805792,0.056054689,0.383382589,0.584988177,0.664902866,2.551431656
2900,0.92726028,0.741474986,0.15539293,0.030392356,1.386807442,1.086386561,0.505191207,2.468937635
2910,0.297165066,0.224338844,0.013343403,0.059482813,0.726887345,0.292361617,0.611170471,2.395183325
2920,0.120569624,0.078957744,0.028592056,0.013019835,0.277413756,0.47068876,0.260397017,2.459536552
2930,0.07979206,0.050027583,0.012868792,0.016895685,0.125500202,0.253825784,0.322917104,2.821726799
2940,0.064770453,0.053689562,0.005349083,0.005731806,0.183480397,0.108817324,0.140201584,2.506194592
2950,0.06088838,0.049454369,0.006163518,0.005270484,0.13707906,0.117711984,0.105470166,2.387511015
2960,0.113372087,0.086999118,0.00982988,0.0165431,0.356588483,0.252653688,0.33467859,2.503499031
2970,2.10025692,1.274279356,0.389141202,0.436836153,1.842339993,1.879667759,1.940104961,2.516348124
2980,0.180794865,0.15272139,0.016156651,0.011916815,0.568247616,0.299697936,0.172484949,3.212516546
2990,0.304208249,0.243433818,0.032789208,0.027985245,0.762952566,0.519470632,0.491135716,2.501851797
3000,0.068877026,0.053575542,0.007171697,0.00812979,0.129104942,0.133161902,0.149359599,2.523041725
3010,0.094248429,0.07276246,0.011727982,0.00975799,0.238995329,0.219575822,0.158974677,2.426421881
3020,0.061653271,0.048185397,0.005531949,0.007935928,0.128540471,0.123783067,0.181215435,2.433487892
3030,0.056979235,0.046536446,0.005160403,0.005282381,0.129270375,0.119821548,0.099378601,2.395182371
3040,0.055572465,0.045606934,0.004878353,0.005087184,0.135030225,0.103623435,0.100731328,2.462197781
3050,0.054693323,0.045251258,0.004770546,0.004671523,0.130657598,0.107575104,0.088384584,2.507017612
3060,0.081091128,0.062004905,0.010147658,0.008938574,0.260495722,0.253588825,0.21638009,2.51981163
3070,1.759634972,1.206903338,0.285646349,0.267085165,1.79056263,1.605693102,1.527385235,2.408528805
3080,0.637376785,0.390439391,0.124526195,0.122411214,1.024569988,1.053043604,1.012948513,2.404953718
3090,0.252827525,0.152299047,0.050114457,0.050414033,0.580542326,0.62173754,0.603059173,2.489872456
3100,0.078509197,0.061041169,0.007020365,0.010447667,0.219622612,0.14347735,0.172851324,2.519685984
3110,0.099914476,0.079596817,0.009499742,0.010817904,0.28279233,0.209387138,0.191699535,2.478040934
3120,0.055951297,0.044525389,0.005376912,0.006048996,0.123659827,0.116489656,0.11503382,2.449920177
3130,0.056146413,0.044673588,0.005080597,0.00639222,0.149198934,0.113150187,0.135975778,2.451119423
3140,0.051172111,0.041891638,0.004571558,0.004708909,0.115522504,0.106009707,0.09539777,2.40322423
3150,0.050938632,0.040927071,0.005020224,0.004991336,0.118908495,0.116244696,0.104373507,2.47191596
3160,0.049882658,0.041084666,0.004296583,0.004501407,0.131217584,0.101666898,0.093837582,2.52657485
3170,0.139440835,0.105462708,0.018055983,0.015922152,0.450951755,0.375827253,0.335243344,2.450963497
3180,1.597391725,0.848287821,0.368629068,0.380474746,1.501251936,1.821653724,1.804140568,2.554923296
3190,0.55904907,0.371573657,0.110577092,0.076898292,0.964901924,0.910614491,0.805977225,2.42855072
3200,0.09811224,0.047593415,0.037473563,0.01304527,0.182330877,0.397755444,0.198658973,2.361739635
3210,0.08641272,0.057681635,0.020105368,0.008625731,0.234590545,0.286980867,0.138721779,2.409144878
3220,0.076679394,0.058284529,0.010023355,0.008371519,0.274630547,0.23365128,0.219839245,2.479835033
3230,0.053659372,0.041105188,0.005311224,0.007242961,0.129650638,0.124625169,0.136535496,2.42261529
3240,0.051696565,0.039653294,0.005840141,0.006203127,0.113654897,0.146710187,0.114327744,2.438933134
3250,0.047238328,0.037883885,0.004689941,0.004664497,0.124366343,0.103394806,0.097257972,2.453763723
3260,0.044272423,0.03590047,0.004140029,0.004231924,0.102157384,0.098853536,0.089083754,2.480016708
3270,0.044529043,0.036126174,0.004207922,0.004194943,0.114792287,0.106153697,0.086253822,2.416299343
3280,0.07934849,0.062513098,0.007890737,0.008944651,0.302271485,0.226993382,0.226488054,2.372202873
3290,2.011665106,1.379657865,0.313636959,0.318370312,1.907437563,1.713449121,1.659631252,2.645668745
3300,0.267055809,0.10724628,0.080996327,0.078813165,0.463314265,0.798214674,0.753110886,2.485870361
3310,0.330019832,0.229717329,0.04309319,0.057209287,0.728973627,0.604117155,0.699019551,2.402974606
3320,0.074201152,0.047743913,0.009528382,0.016928859,0.190094262,0.206551343,0.317382872,2.503034115
3330,0.068220399,0.046204973,0.015164946,0.006850478,0.145286649,0.238196909,0.132828951,2.451358557
3340,0.051543467,0.039474174,0.006590052,0.005479236,0.131664008,0.123502836,0.095001705,2.415027618
3350,0.048949763,0.037568122,0.006127499,0.005254143,0.156978667,0.164492846,0.112444423,2.382214546
3360,0.043669172,0.03531402,0.004123481,0.004231668,0.119872361,0.08895722,0.083667889,2.389853954
3370,0.039786179,0.031949975,0.003890014,0.003946193,0.098150745,0.08905299,0.080294244,2.624102354
3380,0.040953942,0.032580275,0.004198392,0.004175276,0.11975272,0.11059393,0.101019517,2.36799407
3390,0.110218517,0.082594976,0.013560824,0.014062716,0.395152718,0.307848692,0.314815462,2.423845053
3400,1.613789439,0.967696309,0.319806814,0.326286495,1.604702711,1.697104216,1.687119246,2.437261581
3410,0.154635906,0.115052685,0.024162615,0.015420604,0.437188804,0.34400326,0.244328737,2.393927813
3420,0.22614257,0.158547089,0.030501174,0.037094288,0.509845614,0.420241535,0.438513756,2.53916049
3430,0.133041829,0.096479788,0.01634459,0.020217458,0.413573802,0.339943826,0.384083271,2.431109905
3440,0.05031132,0.036655642,0.008177416,0.005478265,0.11001201,0.132486761,0.109417319,2.359485865
3450,0.054946907,0.040497489,0.006358169,0.008091252,0.203126028,0.15534769,0.201697633,2.337251902
3460,0.041765671,0.031582415,0.005377747,0.004805517,0.100532688,0.140109211,0.090468742,2.429471493
3470,0.038339738,0.030257434,0.003897207,0.004185099,0.11082612,0.096887976,0.103510715,2.584935427
3480,0.037003916,0.029202284,0.003692966,0.004108669,0.098225191,0.09070126,0.094994903,2.446372986
3490,0.038732368,0.030901467,0.003980523,0.003850373,0.130852848,0.113341972,0.087104209,2.406835318
3500,0.138277858,0.110342152,0.012252844,0.015682863,0.492202878,0.317322791,0.341541409,2.440561771
3510,1.356504798,0.639285326,0.359007746,0.358211726,1.327840447,1.794437408,1.743708134,2.423591375
3520,0.17358008,0.107244402,0.038238525,0.02809713,0.477688998,0.553272486,0.434375882,2.478561163
3530,0.173312217,0.133744106,0.015844742,0.023723347,0.611610293,0.320414692,0.47875914,2.447542906
3540,0.118121073,0.085453585,0.008409941,0.024257546,0.389676422,0.203145415,0.391893685,2.480294943
3550,0.049424365,0.031076366,0.007990631,0.010357363,0.09922272,0.150516823,0.257407844,2.387648106
3560,0.045057144,0.034980815,0.004470635,0.005605693,0.147019774,0.106141917,0.11214152,2.394373894
3570,0.038621314,0.029920543,0.004544834,0.004155943,0.138754785,0.129791439,0.084072664,2.460666418
3580,0.034806997,0.026605934,0.00405485,0.00414621,0.092926614,0.085144691,0.087320119,2.642422438
3590,0.033317555,0.026392952,0.003417288,0.003507317,0.10068085,0.085025027,0.075829238,2.513542175
3600,0.03710226,0.029897623,0.003593474,0.00361116,0.149654657,0.10585551,0.085557818,2.513234854
3610,0.371958375,0.327783734,0.027262006,0.016912593,0.915219665,0.467927098,0.341492534,2.414276361
3620,0.395111024,0.160479888,0.057568111,0.177063048,0.390809059,0.673529863,1.126724243,2.412609577
3630,0.283733577,0.1664377,0.044839885,0.072455965,0.522884965,0.508695245,0.767865717,2.450944662
3640,0.0829283,0.030093983,0.036119852,0.016714465,0.104335159,0.432480752,0.268373787,2.431386709
3650,0.083536252,0.041533489,0.027419675,0.014583092,0.246684328,0.441835821,0.25273481,2.511218786
3660,0.046483953,0.028321031,0.006556409,0.011606508,0.110018805,0.169372618,0.228552058,2.753832579
3670,0.034959156,0.025277603,0.004156472,0.005525076,0.098114327,0.116473399,0.127870992,2.51434207
3680,0.033026904,0.024285514,0.003962401,0.004778989,0.090548486,0.114244342,0.114348918,2.564284801
3690,0.030468976,0.023099769,0.003299858,0.004069348,0.08810851,0.086550519,0.10693799,2.493272066
3700,0.034882087,0.027350709,0.003692267,0.003839115,0.149778724,0.097855076,0.106514573,2.435922623
3710,0.554170609,0.395227343,0.075017795,0.08392553,1.029403448,0.81924963,0.854963183,2.489450455
3720,0.699292839,0.478030175,0.094823375,0.126439273,1.214000344,0.988912821,1.133979082,2.394324303
3730,0.079151131,0.036567271,0.025795249,0.016788607,0.168094367,0.341341317,0.229867205,2.436108351
3740,0.099103108,0.068645231,0.021481112,0.008976767,0.345224321,0.363701999,0.179203019,2.631074429
3750,0.070252672,0.050469827,0.011468199,0.008314642,0.302080095,0.252880275,0.170668364,2.583309412
3760,0.057192747,0.042130295,0.007974984,0.00708747,0.250480056,0.222845376,0.205789268,2.407766342
3770,0.032880336,0.02439208,0.004285128,0.004203127,0.099122941,0.110972092,0.078606836,2.431261539
3780,0.032686703,0.024417803,0.003953039,0.004315863,0.102692731,0.105496392,0.089447655,2.440466881
3790,0.029646117,0.022694465,0.003370339,0.00358131,0.108732164,0.092028365,0.088752538,2.861909151
3800,0.02737825,0.021017477,0.00310575,0.003255023,0.087326348,0.073046267,0.070819832,2.592326403
3810,0.027560338,0.021185715,0.003190898,0.003183724,0.097392432,0.092709132,0.073514909,2.407296896
3820,0.038212389,0.028895758,0.00465148,0.004665149,0.182096496,0.157282144,0.143130496,2.483583927
3830,0.793664396,0.575664759,0.102549389,0.115450248,1.238448858,0.983356476,1.010060668,2.425528288
3840,0.646448791,0.406931639,0.121141732,0.118375465,0.993809819,0.933074713,0.927227736,2.399428129
3850,0.052528325,0.03965015,0.007339822,0.005538361,0.179779172,0.167527854,0.109381199,2.407961845
3860,0.137755454,0.112884223,0.010055305,0.014815915,0.472369492,0.177723467,0.225656211,2.460632563
3870,0.067535318,0.048590485,0.008159545,0.010785285,0.249745548,0.18277888,0.232101053,2.49876976
3880,0.039193153,0.031380899,0.00372513,0.004087124,0.19595921,0.081113659,0.088247426,2.503953457
3890,0.028728263,0.021528486,0.003596232,0.003603543,0.106642522,0.096848026,0.077230722,2.414821625
3900,0.026759153,0.020336909,0.003066465,0.003355781,0.091707237,0.072962351,0.072983593,2.436531305
3910,0.02605067,0.019780813,0.003027625,0.003242231,0.092384264,0.080396019,0.072351381,2.435760736
3920,0.024876099,0.018966235,0.002883779,0.003026085,0.092926033,0.07628879,0.074598789,2.441357851
3930,0.032457545,0.025485156,0.003408686,0.003563707,0.164279103,0.100535065,0.104268283,2.591240644
3940,0.636715412,0.512481213,0.048948638,0.075285599,1.177019358,0.666196525,0.810332894,2.396393061
3950,0.547354758,0.444390059,0.034021106,0.068943575,1.120588422,0.608481407,0.826838732,2.787799358
3960,0.064565063,0.036180101,0.017799783,0.010585171,0.246370018,0.347315341,0.285010278,2.413698435
3970,0.136441424,0.100564204,0.013035925,0.022841295,0.480270922,0.318582296,0.441904247,2.482302666
3980,0.079642572,0.056233507,0.007524118,0.015884953,0.336438775,0.230118781,0.326190293,2.570249796
3990,0.032433975,0.023106771,0.003988255,0.005338946,0.107376635,0.085859954,0.147765189,2.368303061
4000,0.032337651,0.025237139,0.003446495,0.003654013,0.13720654,0.088731632,0.068421453,2.479553461
4010,0.028349439,0.021928176,0.003205269,0.003215992,0.134959549,0.081550583,0.069799528,2.418455124
4020,0.024192214,0.018271582,0.002901668,0.00301896,0.092016838,0.08238586,0.066472538,2.478557825
4030,0.025211647,0.018984778,0.003208679,0.00301819,0.110345095,0.100567222,0.073044673,2.37325573
4040,0.036636379,0.027953487,0.005013407,0.003669484,0.198567525,0.138334736,0.116880178,2.413345337
4050,0.630809426,0.470984489,0.097146161,0.062678754,1.117109776,0.860059023,0.747083545,2.447562218
4060,0.342000782,0.227324441,0.087035179,0.027641194,0.689228237,0.628959537,0.390031457,2.478560686
4070,0.20530206,0.0951294,0.085826464,0.024346223,0.414582819,0.839928746,0.370833278,2.375733614
4080,0.050141454,0.021208629,0.022290397,0.006642431,0.096240945,0.394377828,0.154022381,2.418660641
4090,0.047509152,0.037016861,0.003879965,0.006612326,0.263071656,0.075000256,0.20168519,2.494291782
4100,0.033316366,0.025346983,0.003687914,0.004281466,0.159438491,0.099874303,0.119368657,2.438941479
4110,0.026602229,0.020517122,0.00306127,0.00302384,0.140094414,0.09381263,0.062476344,2.423779964
4120,0.022650873,0.016454406,0.002976551,0.003219917,0.087549075,0.081443638,0.080876872,2.527848244
4130,0.022176117,0.016402988,0.002901472,0.002871654,0.093236893,0.091083333,0.075261936,2.5302248
4140,0.059623953,0.047212921,0.006418606,0.005992428,0.311683595,0.213966936,0.181806326,2.435353041
4150,1.988281608,1.363943338,0.329847932,0.294490337,1.874386072,1.749516964,1.563702345,2.422445774
4160,0.169653192,0.065069474,0.02977898,0.074804723,0.361093611,0.373610854,0.637975276,2.545543671
4170,0.189052016,0.075174011,0.033938907,0.079939105,0.478438675,0.474791497,0.691137791,2.517172813
4180,0.110818379,0.056079175,0.020088151,0.034651052,0.323707551,0.362297058,0.421599686,2.374012709
4190,0.04135799,0.028309207,0.008371726,0.004677057,0.192353427,0.220511615,0.120069474,2.396841288
4200,0.032070007,0.02152624,0.003566382,0.006977382,0.113742277,0.076445192,0.160427809,2.477280855
4210,0.024443801,0.016783487,0.00346703,0.004193283,0.089412168,0.085076295,0.103467882,2.412819386
4220,0.021775519,0.01585366,0.002704823,0.003217036,0.088433072,0.065705806,0.080390364,2.471140385
4230,0.021439303,0.015852919,0.002666431,0.002919954,0.098811522,0.080439396,0.079778768,2.39904809
4240,0.019900139,0.014846717,0.002429277,0.002624144,0.087649234,0.067650504,0.065939456,2.392700672
4250,0.019598143,0.014660222,0.002375802,0.002562119,0.089536905,0.068132348,0.067165576,2.448429108
4260,0.027587775,0.020838939,0.003242549,0.003506286,0.164689958,0.122327417,0.119123094,2.526299
4270,1.743613005,1.26451087,0.214227021,0.264875025,1.824536085,1.411782026,1.530992746,2.410894394
4280,0.33939293,0.149852529,0.109566309,0.079974137,0.584668279,0.95512867,0.774666369,2.39785099
4290,0.161474213,0.138982177,0.010561089,0.011930955,0.656054437,0.290498137,0.30476737,2.567595959
4300,0.064820565,0.032376457,0.017296126,0.015147987,0.14760609,0.306372315,0.270337939,2.437396526
4310,0.063366577,0.042727448,0.010522772,0.01011636,0.189231262,0.190575868,0.161870748,2.405941248
4320,0.039643954,0.029631419,0.004766984,0.005245554,0.156578779,0.079170346,0.079035774,2.346905231
4330,0.026155263,0.019036286,0.003284156,0.003834823,0.103223175,0.07629054,0.077839091,2.443344831
4340,0.023437774,0.017222675,0.002962713,0.003252385,0.111300454,0.088946223,0.076122753,2.35732007
4350,0.020542625,0.015091022,0.002546487,0.002905116,0.093456805,0.068473779,0.067294486,2.424767494
4360,0.019534757,0.014416827,0.002444993,0.002672936,0.086084008,0.066623956,0.064711332,2.380189896
4370,0.018710898,0.013853415,0.002316244,0.002541239,0.085715972,0.066138655,0.064472437,2.4176054
4380,0.018487291,0.013781431,0.002270393,0.002435463,0.088607207,0.060789615,0.062076986,2.420015812
4390,0.018165892,0.01350955,0.002262469,0.002393871,0.087729752,0.060710497,0.062777951,2.367199183
4400,0.018745514,0.014053894,0.002190256,0.002501365,0.096299395,0.062277783,0.069899715,2.616533279
4410,0.068683326,0.054579034,0.006606216,0.007498083,0.340052813,0.20179984,0.218105152,2.398329496
4420,1.349834085,0.8569085,0.231605574,0.261320055,1.505121112,1.457238436,1.508366585,2.395312071
4430,0.069487251,0.02046329,0.040266212,0.008757751,0.101007193,0.462480724,0.209379226,2.551026106
4440,0.138662174,0.088748261,0.019538209,0.030375713,0.373504221,0.345417857,0.421013653,2.524023533
4450,0.069728114,0.033734269,0.018434322,0.017559526,0.212378889,0.276358455,0.331671834,2.484750748
4460,0.035939202,0.016378244,0.011731705,0.00782925,0.104634747,0.226503134,0.183649093,2.679312706
4470,0.022226337,0.014924136,0.004120559,0.003181641,0.097096831,0.11670956,0.069346018,2.802440882
4480,0.020398198,0.01357103,0.002680899,0.004146268,0.088090032,0.063980393,0.141254127,2.39719677
4490,0.018070852,0.013375509,0.002242571,0.002452775,0.087811038,0.063583776,0.058263171,2.549167156
4500,0.017107591,0.012611231,0.002152344,0.002344017,0.084166951,0.060259655,0.05862581,2.427865982
4510,0.016731877,0.012377836,0.002086072,0.002267968,0.084584445,0.06117288,0.059226103,2.397798777
4520,0.016693406,0.012315973,0.00212152,0.002255914,0.085880622,0.064870402,0.058906119,2.453382492
4530,0.0658058,0.049038388,0.012554334,0.004213076,0.321852326,0.28977716,0.145926401,2.395146847
4540,1.380728126,0.725429654,0.179647043,0.475651383,1.303303242,1.213349223,2.01776433,2.398374796
4550,0.611492395,0.366345704,0.03528975,0.209856912,1.044111848,0.582149684,1.253838778,2.506831646
4560,0.198771447,0.070812613,0.093900979,0.034057863,0.3729617,0.840692163,0.353587747,2.440328836
4570,0.056966309,0.025314301,0.008784887,0.022867123,0.115882576,0.170565218,0.339804232,2.393364429
4580,0.034692716,0.022672847,0.006821141,0.00519873,0.116932973,0.152520686,0.108352274,2.474413395
4590,0.030040117,0.017060902,0.00517751,0.007801706,0.094174758,0.155997157,0.160473913,2.536530733
4600,0.022907225,0.014534091,0.002935787,0.005437348,0.093760252,0.090049699,0.147275805,2.423677683
4610,0.019178687,0.013368104,0.002542053,0.00326853,0.088747293,0.076773241,0.093605801,2.408304453
4620,0.017444782,0.012577593,0.002262222,0.002604968,0.081371062,0.06461446,0.06438756,2.405581951
4630,0.016640231,0.012069999,0.002214953,0.002355277,0.083203442,0.068595193,0.059731748,2.477101803
4640,0.016151661,0.011749881,0.002080439,0.002321341,0.082793176,0.064564623,0.064315937,2.471414804
4650,0.015758965,0.011517363,0.002032975,0.002208629,0.082661167,0.06336581,0.061793827,2.483443022
4660,0.015678365,0.011532666,0.001997805,0.002147893,0.086303353,0.060046308,0.05982203,2.409565687
4670,0.019163571,0.013585623,0.002765911,0.002812038,0.118537977,0.113001153,0.102753416,2.437520981
4680,0.27821058,0.170523927,0.06491828,0.042768378,0.677535832,0.773872852,0.612601638,2.445357561
4690,0.042547379,0.024027873,0.011895974,0.006623529,0.138553604,0.089879982,0.102830887,2.676905155
4700,0.287841618,0.21678859,0.037323181,0.033729862,0.668814063,0.474323511,0.431443155,2.523815393
4710,0.095239468,0.064194366,0.020494333,0.010550764,0.361655474,0.385783195,0.239511043,2.476360321
4720,0.023032119,0.014808492,0.004196392,0.004027238,0.091848597,0.085899346,0.076557994,2.393445253
4730,0.032985464,0.025006603,0.003937823,0.004041036,0.206223488,0.144102469,0.133680105,2.498703241
4740,0.017664323,0.012735624,0.00227172,0.002656978,0.083281741,0.058917053,0.056844138,2.445559263
4750,0.015943946,0.011468812,0.002152543,0.002322591,0.080974728,0.067627952,0.058755208,2.451191187
4760,0.016096571,0.01162004,0.002140662,0.002335871,0.088629022,0.071072757,0.065696888,2.380633116
4770,0.014944303,0.01087879,0.00197662,0.002088891,0.081091218,0.060262755,0.054790683,2.451673031
4780,0.017925639,0.012875834,0.002496984,0.00255282,0.109123871,0.088163346,0.08476261,2.504992247
4790,0.126626655,0.092506953,0.01656558,0.01755413,0.47459656,0.367453337,0.370990515,2.512091875
4800,0.673044026,0.348887533,0.168619215,0.155537233,0.897960842,1.198464274,1.12684536,2.388202906
4810,0.064276747,0.033192959,0.016572006,0.014511787,0.25709945,0.345091462,0.317674041,2.464257717
4820,0.091364838,0.06922885,0.011783628,0.010352349,0.368669033,0.240683138,0.235531718,2.55527091
4830,0.040439323,0.021489471,0.011347878,0.007601979,0.149824888,0.241364315,0.166885108,2.421483517
4840,0.029022271,0.023271918,0.002629347,0.003121005,0.203306377,0.089881971,0.092354886,2.580487728
4850,0.019897319,0.014319272,0.003202848,0.002375201,0.115997449,0.102028236,0.056775644,2.40673089
4860,0.018181706,0.0137461,0.002231561,0.002204047,0.121709764,0.062553592,0.054794382,2.42344451
4870,0.01454914,0.01047947,0.001985587,0.002084083,0.079772472,0.064096525,0.05639353,2.435775518
4880,0.018239032,0.014070739,0.001970106,0.002198189,0.13176696,0.074910641,0.073024333,2.419259548
4890,0.171280444,0.146052688,0.011419185,0.013808599,0.616709709,0.323277771,0.341625035,2.440308809
4900,0.411080509,0.103823952,0.169296786,0.137959749,0.57705009,1.199876547,1.072408199,2.561805248
4910,0.086187989,0.061378535,0.019363092,0.005446361,0.327702343,0.265173972,0.120948918,2.525457382
4920,0.090826571,0.036341995,0.030604273,0.023880299,0.275832206,0.473555982,0.45067054,2.384839773
4930,0.02378498,0.012307853,0.004432242,0.007044885,0.092342988,0.146486655,0.188924894,2.396388292
4940,0.025573296,0.014422366,0.006170299,0.004980628,0.113895491,0.141497433,0.134976327,2.460223913
4950,0.01734115,0.012546997,0.002124309,0.002669846,0.110264525,0.067760304,0.087740779,2.359531641
4960,0.015138832,0.009910254,0.002601244,0.002627336,0.074648216,0.089564323,0.076110423,2.388798475
4970,0.01465358,0.010050112,0.002140839,0.002462626,0.082148314,0.073233426,0.06928125,2.463219166
4980,0.037325818,0.027292103,0.004829667,0.005204051,0.238028064,0.183587536,0.177488267,2.470652342
4990,1.2283144,0.873220682,0.178844556,0.176249206,1.514362574,1.278277397,1.21643424,2.459532976
5000,0.38670662,0.210631907,0.094859377,0.081215307,0.765131116,0.930850744,0.832734168,2.370024204
5010,0.101821311,0.040962659,0.024478164,0.036380496,0.320708275,0.450366199,0.396908998,2.440658569
5020,0.048924387,0.019670319,0.003820826,0.02543324,0.143985599,0.129034251,0.304675579,2.515394449
5030,0.032976367,0.018190205,0.002990769,0.011795393,0.141327381,0.067196459,0.216917485,2.433438301
5040,0.021521656,0.015606509,0.002781017,0.003134131,0.144543409,0.102705978,0.092526741,2.439959764
5050,0.016641928,0.012141415,0.002238346,0.002262166,0.104214251,0.072356209,0.057303883,2.376965523
5060,0.014207202,0.009794976,0.00179058,0.002621647,0.081818581,0.052673012,0.080221556,2.365323067
5070,0.016255552,0.01210048,0.001897667,0.002257403,0.113321401,0.067698255,0.078126401,2.618325233
5080,0.063954867,0.049292691,0.006939759,0.007722414,0.332312405,0.222900882,0.229559034,2.395324945
5090,0.952942073,0.641187072,0.148293465,0.163461506,1.299446821,1.163599491,1.187673211,2.530094624
5100,0.251554877,0.119644754,0.073217675,0.058692429,0.525051653,0.764479518,0.670763493,2.58263278
5110,0.02751079,0.013084504,0.009019097,0.005407194,0.087788895,0.22273618,0.143263489,2.429420948
5120,0.049006842,0.032935694,0.008158108,0.007913032,0.269874275,0.259013385,0.239361912,2.587701559
5130,0.021765491,0.017196767,0.002223887,0.002344835,0.146283165,0.061848372,0.056173172,2.411179543
5140,0.016145596,0.011902784,0.001934857,0.002307956,0.111441225,0.059396259,0.061559372,2.436079025
5150,0.016241102,0.012453391,0.001838518,0.001949195,0.11759536,0.060152512,0.050280109,2.453535795
5160,0.013831219,0.009074407,0.002575082,0.002181728,0.078135937,0.09745498,0.075955294,2.431802273
5170,0.03385983,0.015454028,0.014733508,0.003672293,0.159591079,0.263839692,0.143328086,2.448593855
5180,0.819589615,0.635999858,0.097906932,0.085682817,1.288948298,0.839826524,0.87791574,2.51695466
5190,0.407223195,0.328333259,0.044390313,0.034499601,0.927136123,0.576545477,0.519070685,2.400047064
5200,0.070628189,0.014596995,0.023858853,0.032172341,0.127449811,0.297338754,0.431956053,2.375498533
5210,0.061356507,0.024747487,0.017778341,0.018830676,0.197878003,0.271947205,0.351132572,2.574231386
5220,0.019952025,0.010960181,0.004579754,0.004412093,0.075623132,0.153210312,0.127428457,2.416211843
5230,0.017576437,0.009663368,0.00385175,0.00406132,0.073960878,0.143204942,0.140173823,2.517729759
5240,0.014047161,0.008939252,0.001970398,0.003137511,0.067955181,0.062142193,0.094150946,2.871894836
5250,0.013001446,0.008754509,0.001735019,0.002511919,0.07294853,0.05651997,0.079744369,2.554050446
5260,0.011916236,0.008363359,0.001724842,0.001828036,0.071126878,0.058992609,0.058245052,2.400817394
5270,0.014339086,0.009204176,0.00223492,0.002899992,0.085659742,0.086081721,0.107386492,2.423092842
5280,0.253266275,0.148259103,0.050506342,0.054500856,0.620757818,0.662818253,0.674718738,2.405081749
5290,0.076621071,0.032894269,0.018185617,0.025541173,0.300129056,0.432384193,0.469011128,2.399452925
5300,0.160215408,0.136322051,0.007755063,0.016138304,0.629913986,0.264189184,0.336101592,2.413244247
5310,0.096396416,0.082491815,0.005542003,0.008362597,0.44546175,0.183789119,0.21099402,2.8676579
5320,0.055326253,0.048050929,0.003424586,0.003850738,0.366834819,0.140884131,0.145259574,2.489628792
5330,0.02304377,0.017471764,0.002441314,0.003130694,0.16243434,0.061555326,0.073747978,2.437726259
5340,0.017367272,0.011694699,0.0021839,0.003488672,0.09750317,0.061262965,0.081169397,2.423552275
5350,0.013523221,0.00844413,0.002541228,0.002537863,0.065269321,0.099996641,0.090155527,2.385353327
5360,0.012109007,0.008067111,0.001902807,0.002139087,0.067332223,0.071403518,0.073604591,2.491833925
5370,0.011893719,0.008020557,0.001888935,0.001984228,0.068871558,0.070243843,0.066016555,2.402248383
5380,0.011967512,0.008708979,0.001565223,0.00169331,0.08093854,0.051538549,0.051767871,2.490633488
5390,0.020876139,0.014543423,0.002938982,0.003393736,0.144479871,0.11842443,0.125341743,2.430523396
5400,0.372586876,0.260385662,0.055666484,0.056534704,0.828557491,0.701627254,0.681649685,2.446608305
5410,0.07305894,0.052221991,0.008859654,0.011977296,0.383106112,0.284662932,0.266580552,2.569571495
5420,0.163303763,0.101266392,0.031040246,0.030997135,0.534777045,0.540411055,0.535216331,2.485916853
5430,0.021495495,0.013260783,0.00294432,0.005290394,0.11602585,0.093524322,0.11976406,2.457684755
5440,0.027076745,0.016874926,0.005221591,0.004980227,0.144989297,0.145541415,0.141497776,2.723059416
5450,0.019779019,0.014981799,0.002182423,0.002614797,0.149692714,0.08310809,0.089741051,2.466521263
5460,0.014023405,0.010571281,0.001647352,0.001804772,0.103527516,0.051249206,0.047850844,2.512900352
5470,0.011210679,0.007852562,0.00158205,0.001776067,0.072609797,0.057336569,0.05910651,2.577577829
5480,0.010365841,0.007271309,0.00148712,0.001607412,0.064260021,0.050766662,0.047257371,2.618457556
5490,0.010503912,0.007521184,0.001421124,0.001561604,0.068304725,0.047972139,0.049229488,2.420075893
5500,0.042763621,0.037745934,0.00232257,0.002695119,0.28401494,0.102488741,0.110138148,2.499955177
5510,1.605499744,0.957859397,0.302815408,0.34482491,1.578136683,1.67145443,1.73747313,2.570471525
5520,0.224031404,0.169607252,0.016772347,0.037651807,0.641137242,0.326536834,0.436868489,2.441197157
5530,0.121906199,0.033888154,0.044053886,0.04396417,0.241404936,0.603690028,0.550416887,2.38249135
5540,0.073838465,0.03027981,0.018732291,0.024826359,0.223625675,0.346910357,0.375694871,2.525704861
5550,0.025853362,0.016022379,0.002957639,0.006873345,0.149769679,0.079376221,0.135984361,2.36921072
5560,0.016680742,0.009483914,0.003135761,0.004061066,0.069917209,0.093119003,0.085932881,2.566619873
5570,0.01459017,0.009194547,0.00253882,0.002856803,0.078246906,0.08695969,0.076993659,2.504748344
5580,0.011787096,0.00792061,0.001733303,0.002133183,0.074876562,0.063215494,0.076514751,2.580407381
5590,0.010662714,0.00737593,0.001540097,0.001746689,0.066193268,0.052330554,0.057311632,2.351635218
5600,0.009981675,0.006912763,0.001487719,0.001581194,0.061886355,0.051429302,0.04830008,2.485389471
5610,0.009779967,0.006801544,0.001427632,0.001550791,0.062125176,0.051223479,0.051603265,2.455299854
5620,0.009607229,0.006725818,0.001364406,0.001517004,0.062648132,0.045278151,0.047085069,2.456117868
5630,0.009564834,0.006711929,0.001369521,0.001483384,0.061974511,0.048772924,0.044981223,2.424482584
5640,0.011313828,0.008057626,0.001539927,0.001716276,0.081045747,0.057192095,0.061674245,2.384290218
5650,0.458239287,0.336678177,0.083474264,0.038086846,0.945647955,0.742047369,0.54765141,2.481440783
5660,0.850331604,0.616780937,0.125390828,0.108159773,1.267903209,0.80738759,0.845412314,2.489995003
5670,0.140316054,0.110292517,0.006459796,0.023563746,0.456982613,0.154072121,0.259140104,2.351468801
5680,0.074322328,0.030779585,0.030362839,0.013179908,0.250523716,0.41347611,0.23966378,2.379723072
5690,0.045607187,0.018180192,0.015092414,0.01233458,0.141177773,0.232266366,0.243538141,2.585448503
5700,0.017564345,0.00981599,0.00528089,0.002467464,0.064840108,0.139976889,0.052027263,2.526506424
5710,0.016479235,0.010839015,0.002533257,0.003106963,0.114768267,0.113845766,0.115443945,2.462895393
5720,0.011859333,0.007688742,0.002121668,0.002048922,0.072364144,0.062863335,0.062389702,2.791164637
5730,0.010069408,0.006842413,0.001567732,0.001659263,0.061740458,0.055200055,0.054041564,2.328952074
5740,0.009861354,0.006746938,0.001584318,0.001530097,0.067399159,0.064062193,0.052309625,2.503792524
5750,0.009272934,0.006413592,0.001404199,0.001455143,0.059330881,0.048580896,0.046084873,2.465717554
5760,0.009576313,0.006567547,0.001497771,0.001510995,0.061561391,0.052561957,0.048754573,2.539576769
5770,0.01586896,0.010863851,0.002469937,0.002535172,0.117882401,0.103569686,0.101756245,2.467658997
5780,0.282842547,0.188682333,0.048453409,0.045706794,0.702953219,0.661496997,0.622789741,2.710014105
5790,0.021144738,0.014710095,0.00309539,0.003339255,0.173450932,0.113381818,0.095013812,2.363226175
5800,0.160229117,0.100335024,0.02715289,0.032741196,0.532406926,0.513156652,0.554617465,2.509273052
5810,0.015248707,0.010502141,0.002241588,0.002504979,0.093781173,0.056913711,0.055784456,2.412549496
5820,0.031299453,0.023216818,0.003919402,0.004163234,0.195123196,0.126828387,0.12858738,2.534112692
5830,0.018039159,0.012201571,0.002702364,0.003135226,0.132610798,0.11666508,0.125839084,2.501535892
5840,0.013810467,0.009031605,0.002423834,0.002355028,0.097529531,0.10081546,0.08915668,2.474965334
5850,0.010268815,0.006988525,0.001616607,0.001663683,0.071670488,0.065132901,0.061779864,2.575369835
5860,0.012293651,0.008318049,0.001994236,0.001981367,0.092760429,0.088142335,0.081765413,2.586537123
5870,0.036844365,0.025500774,0.005241938,0.006101654,0.228643358,0.190178514,0.202167287,2.510173082
5880,0.652469099,0.421484262,0.111358002,0.119626887,1.059274197,1.008371115,1.017209888,2.454339027
5890,0.292547107,0.178761542,0.05634784,0.057437751,0.661190391,0.69246006,0.685810506,2.382593393
5900,0.068196282,0.055671707,0.006687485,0.005837092,0.382010072,0.232838601,0.204185024,2.451356173
5910,0.018554464,0.011457307,0.003615849,0.003481305,0.126073524,0.15173471,0.136433691,2.505789757
5920,0.022847563,0.017401153,0.002555166,0.002891244,0.16748938,0.098072484,0.097491294,2.33999157
5930,0.015134472,0.011128674,0.001917245,0.002088552,0.127267092,0.089219421,0.087062538,2.353141069
5940,0.008889045,0.006115026,0.001337243,0.001436775,0.056972202,0.045113999,0.041862056,2.485294342
5950,0.012498234,0.008475692,0.001993808,0.002028734,0.10359408,0.095669135,0.090498298,2.473634958
5960,0.054829005,0.039853889,0.007751703,0.007223415,0.31513837,0.256411791,0.239993513,2.612617254
5970,0.844721437,0.545408845,0.149376452,0.14993611,1.203963161,1.172787905,1.144425035,2.379546881
5980,0.250231832,0.150136307,0.048406228,0.05168929,0.650509119,0.678091288,0.674726486,2.599213839
5990,0.016159326,0.010943049,0.00223302,0.002983259,0.091472141,0.069007948,0.096871071,2.473284721
6000,0.038071375,0.024576632,0.007504778,0.005989966,0.19927454,0.210067153,0.168638736,2.378248215
6010,0.021758853,0.017107164,0.002230766,0.002420923,0.179076388,0.102691263,0.098991692,2.569715738
6020,0.014907395,0.011678355,0.001541504,0.001687536,0.12851721,0.055748869,0.054314706,2.380555391
6030,0.008828501,0.006109574,0.001318408,0.001400519,0.060215279,0.046499867,0.044053566,2.506365538
6040,0.01371287,0.010631452,0.001479286,0.001602132,0.122300223,0.064622119,0.063914247,2.447661638
6050,0.096985906,0.076873839,0.010038454,0.010073617,0.433010936,0.287117928,0.278375328,2.579617977
6060,0.581843197,0.309223026,0.132272691,0.140347525,0.863922,1.080048084,1.085886121,2.480111122
6070,0.073200978,0.03093021,0.022401445,0.019869315,0.231844112,0.391033828,0.362096488,2.429743528
6080,0.037926462,0.019047584,0.006817791,0.01206109,0.180341512,0.202114373,0.256785303,2.445825815
6090,0.034475304,0.022463925,0.007600692,0.004410687,0.230348483,0.238402873,0.175318062,2.459664106
6100,0.015975721,0.012249087,0.001825468,0.001901166,0.132084146,0.067320764,0.05993285,2.837027073
6110,0.014029042,0.010969386,0.001439536,0.001620119,0.131266639,0.049312547,0.067893893,2.462558746
6120,0.008557974,0.005686439,0.001413948,0.001457589,0.05534777,0.057014167,0.049520224,2.430550098
6130,0.008249346,0.005524219,0.001249308,0.001475819,0.058250464,0.046711374,0.057117168,2.559544086
6140,0.010465432,0.007981196,0.0012083,0.001275938,0.104535408,0.046498712,0.046621609,2.462291241
6150,0.275904477,0.257513434,0.009457893,0.008933151,0.819503307,0.302481234,0.286384732,2.389653921
6160,0.318471551,0.137960643,0.111771733,0.068739168,0.430722296,0.845539927,0.666848958,2.430963278
6170,0.171475351,0.046799663,0.080260567,0.044415109,0.250371605,0.73202455,0.439338148,2.462412357
6180,0.075797267,0.059050314,0.012655415,0.004091542,0.340868056,0.18587406,0.107255265,2.41205883
6190,0.049435258,0.034607105,0.007225357,0.007602795,0.21051687,0.183874518,0.182716027,2.471863508
6200,0.01537141,0.008588029,0.003395886,0.003387495,0.0704531,0.130437329,0.123161614,2.512749195
6210,0.012914972,0.007057304,0.003063176,0.002794493,0.08659444,0.132935882,0.118783139,2.495331526
6220,0.009718268,0.006854972,0.001405091,0.001458205,0.076161399,0.052758418,0.047296278,2.65361762
6230,0.00824225,0.005234133,0.001517705,0.001490411,0.049917083,0.066919699,0.056081571,2.559886456
6240,0.007875848,0.005152731,0.00121226,0.001510856,0.050256066,0.041925676,0.053300273,2.402006149
6250,0.007986884,0.005532582,0.001177342,0.001276958,0.05708475,0.043979865,0.044003151,2.412721395
6260,0.022095628,0.014876164,0.002766931,0.004452533,0.160761803,0.119605675,0.141578808,2.364313364
6270,0.66013658,0.473088533,0.079788432,0.107259654,1.120548248,0.841971338,0.903952479,2.388479948
6280,0.321406126,0.211570725,0.061482579,0.048352811,0.723207235,0.715349674,0.619663119,2.509437323
6290,0.052715261,0.031088723,0.003149599,0.018476939,0.279980659,0.113489263,0.243058592,2.434086084
6300,0.041901983,0.030071465,0.003662703,0.008167816,0.259690583,0.170511663,0.17176187,2.433670759
6310,0.020067012,0.010687167,0.003507285,0.00587256,0.115376145,0.133619338,0.1768139,2.583795309
6320,0.009890052,0.006828763,0.001324983,0.001736304,0.08241418,0.050093673,0.069546349,2.430589914
6330,0.010067923,0.006960222,0.001804547,0.001303152,0.086803794,0.086561121,0.040268205,2.396140337
6340,0.008089863,0.005216245,0.001395232,0.001478386,0.054522231,0.06275101,0.061757553,2.549716473
6350,0.012340225,0.008911164,0.001764686,0.001664375,0.107043207,0.083943754,0.073885709,2.525583506
6360,0.099086344,0.070836775,0.013264884,0.014984681,0.417199135,0.331895351,0.346225172,2.494799852
6370,0.472512454,0.292540759,0.093189351,0.086782373,0.835366011,0.89698875,0.844639659,2.463921785
6380,0.044012118,0.033636581,0.005767329,0.004608207,0.243699521,0.161344916,0.141045302,2.434534311
6390,0.037171144,0.026885426,0.005631035,0.004654685,0.234572649,0.173355401,0.15634802,2.471187592
6400,0.030703571,0.020598652,0.003926746,0.006178173,0.21949175,0.174658149,0.222903877,2.454546928
6410,0.014440469,0.009295945,0.002946951,0.002197572,0.11112918,0.126049399,0.088572353,2.489415884
6420,0.011633109,0.008158989,0.00176136,0.001712759,0.106154419,0.089957803,0.080547139,2.471727848
6430,0.0079247,0.004738362,0.001994537,0.001191801,0.046495266,0.072851829,0.038983062,2.443829536
6440,0.007992392,0.005285754,0.001277597,0.001429042,0.066140614,0.063333333,0.065912597,2.476743698
6450,0.043307588,0.028521899,0.00901484,0.005770849,0.26607874,0.25449881,0.214180648,2.463402748
6460,1.120924234,0.735996187,0.185010731,0.199917346,1.383391619,1.278846145,1.316555977,2.365448713
6470,0.098412566,0.067736536,0.018415121,0.012260908,0.42444706,0.381560326,0.309079289,2.527649641
6480,0.103953257,0.070705302,0.022395009,0.010852958,0.416052222,0.363236398,0.30789414,2.386082649
6490,0.025206299,0.010691074,0.011855951,0.002659278,0.136876345,0.196940914,0.103847146,2.501891136
6500,0.017356591,0.011482731,0.003157849,0.002716013,0.120886311,0.117020383,0.099896438,2.424222231
6510,0.012403195,0.005482236,0.004759193,0.002161766,0.064392455,0.135879159,0.095196098,2.368991852
6520,0.008418052,0.005571602,0.001535912,0.001310537,0.066096768,0.070922732,0.047937587,2.427565098
6530,0.007543574,0.004991618,0.001401385,0.001150571,0.054517679,0.057324402,0.039257124,2.471597195
6540,0.008687466,0.005373633,0.00180229,0.001511542,0.061405987,0.082086697,0.063082963,2.419032812
6550,0.030727455,0.02165056,0.004887971,0.004188925,0.211005419,0.183622956,0.162289619,2.651761293
6560,0.590612948,0.387008309,0.114573315,0.089031287,1.009209752,1.01529789,0.861806512,2.563143253
6570,0.246070042,0.158104807,0.039400641,0.048564598,0.616342425,0.568551362,0.570455909,2.406329155
6580,0.053339809,0.036154177,0.010048227,0.007137406,0.298573375,0.238149226,0.208495945,2.44646883
6590,0.020205202,0.008177454,0.001895526,0.010132222,0.104601026,0.077648491,0.164359003,2.501162529
6600,0.0117719,0.0071702,0.003062025,0.001539675,0.081349522,0.087949008,0.056008123,2.519531727
6610,0.008325922,0.004642148,0.002008198,0.001675576,0.042770419,0.07320074,0.067826934,2.407768011
6620,0.009134272,0.006717219,0.00117868,0.001238374,0.084835067,0.047702685,0.047909401,2.398335695
6630,0.008666549,0.005259586,0.001718758,0.001688206,0.063789241,0.084367171,0.077741213,2.362109423
6640,0.043578748,0.028469132,0.005515544,0.00959407,0.25084132,0.201792061,0.263557047,2.578085184
6650,0.839466035,0.529234707,0.157356247,0.152875036,1.175516605,1.192457438,1.138086319,2.414136887
6660,0.189491108,0.124612451,0.036647912,0.028230762,0.531720996,0.52826339,0.43038398,2.438652039
6670,0.039915182,0.017454881,0.013322505,0.009137799,0.164984584,0.29704541,0.20600754,2.54557991
6680,0.03410466,0.023697285,0.001735045,0.008672331,0.241438717,0.054273568,0.204442412,2.409365416
6690,0.00891397,0.00531177,0.001389423,0.002212775,0.042599827,0.041962408,0.084331788,2.463836193
6700,0.008029357,0.005389581,0.001206553,0.001433223,0.055149585,0.052743506,0.048600607,2.45882678
6710,0.00722932,0.004351408,0.001205257,0.001672654,0.044199545,0.056575544,0.0754188,2.492361546
6720,0.00809228,0.005139041,0.001420045,0.001533194,0.063588247,0.069695376,0.072960429,2.396500349
6730,0.014841493,0.010983463,0.001649114,0.002208915,0.132603139,0.084246628,0.102711141,2.693549633
6740,0.183062792,0.135129601,0.023384662,0.024548518,0.587056518,0.453474045,0.452259004,2.547334433
6750,0.088497832,0.036877681,0.028494544,0.023125613,0.24292776,0.450557023,0.399083257,2.575688124
6760,0.016261989,0.007886895,0.003864145,0.00451095,0.111237183,0.150295541,0.173861668,2.455160618
6770,0.04597364,0.028826941,0.010227359,0.00691934,0.25006187,0.27111873,0.209570616,2.515274763
6780,0.022956053,0.017435608,0.002466301,0.003054141,0.193999693,0.12579295,0.141791195,2.51072526
6790,0.014027218,0.010883593,0.001156449,0.001987175,0.134955078,0.041806147,0.087360471,2.509801626
6800,0.008703421,0.006144312,0.001238715,0.001320396,0.081498832,0.051331237,0.061444081,2.400200844
6810,0.022510087,0.007852686,0.013242642,0.00141476,0.103707001,0.211870819,0.067762569,2.591129541
6820,0.054529779,0.029675636,0.016051492,0.008802652,0.254448801,0.243568271,0.167653367,2.457875729
6830,0.339937508,0.252948552,0.029858353,0.057130601,0.804553092,0.435501903,0.687932253,2.388478518
6840,0.048277762,0.014405698,0.008332384,0.025539679,0.161061376,0.174126416,0.433137417,2.418347836
6850,0.024728328,0.005139884,0.014718739,0.004869705,0.057492416,0.319169432,0.1601955,2.364285946
6860,0.013509382,0.008493787,0.001993759,0.003021837,0.099287122,0.067939825,0.078807138,2.466468573
6870,0.00917484,0.004312484,0.00273673,0.002125626,0.039252441,0.119497031,0.068361118,2.474973917
6880,0.012931606,0.008082674,0.001912309,0.002936623,0.111121312,0.101246953,0.134591579,2.458785057
6890,0.028489506,0.022193547,0.004460217,0.001835743,0.216202676,0.178705066,0.092260078,2.46747756
6900,0.395433068,0.282280028,0.059391174,0.053761795,0.85599494,0.738506794,0.676218033,2.533321619
6910,0.086770341,0.056876134,0.017275209,0.012618993,0.370039403,0.388547212,0.300005674,2.431054354
6920,0.084568307,0.050057612,0.012996573,0.021514121,0.36281091,0.347120821,0.426240206,2.375145912
6930,0.029372236,0.022066684,0.003320703,0.003984848,0.200312182,0.123805135,0.120696142,2.390533924
6940,0.013652106,0.00969358,0.001247492,0.002711036,0.12574333,0.048042413,0.085638471,2.415741205
6950,0.012129155,0.008824335,0.001172929,0.002131892,0.115355894,0.048426293,0.083944172,2.889177799
6960,0.006651889,0.004476229,0.000978835,0.001196825,0.053184412,0.037048668,0.039959528,2.586154699
6970,0.014251061,0.009059497,0.002510431,0.002681131,0.119753018,0.121631622,0.123543561,2.500143051
6980,0.222767651,0.156954333,0.030929146,0.034884155,0.635270596,0.524802327,0.540173948,2.534587622
6990,0.028518019,0.008113473,0.010662427,0.009742122,0.059247933,0.24988386,0.201783672,2.469843388
7000,0.084804446,0.04998257,0.016173208,0.018648662,0.374754071,0.380694687,0.388817191,2.465591669
7010,0.031570971,0.021255163,0.005136752,0.005179054,0.201136962,0.168030992,0.166533738,2.688079119
7020,0.011165794,0.004788963,0.001702977,0.004673854,0.041071732,0.060274974,0.111265838,2.487849236
7030,0.009297962,0.004541958,0.001274508,0.003481496,0.053996705,0.061882392,0.104284354,2.403177023
7040,0.007284636,0.00419252,0.001046497,0.002045618,0.048222095,0.044575233,0.069522105,2.447423697
7050,0.006868148,0.004555743,0.000981424,0.00133098,0.064358167,0.040570311,0.046767246,2.501856804
7060,0.01401705,0.009986454,0.002006413,0.002024184,0.143075585,0.113215901,0.109568045,2.466002941
7070,0.261264145,0.176446959,0.043002397,0.041814804,0.684940219,0.623269677,0.573387206,2.437603474
7080,0.024144027,0.008588544,0.002681696,0.012873787,0.061079688,0.059407167,0.187375009,2.455708265
7090,0.100246042,0.057006754,0.023548938,0.019690353,0.340143859,0.398933798,0.326036423,2.561984301
7100,0.029686179,0.016743409,0.001834079,0.011108691,0.180889428,0.068944648,0.212160319,2.524059772
7110,0.009109403,0.004595557,0.002430297,0.002083549,0.039630637,0.114315614,0.09116143,2.406470537
7120,0.009085104,0.003957654,0.001496664,0.003630786,0.036245037,0.055956967,0.11658892,2.365779638
7130,0.007340476,0.004989292,0.001035434,0.00131575,0.070560478,0.042329066,0.059683688,2.432154179
7140,0.005887775,0.003805568,0.001010862,0.001071345,0.043226421,0.046372104,0.036869794,2.362781048
7150,0.011105075,0.009129463,0.001041842,0.000933772,0.117299169,0.042048171,0.035762183,2.492950678
7160,0.163291708,0.157499716,0.002773048,0.003018944,0.628545225,0.136193991,0.143851623,2.576467037
7170,0.278022528,0.009117048,0.127903178,0.141002312,0.075928681,1.068908811,1.087137461,2.367954493
7180,0.018490503,0.005742648,0.010020534,0.002727321,0.079173207,0.259587407,0.07882531,2.404325962
7190,0.035753146,0.006049473,0.020187069,0.009516609,0.074029103,0.353240669,0.229361176,2.488152027
7200,0.02489369,0.019660451,0.003605544,0.001627694,0.205581412,0.106360301,0.045336552,2.371885777
7210,0.010929413,0.004312144,0.004233697,0.002383572,0.052929118,0.148761675,0.094913721,2.414460897
7220,0.00698365,0.003523953,0.002099492,0.001360205,0.035177961,0.074414045,0.06539049,2.446568012
7230,0.005732436,0.003407762,0.001411298,0.000913376,0.038050607,0.06129396,0.03305177,2.511182547
7240,0.007332108,0.004087326,0.002078756,0.001166026,0.063682109,0.108027063,0.065879472,2.546541691
7250,0.271066308,0.157179385,0.084595621,0.029291317,0.647055686,0.706481934,0.502376914,2.576257944
7260,0.112756714,0.033835337,0.065253541,0.013667835,0.17232129,0.420938969,0.129474401,2.418599606
7270,0.300195128,0.176901251,0.099950865,0.023343019,0.600688517,0.849771142,0.362523288,2.571397066
7280,0.06602636,0.046441767,0.015156914,0.004427682,0.300201505,0.325018853,0.091548547,2.482458353
7290,0.022047289,0.006829756,0.008094629,0.007122903,0.063072905,0.168759197,0.191862553,2.379826546
7300,0.019880425,0.007533521,0.004160165,0.008186737,0.102506384,0.157417446,0.225097001,2.487415552
7310,0.007395266,0.004549794,0.001206468,0.001639003,0.048718557,0.046557244,0.052945092,2.528967381
7320,0.005518629,0.003505764,0.001008306,0.001004559,0.035691228,0.040227659,0.038759463,2.407720804
7330,0.005541284,0.003401134,0.000962835,0.001177315,0.040417306,0.043291803,0.062515691,2.471937418
7340,0.005483163,0.003504131,0.001011616,0.000967416,0.039172202,0.046118323,0.04119258,2.369366646
7350,0.005230832,0.003412434,0.000890037,0.000928362,0.036622837,0.036693111,0.037886005,2.385902166
7360,0.005411265,0.00362961,0.000894501,0.000887154,0.042201668,0.038025767,0.034714498,2.617465973
7370,0.012634525,0.008339394,0.001907519,0.002387611,0.113610283,0.099893227,0.112325072,2.521575212
7380,0.291231632,0.199802577,0.041910484,0.049518552,0.722973108,0.615988493,0.649232864,2.400902748
7390,0.040379625,0.023630597,0.006136891,0.010612136,0.245896995,0.228592336,0.301479638,2.395881653
7400,0.09437453,0.064901665,0.018474517,0.010998348,0.424387991,0.411971658,0.315897048,2.397793293
7410,0.017477265,0.012802605,0.001843942,0.002830718,0.139159128,0.066470899,0.092014097,2.394272089
7420,0.007193188,0.00484343,0.001138728,0.001211031,0.05615662,0.03809578,0.037600778,2.493516684
7430,0.006085015,0.003891481,0.000998789,0.001194745,0.052038558,0.047019884,0.059681572,2.451835632
7440,0.006088028,0.004168616,0.000929243,0.00099017,0.056700811,0.041505538,0.044031899,2.502904415
7450,0.006083585,0.004128682,0.00095965,0.000995254,0.064266644,0.051504023,0.051425382,2.44230175
7460,0.015258402,0.010216558,0.002519208,0.002522635,0.149601921,0.135494962,0.131547153,2.441115618
7470,0.234688282,0.159444317,0.037404928,0.037839007,0.652704298,0.587931156,0.574981868,2.605103016
7480,0.009806117,0.005817719,0.001778248,0.002210149,0.08478187,0.085041329,0.102257192,2.322069883
7490,0.043725967,0.024221404,0.009565992,0.009938564,0.211773187,0.253819048,0.246223152,2.353843689
7500,0.040600166,0.030170335,0.005282011,0.00514782,0.263581961,0.20529525,0.200233147,2.489613295
7510,0.014182393,0.009935052,0.00238243,0.001864912,0.128537923,0.108772203,0.081809469,2.332244158
7520,0.009848522,0.0062716,0.001856307,0.001720616,0.096779972,0.104018323,0.094697505,2.43421483
7530,0.007389734,0.004667443,0.001403571,0.00131872,0.075231127,0.081754744,0.072118409,2.417755127
7540,0.009939833,0.006662043,0.001607763,0.001670027,0.107793137,0.095022038,0.093104914,2.562050104
7550,0.054838758,0.036419231,0.008516624,0.009902903,0.307981521,0.274656475,0.282057971,2.637607098
7560,0.528594255,0.341031879,0.093180791,0.094381593,0.947806239,0.922796726,0.904242635,2.417553186
7570,0.154834539,0.099720143,0.025783841,0.029330537,0.526593208,0.497493863,0.49862358,2.542384386
7580,0.022779934,0.017319884,0.002482838,0.002977213,0.181035966,0.099503189,0.095998988,2.393218994
7590,0.014455006,0.003866595,0.001436697,0.009151713,0.043891557,0.051845841,0.146699637,2.509078979
7600,0.008216855,0.003363014,0.001253453,0.003600389,0.03085437,0.045504861,0.091829062,2.48532939
7610,0.007016584,0.003946496,0.001656007,0.001414081,0.060361579,0.090940781,0.077260673,2.812140465
7620,0.007436093,0.004350056,0.001325111,0.001760926,0.064043626,0.063514672,0.076539986,2.417517662
7630,0.035192665,0.025105724,0.005125358,0.004961581,0.238042682,0.193361342,0.187624156,2.407702446
7640,0.632824719,0.398637056,0.12711826,0.107069418,1.014478207,1.056236029,0.931634426,2.388834
7650,0.218504727,0.143033251,0.036224626,0.039246872,0.56147027,0.520505786,0.548100054,2.451583862
7660,0.018783865,0.007138827,0.002670848,0.008974189,0.0847179,0.090503991,0.158300415,2.42082262
7670,0.025731232,0.016042314,0.002664808,0.00702411,0.197491527,0.141981989,0.232970655,2.441915751
7680,0.01559391,0.010783869,0.001442909,0.003367132,0.139876842,0.06858436,0.123057276,2.386496067
7690,0.009620509,0.006646941,0.001687639,0.001285927,0.104483128,0.093196049,0.066767633,2.431614637
7700,0.005105268,0.003159374,0.000996851,0.000949042,0.04351867,0.053597309,0.036152612,2.474631071
7710,0.008045117,0.005793045,0.00101928,0.001232793,0.098735824,0.058806628,0.074235275,2.505786657
7720,0.03529986,0.025792653,0.0056657,0.003841505,0.255941272,0.221517622,0.174989149,2.43342948
7730,0.491441846,0.321325183,0.092530519,0.077586107,0.919038296,0.857536256,0.823384523,2.406728506
7740,0.169072703,0.102320313,0.0313517,0.035400696,0.523087025,0.439709783,0.545805216,2.43608284
7750,0.037777774,0.027217565,0.007421892,0.003138315,0.239867717,0.176851124,0.130191833,2.541770458
7760,0.015336026,0.004759048,0.006537965,0.004039014,0.080093905,0.126149625,0.139330104,2.395300627
7770,0.009722594,0.003370711,0.003062731,0.003289151,0.038706586,0.128930554,0.143349618,2.5332129
7780,0.005225453,0.002973636,0.00128359,0.000968227,0.032706067,0.059272174,0.043763205,2.403935194
7790,0.011433006,0.005171437,0.003753911,0.002507658,0.0920178,0.16907616,0.127588451,2.443142891
7800,0.338757426,0.166696578,0.123661734,0.048399124,0.671285868,0.947778344,0.646921992,2.453473568
7810,0.073981568,0.022512047,0.030727139,0.020742383,0.195588768,0.517556667,0.393049657,2.493408203
7820,0.132907063,0.093430661,0.01276626,0.026710132,0.438031495,0.299354434,0.434448123,2.451264381
7830,0.010331794,0.005156572,0.002330614,0.002844608,0.068260454,0.099297881,0.079275846,2.419012547
7840,0.01791246,0.010023704,0.006043673,0.001845082,0.137111649,0.217746168,0.091968283,2.517083168
7850,0.01189319,0.007956005,0.001723426,0.00221376,0.111894339,0.088539578,0.097560056,2.353289604
7860,0.007199149,0.004622991,0.001176219,0.001399939,0.07141003,0.065629333,0.073809542,2.473716736
7870,0.004521877,0.002743775,0.000783125,0.000994977,0.030194908,0.036633376,0.03732061,2.505989313
7880,0.005238169,0.00367028,0.000733789,0.000834099,0.064457774,0.035068043,0.037456214,2.498407125
7890,0.009921992,0.00827244,0.000745906,0.000903648,0.1306725,0.042448815,0.037506443,2.345423222
7900,0.096409991,0.093102239,0.001441503,0.001866246,0.489485383,0.10408704,0.06140469,2.730195522
7910,0.313912898,0.072257951,0.111860886,0.129794061,0.463090956,0.973828316,1.01089716,2.362130642
7920,0.092216149,0.006556315,0.046580423,0.03907942,0.137086362,0.627439141,0.526734054,2.565773726
7930,0.035259783,0.020833505,0.005607393,0.008818882,0.205634952,0.203649729,0.290620863,2.544638157
7940,0.010373101,0.004082896,0.001002972,0.005287233,0.048032664,0.036529794,0.192925513,2.481899977
7950,0.008511682,0.003395954,0.003859117,0.001256611,0.030279588,0.139328808,0.07499779,2.499480247
7960,0.006615831,0.003186542,0.002550838,0.000878451,0.047804773,0.123592854,0.036556162,2.39116168
7970,0.020249154,0.016847,0.002051726,0.001350429,0.198245227,0.118138999,0.084934175,2.685792685
7980,0.605170786,0.443088174,0.079826079,0.082256511,1.069175243,0.851276159,0.852841198,2.490461588
7990,0.278379679,0.175780818,0.053288221,0.049310666,0.675909638,0.687939405,0.66070962,2.414530993
8000,0.014540516,0.01028254,0.002034911,0.002223064,0.11113894,0.056137916,0.062351223,2.518261909
8010,0.041182868,0.028756592,0.006108396,0.006317883,0.225257546,0.186991632,0.183847696,2.633235693
8020,0.010759742,0.006906448,0.002173658,0.001679635,0.103841841,0.112525567,0.081417777,2.349385977
8030,0.005303801,0.003149956,0.001023319,0.001130525,0.03304828,0.046703801,0.051201314,2.676337004
8040,0.005812753,0.003759068,0.001065155,0.000988529,0.057671189,0.058729466,0.050716292,2.412268639
8050,0.006942865,0.003447769,0.000809171,0.002685925,0.05891867,0.047298688,0.087161116,2.391556978
8060,0.031040519,0.003433165,0.004545041,0.023062313,0.063563429,0.137556821,0.247296423,2.475263596
8070,0.050326247,0.005255673,0.040631242,0.004439333,0.097379126,0.393997222,0.136435539,2.444233894
8080,0.122420728,0.092936337,0.012896886,0.016587505,0.493881941,0.308232248,0.378225744,2.356408834
8090,0.151645288,0.089294471,0.032754902,0.029595893,0.493431032,0.50225693,0.500077069,2.425385237
8100,0.044698458,0.039214995,0.002279346,0.00320412,0.317081869,0.121820427,0.159712076,2.544106245
8110,0.009436246,0.004121275,0.003060452,0.00225452,0.054815628,0.120573841,0.09615013,2.695966005
8120,0.007729782,0.004040947,0.00158787,0.002100965,0.067533664,0.088132545,0.101588309,2.552082062
8130,0.011018152,0.007823925,0.001326146,0.001868083,0.118694291,0.074208125,0.089659259,2.445232868
8140,0.004533798,0.002654222,0.000980453,0.000899123,0.039034683,0.060968842,0.047839656,2.395429611
8150,0.003954145,0.002572227,0.000684391,0.000697526,0.037735548,0.030658517,0.032231666,2.404447556
8160,0.007830928,0.004977379,0.001367631,0.001485918,0.094522662,0.090417765,0.091502786,2.511293888
8170,0.443212032,0.301064432,0.070423648,0.071724012,0.888916731,0.806582451,0.790500581,2.52296257
8180,0.407908112,0.238414243,0.082361251,0.08713261,0.77833569,0.835904717,0.825446665,2.529317617
8190,0.025917774,0.012801998,0.006935609,0.006180164,0.069189362,0.176353425,0.13243109,2.412351847
8200,0.029538753,0.022807686,0.002772402,0.003958667,0.156254202,0.067510158,0.077840574,2.439449787
8210,0.029891578,0.024114067,0.00302127,0.00275624,0.2025484,0.097448274,0.094811626,2.381147146
8220,0.013745248,0.010100722,0.001668921,0.001975606,0.119716018,0.063787639,0.064850613,2.382611513
8230,0.006799286,0.003943462,0.00114362,0.001712205,0.059280984,0.061438575,0.091773674,2.426659584
8240,0.004226794,0.002591759,0.000836122,0.000798912,0.029439799,0.043716073,0.034783185,2.346819162
8250,0.003971541,0.002486898,0.000725386,0.000759257,0.030253733,0.037717182,0.032940287,2.466882467
8260,0.003804061,0.002441737,0.000671677,0.000690646,0.032127801,0.03025271,0.03206851,2.494145393
8270,0.003836047,0.002418921,0.000663635,0.00075349,0.028116137,0.029263467,0.032779504,2.927206278
8280,0.003800433,0.002442957,0.000681398,0.000676078,0.037488148,0.03818319,0.033975177,2.47962141
8290,0.004433991,0.002721627,0.000731334,0.000981031,0.048958935,0.043042488,0.049127117,2.482275724
8300,0.036017921,0.013672143,0.005440206,0.016905572,0.183928072,0.175111502,0.247283563,2.396559477
8310,0.412733555,0.294365376,0.078743309,0.039624907,0.877934217,0.744674504,0.609477758,2.408537388
8320,0.119254813,0.078446001,0.01055375,0.030255057,0.463289022,0.27515772,0.483913481,2.43657589
8330,0.041533459,0.0190573,0.01727009,0.005206063,0.20179753,0.350098729,0.175594851,2.418790579
8340,0.019458421,0.007528401,0.007225296,0.004704725,0.126469463,0.222950295,0.174502149,2.461299896
8350,0.010724671,0.005758431,0.00192383,0.003042409,0.096699044,0.08408995,0.138837412,2.458805084
8360,0.004240235,0.002417881,0.001013103,0.000809251,0.028300466,0.044404514,0.03348317,2.433877945
8370,0.006801104,0.004086692,0.001282338,0.001432074,0.06910494,0.077890269,0.081643052,2.421307802
8380,0.051105179,0.032493051,0.00919223,0.009419896,0.27836889,0.275613695,0.270782948,2.736106157
8390,0.475052476,0.290853292,0.096792497,0.087406717,0.852037072,0.926376581,0.853916407,2.605023384
8400,0.122961156,0.083273597,0.017187819,0.02249974,0.42103374,0.357249141,0.401423812,2.811053753
8410,0.008151875,0.004293345,0.002324837,0.001533694,0.042818367,0.073396206,0.057464249,2.430489063
8420,0.014446093,0.010131149,0.002174414,0.00214053,0.149534747,0.125790581,0.123223215,2.451998234
8430,0.009869711,0.007639391,0.001083075,0.001147245,0.115259975,0.054324798,0.060896147,2.516643524
8440,0.004227477,0.002775358,0.000754878,0.000697241,0.041688856,0.035093211,0.028908748,2.550630331
8450,0.0068116,0.00402778,0.001411811,0.00137201,0.069737412,0.085336894,0.080675758,2.402820826
8460,0.012499322,0.008694025,0.001972674,0.001832624,0.125920191,0.106366105,0.100535467,2.466764212
8470,0.137337744,0.093404174,0.022304149,0.021629423,0.486785829,0.439107358,0.423970163,2.465678453
8480,0.081278205,0.04478493,0.018526182,0.017967086,0.294070452,0.373688519,0.359180897,2.390467405
8490,0.009417317,0.00684542,0.001248021,0.001323877,0.086022437,0.03959721,0.039546285,2.696361065
8500,0.01233828,0.006087027,0.003324083,0.00292717,0.088827491,0.137870789,0.119283274,2.725445509
8510,0.008651695,0.004665423,0.001947559,0.002038714,0.08007817,0.110634878,0.109019294,2.447215796
8520,0.004038038,0.002387372,0.000820163,0.000830503,0.027891912,0.041809123,0.038271878,2.42865777
8530,0.008680718,0.006832077,0.000828754,0.001019887,0.116711237,0.05652716,0.066473849,2.533294201
8540,0.016662436,0.012117638,0.002228155,0.002316644,0.168425813,0.125975013,0.126236349,2.921494722
8550,0.191904351,0.130982131,0.030027106,0.030895131,0.58634907,0.516723871,0.492039859,2.454512835
8560,0.045677774,0.006864992,0.026002485,0.012810297,0.111859225,0.324769467,0.277259976,2.524003267
8570,0.031328853,0.003613727,0.018315963,0.00939916,0.030945361,0.219649106,0.132784128,2.754989386
8580,0.019553185,0.005556298,0.006197186,0.007799699,0.087264195,0.122474775,0.14097397,2.486059904
8590,0.007838864,0.002450726,0.003366672,0.002021465,0.024437735,0.112051696,0.099962533,2.384120226
8600,0.006641522,0.002991535,0.001937597,0.00171239,0.046774365,0.071270503,0.093826264,2.470833063
8610,0.016814545,0.003595266,0.010730917,0.002488362,0.076600313,0.290246129,0.125853539,2.425333023
8620,0.120255508,0.038210154,0.025237298,0.056808054,0.323843598,0.463141114,0.663825274,2.366117239
8630,0.116776191,0.088788979,0.024318228,0.003668983,0.45744288,0.43039161,0.172546178,2.387481451
8640,0.075245388,0.039007556,0.011882935,0.024354899,0.2259866,0.306383938,0.427276731,2.376294136
8650,0.021205347,0.004949346,0.004331106,0.011924897,0.037334785,0.187230557,0.301347107,2.357213974
8660,0.009667384,0.004633191,0.004145428,0.000888765,0.044564068,0.161547855,0.03328472,2.562328577
8670,0.005232752,0.00352665,0.000914704,0.000791398,0.053073823,0.044893309,0.029630642,2.386658907
8680,0.006619643,0.003249475,0.002491173,0.000878995,0.055184413,0.120669127,0.051945396,2.567145109
8690,0.014548694,0.007137976,0.003576384,0.003834334,0.114841819,0.161105812,0.159252226,2.580043793
8700,0.217126265,0.10378319,0.056493256,0.056849796,0.522979975,0.699875474,0.684036851,2.482205153
8710,0.010445053,0.004701373,0.002456166,0.003287516,0.083431333,0.129134268,0.127938569,2.530689955
8720,0.030157465,0.020571349,0.004635933,0.004950185,0.218623698,0.198752299,0.193213671,2.428458452
8730,0.027298098,0.016624058,0.004961742,0.005712298,0.175474793,0.180070311,0.191397145,2.507771969
8740,0.013194356,0.007971193,0.002898804,0.002324359,0.122592404,0.137803003,0.118984997,2.440001965
8750,0.006040585,0.003603497,0.001038119,0.001398969,0.064504117,0.057082403,0.077193312,2.430586576
8760,0.006005338,0.003769881,0.001209644,0.001025812,0.076386377,0.081827469,0.066668838,2.447835684
8770,0.006221813,0.004105407,0.001061101,0.001055304,0.082553461,0.075299472,0.072698124,2.491462946
8780,0.052741837,0.033266548,0.009652128,0.00982316,0.295618773,0.290802181,0.287703604,2.49966836
8790,0.480288446,0.299267471,0.090839632,0.090181336,0.881555021,0.90260458,0.882418633,2.419523001
8800,0.086992949,0.061915092,0.012237189,0.01284067,0.406473756,0.336559415,0.344063073,2.546313047
8810,0.010126268,0.006184751,0.00225369,0.001687828,0.082592763,0.113646224,0.083940588,2.556243896
8820,0.02134553,0.014734094,0.002678851,0.003932585,0.165049762,0.118333504,0.147735074,2.432718754
8830,0.011800538,0.007800263,0.002021407,0.001978868,0.124754921,0.115897477,0.109107211,2.456140995
8840,0.006015216,0.003697289,0.001443689,0.000874239,0.072256848,0.073521599,0.054220617,2.749267101
8850,0.015975466,0.003471295,0.008116121,0.00438805,0.07033053,0.132905364,0.102107063,2.479363918
8860,0.046086751,0.008347353,0.017247986,0.020491416,0.137157619,0.213714704,0.227208495,2.474315405
8870,0.068851799,0.044687264,0.011191539,0.012972997,0.343948841,0.318106622,0.326694846,2.549464464
8880,0.186956286,0.125937521,0.030580766,0.030438,0.574173868,0.513743699,0.498050809,2.4651227
8890,0.057318829,0.037289992,0.007659569,0.012369268,0.313853025,0.266473114,0.32671392,2.507280111
8900,0.017151861,0.010145301,0.004018439,0.00298812,0.141293794,0.149530068,0.121053316,2.429859638
8910,0.004411428,0.002658,0.000650316,0.001103112,0.043479718,0.02543487,0.060335867,2.578475237
8920,0.010422419,0.007003816,0.001597622,0.001820982,0.116057068,0.09588255,0.10548763,2.461338043
8930,0.050268844,0.032862134,0.008180115,0.009226592,0.279983997,0.262032598,0.271671623,2.511138916
8940,0.333353341,0.21155265,0.065348096,0.056452587,0.725896657,0.759786665,0.68765223,2.428138733
8950,0.11158666,0.07167697,0.019378025,0.020531662,0.397376567,0.389017045,0.389246762,2.703722
8960,0.042953998,0.030192278,0.004975115,0.007786606,0.260576516,0.203676686,0.248158365,2.422829151
8970,0.021491656,0.016036075,0.002216438,0.003239143,0.175369129,0.110958874,0.136899367,2.430016756
8980,0.00921594,0.006605127,0.00124295,0.001367863,0.108894497,0.082813308,0.085990086,2.669550657
8990,0.007476967,0.004912588,0.001333472,0.001230907,0.086440325,0.083801955,0.076974481,2.377198458
9000,0.008913399,0.006035521,0.00141847,0.001459407,0.101403326,0.090217479,0.088280559,2.509329319
9010,0.114808135,0.072496556,0.023290012,0.019021558,0.427125871,0.448700815,0.396648228,2.472621441
9020,0.125779569,0.080847897,0.018639,0.026292671,0.38839823,0.369977951,0.434863657,2.553761482
9030,0.013169257,0.00714547,0.003344321,0.002679465,0.073459446,0.147444308,0.139704257,2.41760087
9040,0.037301753,0.027212819,0.005344582,0.004744349,0.218729407,0.183190137,0.166540489,2.403039932
9050,0.015368659,0.011251815,0.001961393,0.002155453,0.156436056,0.11320883,0.121744692,2.40179944
9060,0.008936952,0.006747141,0.001150288,0.001039524,0.108079448,0.068068206,0.061375663,2.45696187
9070,0.004455498,0.002805995,0.000921952,0.000727551,0.041508146,0.057101503,0.036266878,2.503895044
9080,0.005910309,0.004402772,0.000676016,0.000831522,0.075917721,0.038017545,0.052456047,2.414015055
9090,0.014978543,0.01037406,0.002668779,0.001935703,0.144117028,0.134040222,0.102432117,2.496880054
9100,0.216368943,0.122854345,0.056044515,0.037470076,0.561205924,0.605287075,0.507196248,2.387906551
9110,0.040056262,0.002694352,0.019665711,0.017696204,0.02802613,0.233580187,0.175120234,2.351411343
9120,0.032826826,0.004386945,0.012099511,0.016340367,0.070631176,0.159257799,0.172228068,2.900873184
9130,0.013785593,0.005211431,0.005185325,0.003388837,0.070846543,0.200816542,0.148963213,2.523005724
9140,0.011216821,0.002856511,0.004158333,0.004201977,0.043093923,0.163778126,0.143863216,2.440816164
9150,0.008775369,0.006523864,0.001010308,0.001241197,0.11054714,0.069332816,0.066276103,2.560278893
9160,0.064342022,0.024456251,0.026418576,0.01346719,0.255200505,0.470712066,0.3265903,2.434684038
9170,0.266239852,0.194465816,0.022075934,0.049698107,0.696500659,0.484995306,0.655156016,2.544835567
9180,0.090705588,0.08208786,0.003450755,0.005166971,0.462772548,0.189310402,0.22275421,2.44284606
9190,0.024062067,0.017802943,0.004720361,0.001538767,0.184504569,0.182591826,0.07656274,2.383198977
9200,0.010536966,0.004821668,0.002341579,0.003373718,0.086684138,0.133520573,0.155924305,2.763323307
9210,0.00996542,0.004822505,0.00195026,0.003192656,0.090174675,0.11497952,0.146024734,2.473726034
9220,0.003343139,0.001836145,0.000666028,0.000840966,0.024269011,0.040672131,0.049455747,2.469243526
9230,0.007307005,0.005381764,0.001057782,0.000867458,0.094617926,0.069528654,0.056638803,2.451697111
9240,0.08149448,0.054121871,0.01492398,0.01244863,0.366468728,0.359099925,0.319734812,2.360319853
9250,0.233949929,0.143580809,0.048508678,0.041860413,0.576300085,0.635726452,0.565231621,2.400654554
9260,0.02804568,0.025121545,0.001644217,0.001279918,0.199949205,0.067993753,0.039370831,2.400770664
9270,0.013564341,0.006779359,0.003816415,0.002968566,0.100360557,0.148286074,0.124402724,2.41246438
9280,0.014182946,0.011475006,0.001198949,0.001508991,0.150025219,0.079498366,0.099002898,2.583094597
9290,0.007097045,0.005449033,0.000706845,0.000941167,0.091059074,0.036371119,0.057489567,2.612951279
9300,0.00332517,0.00203824,0.000693429,0.000593501,0.03795471,0.047726862,0.033860456,2.517404318
9310,0.004462549,0.002949399,0.000887336,0.000625814,0.054583244,0.050602049,0.03463852,2.488376379
9320,0.017192233,0.011251192,0.003096356,0.002844684,0.153465375,0.137540728,0.137220502,2.451332808
9330,0.235861555,0.160893872,0.034977734,0.039989937,0.64065522,0.55711472,0.579281032,2.54547596
9340,0.058864284,0.009584526,0.042280067,0.006999694,0.131327882,0.303469747,0.167272061,2.398591995
9350,0.031934433,0.013951493,0.0120716,0.00591134,0.172504514,0.23833324,0.215038002,2.525905848
9360,0.024503572,0.014557194,0.005859208,0.004087171,0.136848062,0.127075419,0.153880864,2.583422184
9370,0.007068352,0.00373817,0.001619266,0.001710916,0.071550928,0.090184547,0.097514085,2.419967651
9380,0.005281327,0.003565821,0.001131507,0.000583999,0.056241795,0.04969072,0.026329882,2.335170507
9390,0.003436571,0.002372573,0.000534254,0.000529744,0.049844578,0.03020253,0.028929964,2.54073596
9400,0.015019195,0.01363705,0.000856,0.000526146,0.18356517,0.057793111,0.029477276,2.717046499
9410,0.178637594,0.164237052,0.010613726,0.003786817,0.64455229,0.313751936,0.180980802,2.530267715
9420,0.04529183,0.037377689,0.005081762,0.002832388,0.274504483,0.205809921,0.081662342,2.405369759
9430,0.029554067,0.024242487,0.004045175,0.001266407,0.196776479,0.135095954,0.070763201,2.930031061
9440,0.011998588,0.003036436,0.003015142,0.005947009,0.041678686,0.140525579,0.173068941,2.55793047
9450,0.005553934,0.002293675,0.002110547,0.001149713,0.035983108,0.116067395,0.043026559,2.459662199
9460,0.007678046,0.005129102,0.001534904,0.001014039,0.096260756,0.092810266,0.051377121,2.442295074
9470,0.054341972,0.037496936,0.007165103,0.009679931,0.303404778,0.235731602,0.26407814,2.3937006
9480,0.321128398,0.208395809,0.058896504,0.053836077,0.721147537,0.710380375,0.655180216,2.402604103
9490,0.10394533,0.074567147,0.013204645,0.01617353,0.383708924,0.306362987,0.323989511,2.553471565
9500,0.036290422,0.013776278,0.004625265,0.017888889,0.171864077,0.192414492,0.258086503,2.464629412
9510,0.012063588,0.007451303,0.003095069,0.001517216,0.110183805,0.137759626,0.069943838,2.568574429
9520,0.009352215,0.006830963,0.001156646,0.001364604,0.112640232,0.080819711,0.087435484,2.419896603
9530,0.003785392,0.002142315,0.000875654,0.000767423,0.029977206,0.057043143,0.031907663,2.330572367
9540,0.002933813,0.00176706,0.000530492,0.000636261,0.029720059,0.03510182,0.042541601,2.372364759
9550,0.00689988,0.00456956,0.001266536,0.001063784,0.096397415,0.093188643,0.079370208,2.350052595
9560,0.203640625,0.135873452,0.037555043,0.030212151,0.594946742,0.587679625,0.51332444,2.424754143
9570,0.015977679,0.006477126,0.00418864,0.005311914,0.057865694,0.088271864,0.117189988,2.436570644
9580,0.109524973,0.071403839,0.023008013,0.015113135,0.381050676,0.384429753,0.319858164,2.310204268
9590,0.12257921,0.081873499,0.022324469,0.018381227,0.476998717,0.447040617,0.399237871,2.59103179
9600,0.051056966,0.018822171,0.011998222,0.020236578,0.188903734,0.25178051,0.358538538,2.596003056
9610,0.008438321,0.003458961,0.003241538,0.001737822,0.070258997,0.085765183,0.073426895,2.405140877
9620,0.010272129,0.00210727,0.00529376,0.002871098,0.027374595,0.105595559,0.103185907,2.481136322
9630,0.007029626,0.003496884,0.001241436,0.002291305,0.076019332,0.059432752,0.120293483,2.427069902
9640,0.003890525,0.001757453,0.001482704,0.000650368,0.02339654,0.050998621,0.037046298,2.423769474
9650,0.003146446,0.001678679,0.000943852,0.000523915,0.021380903,0.040716749,0.028445315,2.626288414
9660,0.003417901,0.002206051,0.000588098,0.000623752,0.039415441,0.037072808,0.037528615,2.52609992
9670,0.01103052,0.006208352,0.003006069,0.0018161,0.10690181,0.122329459,0.104435734,2.50412035
9680,0.110183477,0.066076286,0.027132956,0.016974231,0.407175601,0.411380082,0.372980058,2.950802326
9690,0.033653874,0.02150574,0.005485325,0.006662807,0.21779108,0.205374271,0.222100124,2.496591568
9700,0.037475586,0.023564404,0.007367339,0.006543843,0.235475987,0.245712787,0.222621232,2.410859823
9710,0.01620592,0.009655216,0.003720937,0.002829766,0.148945093,0.176853523,0.146857634,2.542732477
9720,0.005687247,0.003717767,0.000857253,0.001112227,0.071780302,0.056585792,0.071548909,2.381532669
9730,0.003347012,0.00205272,0.000533912,0.000760379,0.041625898,0.032074202,0.050723277,2.480301619
9740,0.018107811,0.011496039,0.003599143,0.003012629,0.167151451,0.169337079,0.153811306,2.457251072
9750,0.44675082,0.289646059,0.081659906,0.075444892,0.860191703,0.855498672,0.806181073,2.478574514
9760,0.182655349,0.112956427,0.034359038,0.035339877,0.550832033,0.566978276,0.559280872,2.484387398
9770,0.022344613,0.017811593,0.001613315,0.002919706,0.184213638,0.070848249,0.120246097,2.416291475
9780,0.016839255,0.011076571,0.003459818,0.002302865,0.124814644,0.136627123,0.096854493,2.441750765
9790,0.012563075,0.008860725,0.001132861,0.002569489,0.137632906,0.081013352,0.134501353,2.440752268
9800,0.007228652,0.005095525,0.000682685,0.001450441,0.097634092,0.049737189,0.084599376,2.510632515
9810,0.005149918,0.001814967,0.000548085,0.002786865,0.028219234,0.026116613,0.067330822,2.386327982
9820,0.038025919,0.003398025,0.012194755,0.022433136,0.06507811,0.203050166,0.202606857,2.591988087
9830,0.014987643,0.004151855,0.003292081,0.007543708,0.073428243,0.103975169,0.124766871,2.492466927
9840,0.015724266,0.005956519,0.007535338,0.002232407,0.106608294,0.233684361,0.106618643,2.445205212
9850,0.19417499,0.141794682,0.021588655,0.03079165,0.602674723,0.396479398,0.507593036,2.357735872
9860,0.017226126,0.011738221,0.003392885,0.002095021,0.146478131,0.147200614,0.08542186,2.385407686
9870,0.009861068,0.007127171,0.001817105,0.000916791,0.082974739,0.05360622,0.052399956,2.512715578
9880,0.005701126,0.002374612,0.002385621,0.000940893,0.027922383,0.112134114,0.044745825,2.444157362
9890,0.004265149,0.00268202,0.001020639,0.00056249,0.045486651,0.037956219,0.025322534,2.409398556
9900,0.009172712,0.006321639,0.001273491,0.001577581,0.110505179,0.087272584,0.097901225,2.57428813
9910,0.013385504,0.007648599,0.003440085,0.00229682,0.124773495,0.159596428,0.124233402,2.382521868
9920,0.089465573,0.059249897,0.0141966,0.016019074,0.382461399,0.349956632,0.361203134,2.455429792
9930,0.108590901,0.065977074,0.021426097,0.021187725,0.391184807,0.420201957,0.409282029,2.784822702
9940,0.046430066,0.033800535,0.005692405,0.006937127,0.265844882,0.197735474,0.217712358,2.523136377
9950,0.019872611,0.015062439,0.002134801,0.002675369,0.184745118,0.120003849,0.143203691,2.470634937
9960,0.012398471,0.009083631,0.001543043,0.001771798,0.137312278,0.093811445,0.104752332,2.380781412
9970,0.00340913,0.001805096,0.00078862,0.000815413,0.032556526,0.058924004,0.050175413,2.557494164
9980,0.002721602,0.001611412,0.000517617,0.000592573,0.022667356,0.031358775,0.032312185,2.63111639
9990,0.010536106,0.007105148,0.001525335,0.001905624,0.116746977,0.097067893,0.106224462,2.450074911
10000,0.409188092,0.263375878,0.071402743,0.074409463,0.823174596,0.797366381,0.792850375,2.328250647
10010,0.264214814,0.151506066,0.052721761,0.059987012,0.585176587,0.649021268,0.65494746,2.422566891
10020,0.015630938,0.009927877,0.003144567,0.002558494,0.063599885,0.108880803,0.074228324,2.4332726
10030,0.030391494,0.024796907,0.002572228,0.003022358,0.258938909,0.143004596,0.156519741,2.403852463
10040,0.005809132,0.002736012,0.002207735,0.000865385,0.044652451,0.118964672,0.034491003,2.408277273
10050,0.002911614,0.001822918,0.000530299,0.000558397,0.031913754,0.02848915,0.029926576,2.530255318
10060,0.002811118,0.001513214,0.000718629,0.000579274,0.021972194,0.05238203,0.028135728,2.419461489
10070,0.004285956,0.00181116,0.000578387,0.001896409,0.0296828,0.034620255,0.052970599,2.393417597
10080,0.016235827,0.001850098,0.001338457,0.01304727,0.044783741,0.084863812,0.149291486,2.526415348
10090,0.018660147,0.01092197,0.005811137,0.001927041,0.163941428,0.16834721,0.12150535,2.394293547
10100,0.055213843,0.022249449,0.030514494,0.002449893,0.234881967,0.237959743,0.133530095,2.477963209
10110,0.033482134,0.012472622,0.017790191,0.003219323,0.175295532,0.262915343,0.156665191,2.441628218
10120,0.051649526,0.039868072,0.005533651,0.006247805,0.315148473,0.21849066,0.226464435,2.479177475
10130,0.05222166,0.032103859,0.009758185,0.01035961,0.284569383,0.286551028,0.283585191,2.486591339
10140,0.003973076,0.002680312,0.000747729,0.000545036,0.054553859,0.037756268,0.028391015,2.456427336
10150,0.008131494,0.005402644,0.001274744,0.001454106,0.100564197,0.089462847,0.094931498,2.406817436
10160,0.071553305,0.048846006,0.011129488,0.011577813,0.347346067,0.306225836,0.307782769,2.562397003
10170,0.219883114,0.128510579,0.047161788,0.044210743,0.543789387,0.633479595,0.592125714,2.40547967
10180,0.051756009,0.037251092,0.007161589,0.007343328,0.27325961,0.221664935,0.21293959,2.438699722
10190,0.006650604,0.004638695,0.00127131,0.000740599,0.08229021,0.056975216,0.034921546,2.41603446
10200,0.004593951,0.002599775,0.00135844,0.000635735,0.049422469,0.081370234,0.033896342,2.454844475
10210,0.007549541,0.006209617,0.000680213,0.000659711,0.112315297,0.033339091,0.050725985,2.460474491
10220,0.003013443,0.002029613,0.00053657,0.000447259,0.047487356,0.02854719,0.023863461,2.514472008
10230,0.009191463,0.006678664,0.001066827,0.00144597,0.123985291,0.08608906,0.09768492,2.443898439
10240,0.129820079,0.088548422,0.018220343,0.02305132,0.479750425,0.408208072,0.426659942,2.387359619
10250,0.036910299,0.0171865,0.009328294,0.010395503,0.189043254,0.278669059,0.254737467,2.43270731
10260,0.009392465,0.002883457,0.001106178,0.005402831,0.034249507,0.052696254,0.100880012,2.709349394
10270,0.019378467,0.006611315,0.002664925,0.010102226,0.126134887,0.147606641,0.144952178,2.418687344
10280,0.003384583,0.001777405,0.000533485,0.001073692,0.028354894,0.027175343,0.06912116,2.433481693
10290,0.006307042,0.002729594,0.000881737,0.002695711,0.06361527,0.06777747,0.121272936,2.435593605
10300,0.015303128,0.005289572,0.004802948,0.005210608,0.110815428,0.201170474,0.190681666,2.556679726
10310,0.175249606,0.09874437,0.032439567,0.044065677,0.507593215,0.544385195,0.577967703,2.761122942
10320,0.023210738,0.00456917,0.017511504,0.001130064,0.024438407,0.243644208,0.081348486,2.528274298
10330,0.011267176,0.003490304,0.007060646,0.000716225,0.059580434,0.183684677,0.028665274,2.513742685
10340,0.008134803,0.004226547,0.002853144,0.001055112,0.087981999,0.065018751,0.079037234,2.457853079
10350,0.008129789,0.003307979,0.004310396,0.000511413,0.03078118,0.104368821,0.026422663,2.628492117
10360,0.004497807,0.001789016,0.002172927,0.000535865,0.022794018,0.072051942,0.033963852,2.416082621
10370,0.010787313,0.00639579,0.001981411,0.002410114,0.121635631,0.124907553,0.135638773,2.566491604
10380,0.177274078,0.105678514,0.040206753,0.031388808,0.528001308,0.553235829,0.518289864,2.371042013
10390,0.009812002,0.002001182,0.006641948,0.00116887,0.02137812,0.140041798,0.032053195,2.488504887
10400,0.027581386,0.003932137,0.013430906,0.010218345,0.034829155,0.305640966,0.261031628,2.378429651
10410,0.012270691,0.002367166,0.005487517,0.004416006,0.028534178,0.193586543,0.176329851,2.640925169
10420,0.004894488,0.002297577,0.001740873,0.000856039,0.039222986,0.049953505,0.037851535,2.380215645
10430,0.002988768,0.00175462,0.000558183,0.000675965,0.024509236,0.030316574,0.043347046,2.377905369
10440,0.004306704,0.003020925,0.000601179,0.000684601,0.071582809,0.044799518,0.053241901,2.37429595
10450,0.070255831,0.063866675,0.002110113,0.004279043,0.403901696,0.138178855,0.195296854,2.403507233
10460,0.146407351,0.065589555,0.046641797,0.034176003,0.386811972,0.613065422,0.515009224,2.561682224
10470,0.026924361,0.007485739,0.009497472,0.009941149,0.095874593,0.267627656,0.27831617,2.458930969
10480,0.008523077,0.002084377,0.005275456,0.001163244,0.028509501,0.202936098,0.082993478,2.524274111
10490,0.00500422,0.002914469,0.000816629,0.001273122,0.059633374,0.032705024,0.07623256,2.463543653
10500,0.0035988,0.001696814,0.0011909,0.000711086,0.024267092,0.082761087,0.041092806,2.578454733
10510,0.004485074,0.002913998,0.000678421,0.000892656,0.054700062,0.050187085,0.061020829,2.497724295
10520,0.008084312,0.004205727,0.002116866,0.00176172,0.080904484,0.106909022,0.101634257,2.430761576
10530,0.050078534,0.028918101,0.009998014,0.011162421,0.264757007,0.256737679,0.296894908,2.367834568
10540,0.162702218,0.099993467,0.032654159,0.030054599,0.496077806,0.519162178,0.482123673,2.393532515
10550,0.057082854,0.036909916,0.011166799,0.009006138,0.280231297,0.235259622,0.243941963,2.461330891
10560,0.024100054,0.012389868,0.006342903,0.005367285,0.16713661,0.154325753,0.149057657,2.608360767
10570,0.010877163,0.002605514,0.001927243,0.006344407,0.060473889,0.052481197,0.122162014,2.88628459
10580,0.013525191,0.007446823,0.004587698,0.00149067,0.124868996,0.174130917,0.099441491,2.408827543
10590,0.052675087,0.032599065,0.012266039,0.007809979,0.288507968,0.300890654,0.255468369,2.383124352
10600,0.162673771,0.098593682,0.029435128,0.034644961,0.492531419,0.509046912,0.523082733,2.353426695
10610,0.035634756,0.020233504,0.006330819,0.009070433,0.226562023,0.238642454,0.2385616,2.442438126
10620,0.011115007,0.005256588,0.000986423,0.004871995,0.094210818,0.047322843,0.082182705,2.861917257
10630,0.016062627,0.005107536,0.003496034,0.007459057,0.073866412,0.164697558,0.166562125,2.434519291
10640,0.017269522,0.012005576,0.003161864,0.00210208,0.165687263,0.127009362,0.121654272,2.578424692
10650,0.072681502,0.041403558,0.014792158,0.016485788,0.32830292,0.32739836,0.343197703,2.375700235
10660,0.130879641,0.093585841,0.022898933,0.014394864,0.473270953,0.453225791,0.3540667,2.392815351
10670,0.045804176,0.033333942,0.007332355,0.005137878,0.296221793,0.244419187,0.213241637,2.501606464
10680,0.014406486,0.007939877,0.003481085,0.002985523,0.124815337,0.105937645,0.138271734,2.398999453
10690,0.005163237,0.002583252,0.001901085,0.0006789,0.059365436,0.072507739,0.029984115,2.492164612
10700,0.003938579,0.00224433,0.001133875,0.000560374,0.05196758,0.047435608,0.042534288,2.452125788
10710,0.019372018,0.012172475,0.004526586,0.002672956,0.160346344,0.174253628,0.137538791,2.42515707
10720,0.370499074,0.224903375,0.065920696,0.079675026,0.752529621,0.760505736,0.811955512,2.404168606
10730,0.141979679,0.089273892,0.024094285,0.0286115,0.433330089,0.412474692,0.444168329,2.422169447
10740,0.034663707,0.027702779,0.00572189,0.001239041,0.223661304,0.199317738,0.068702824,2.541154385
10750,0.013079912,0.006073035,0.005406723,0.001600156,0.078542411,0.091442786,0.051797628,2.372986078
10760,0.00803231,0.00209555,0.004385763,0.001550996,0.029767644,0.094495706,0.083704859,2.420147181
10770,0.007583654,0.002545841,0.002856178,0.002181636,0.06467244,0.114971124,0.120753683,2.436387539
10780,0.013419135,0.00575087,0.001234665,0.006433598,0.11229381,0.082705759,0.100262664,2.432901382
10790,0.02296032,0.011958264,0.005971921,0.005030136,0.174270689,0.223415792,0.195961386,2.431502342
10800,0.06148516,0.044385307,0.007707266,0.009392579,0.337124974,0.246434137,0.281653106,2.55837369
10810,0.020204874,0.010255663,0.005848542,0.004100668,0.13128975,0.210579842,0.154574543,2.501594782
10820,0.006616568,0.002226186,0.002290058,0.002100324,0.053668559,0.128798112,0.083265528,2.683307648
10830,0.015123498,0.010772334,0.001664921,0.002686242,0.148467124,0.103816375,0.128867254,2.490631819
10840,0.074035645,0.049124256,0.012958396,0.011952993,0.348170638,0.332639396,0.313488036,2.618035078
10850,0.114135839,0.077542447,0.014129894,0.0224635,0.418335468,0.332293332,0.421317905,2.37180829
10860,0.054899596,0.039024465,0.005512074,0.010363067,0.294644028,0.197236598,0.26325202,2.505070686
10870,0.024892148,0.019838542,0.002316581,0.002737028,0.222630829,0.140509307,0.148630768,2.458068848
10880,0.00519762,0.002111889,0.000603862,0.002481868,0.032557722,0.040018246,0.067675516,2.367150068
10890,0.045110311,0.030958621,0.009332678,0.004819016,0.272697449,0.281128526,0.188635081,2.340117216
10900,0.21784471,0.137586668,0.015832422,0.064425617,0.574019074,0.404339284,0.712119102,2.387420893
10910,0.097153209,0.080782935,0.002053733,0.014316551,0.451001406,0.146178603,0.346838623,2.377855301
10920,0.273849308,0.190324724,0.070376381,0.013148193,0.67408824,0.748365641,0.301307589,2.380935907
10930,0.087702982,0.041889735,0.017358102,0.028455153,0.285932779,0.357638597,0.453195751,2.380411863
10940,0.2214614,0.122896776,0.017928978,0.080635644,0.49081713,0.341653526,0.798803687,2.514013767
10950,0.846429706,0.408916652,0.311993629,0.125519514,1.071820617,1.64218235,1.035520673,2.470830917
10960,3.037561655,2.810245037,0.078412808,0.148903415,2.559676409,0.300381631,1.045554042,2.6047225
10970,0.73728478,0.25084734,0.28223905,0.20419842,0.360372066,1.077070713,0.775553346,2.485783815
10980,0.507264555,0.216139436,0.210934818,0.080190323,0.949599981,0.937151551,0.312994123,2.437345982
10990,0.220415115,0.107975751,0.061719485,0.050719909,0.329045177,0.700760782,0.298666418,2.503754854
11000,0.110235147,0.0544977,0.029919988,0.025817472,0.259548008,0.407207012,0.242498666,2.3901546
11010,0.056625254,0.030529294,0.013728951,0.012367007,0.145000517,0.211665422,0.136021703,2.406992435
11020,0.024458615,0.014232637,0.005050304,0.005175673,0.108633965,0.175703257,0.17035836,2.553806543
11030,0.011799362,0.006747891,0.002607279,0.002444192,0.081036858,0.099801242,0.087990396,2.502128124
11040,0.008012069,0.004798074,0.001684927,0.001529068,0.064618781,0.086580113,0.067783326,2.440633297
11050,0.006081956,0.003637809,0.001212504,0.001231643,0.054659124,0.063271038,0.065539993,2.42462635
11060,0.005008246,0.003066035,0.000894749,0.001047462,0.047682039,0.049587432,0.058722354,2.410803318
11070,0.004308749,0.002671898,0.000743531,0.00089332,0.042976096,0.042438217,0.051941376,2.370239258
11080,0.003837195,0.002392995,0.000649646,0.000794554,0.037452668,0.035781413,0.046696194,2.388761759
11090,0.003502013,0.002186943,0.000592511,0.000722559,0.034012422,0.030264417,0.042385116,2.378528595
11100,0.003247499,0.002027871,0.000551102,0.000668526,0.030939542,0.02753941,0.038976599,2.560281038
11110,0.003052943,0.00190398,0.000522672,0.000626292,0.028705062,0.025436947,0.035973854,2.448403358
11120,0.002898787,0.001806346,0.000500567,0.000591874,0.027069014,0.02411533,0.033527859,2.4133811
11130,0.002774277,0.001727312,0.000482703,0.000564262,0.025714632,0.023290606,0.031408597,2.430347204
11140,0.002670828,0.001661893,0.000467092,0.000541843,0.024747897,0.022799578,0.029763699,2.613934278
11150,0.002583083,0.001606209,0.000453994,0.00052288,0.02376616,0.022038635,0.028315168,2.463460684
11160,0.002513255,0.001561658,0.000444232,0.000507365,0.022989141,0.021737812,0.027173765,2.379965544
11170,0.002449997,0.00152104,0.000434869,0.000494088,0.022365857,0.021481883,0.026032593,2.402204514
11180,0.002395246,0.001485853,0.000426043,0.00048335,0.021761185,0.021074753,0.025173813,2.399052858
11190,0.002346768,0.001454947,0.000418661,0.00047316,0.020877678,0.020645142,0.024421498,2.452666759
11200,0.002306774,0.001429629,0.000412572,0.000464574,0.020636579,0.020685488,0.0237372,2.429603577
11210,0.002267993,0.001404525,0.000406554,0.000456914,0.020050859,0.020510206,0.023176834,2.443209171
11220,0.002234448,0.00138249,0.00040143,0.000450529,0.020205364,0.020730875,0.02259698,2.420269489
11230,0.002201331,0.001361362,0.000395957,0.000444012,0.01944009,0.020283874,0.02210135,2.450685263
11240,0.002175057,0.001344548,0.000392013,0.000438496,0.019623866,0.020699464,0.021687105,2.407793999
11250,0.002148463,0.001327074,0.000388158,0.00043323,0.019210622,0.020627877,0.021391565,2.420559168
11260,0.002123212,0.001310939,0.000383765,0.000428508,0.018781874,0.020235403,0.020981153,2.698322535
11270,0.002103219,0.001298386,0.000380588,0.000424245,0.019367382,0.021147175,0.020662436,2.472464085
11280,0.002081795,0.001284705,0.000376938,0.000420153,0.018239595,0.020137612,0.020543491,2.46064353
11290,0.002060246,0.001270796,0.0003732,0.00041625,0.018852849,0.020708023,0.020215111,2.346132755
11300,0.00204753,0.001262243,0.000372114,0.000413173,0.017288681,0.019561438,0.020224329,2.437269926
11310,0.002025333,0.001247783,0.000368095,0.000409455,0.017664066,0.019935068,0.019829389,2.42610383
11320,0.002008494,0.001237542,0.000364864,0.000406088,0.017503647,0.019906089,0.019579966,2.528922081
11330,0.001994024,0.001228416,0.000362399,0.000403209,0.016847663,0.019673835,0.019613523,2.434435844
11340,0.001983389,0.001222071,0.000360459,0.000400859,0.016601028,0.019541847,0.019610042,2.467640638
11350,0.002021348,0.001248561,0.000367835,0.000404952,0.01695687,0.019527547,0.021464823,2.488442659
11360,0.003613047,0.002322149,0.000671938,0.000618959,0.054912396,0.053648222,0.050283186,2.502839088
11370,0.073780604,0.049576841,0.014051834,0.010151922,0.369915336,0.357528746,0.303233057,2.543501139
11380,0.030885942,0.020968089,0.005630535,0.00428732,0.242528737,0.228333741,0.18827036,2.418804169
11390,0.00324995,0.002056065,0.000572434,0.000621451,0.044171929,0.043637734,0.036894761,2.360472679
11400,0.002856057,0.001812144,0.000504799,0.000539114,0.045153916,0.039081626,0.033007357,2.450087786
11410,0.002543119,0.001596563,0.000458625,0.000487931,0.037678506,0.037572436,0.029831827,2.408207417
11420,0.002143638,0.001327057,0.00038898,0.000427601,0.02884981,0.029794317,0.025698118,2.494830608
11430,0.001941966,0.001195889,0.000354227,0.00039185,0.021404648,0.023937825,0.020367391,2.424016953
11440,0.0018768,0.001155391,0.000342244,0.000379165,0.016938865,0.020148361,0.018735334,2.473716259
11450,0.001868472,0.001151531,0.0003406,0.000376341,0.015618715,0.018671164,0.018705245,2.3722229
11460,0.001861577,0.001147167,0.000339618,0.000374792,0.015317565,0.018488554,0.018704714,2.375204563
11470,0.001844928,0.001137201,0.000335441,0.000372287,0.015575629,0.018750109,0.018425927,2.442080736
11480,0.001832247,0.001128617,0.000333573,0.000370058,0.016030177,0.019191507,0.018236466,2.435095787
11490,0.001822527,0.001123221,0.000331554,0.000367752,0.016615268,0.019630231,0.018212954,2.497792482
11500,0.00181463,0.001118387,0.000330441,0.000365802,0.016859362,0.020024955,0.018184908,2.479723692
11510,0.001803906,0.001111592,0.000328327,0.000363987,0.015882665,0.019229915,0.017979108,2.713636637
11520,0.001794738,0.001106633,0.000325995,0.000362109,0.015987303,0.018996894,0.017931076,2.464341164
11530,0.001786267,0.001101202,0.000325023,0.000360042,0.016549299,0.019705664,0.017985925,2.456547976
11540,0.001777453,0.001096139,0.000322952,0.000358363,0.015829295,0.019086091,0.0178646,2.400043964
11550,0.001769305,0.001091122,0.000321575,0.000356608,0.016526951,0.019445512,0.017861605,2.544685364
11560,0.001760476,0.001085819,0.000319582,0.000355075,0.015852755,0.019429212,0.017786348,2.687649965
11570,0.001753757,0.001082152,0.000318542,0.000353063,0.016394723,0.019632522,0.017811434,2.60568738
11580,0.001743906,0.001076566,0.00031618,0.00035116,0.015663344,0.019127486,0.017663024,2.559098244
11590,0.001736877,0.001071877,0.000315307,0.000349693,0.015731916,0.018876392,0.017642736,2.572902203
11600,0.001730738,0.001068387,0.000313931,0.00034842,0.016424825,0.01958143,0.017742585,2.58346796
11610,0.001721953,0.001063472,0.000311921,0.00034656,0.016137216,0.019539637,0.017654721,2.347117662
11620,0.001714183,0.001058004,0.000310974,0.000345205,0.015822619,0.019202793,0.017666982,2.395287752
11630,0.001706768,0.001053709,0.00030956,0.000343498,0.015605595,0.018885825,0.017518623,2.655203342
11640,0.001701404,0.001050759,0.000308228,0.000342417,0.014983956,0.018290626,0.017414328,2.448431969
11650,0.001821854,0.001134795,0.000329521,0.000357537,0.018854547,0.020820083,0.021485947,2.638326645
11660,0.019758124,0.013524211,0.003419315,0.002814599,0.184369504,0.169207811,0.152811974,2.439443588
11670,0.379821122,0.256401867,0.067417249,0.056002013,0.816907465,0.775160313,0.70666182,2.41121769
11680,0.090091087,0.060438026,0.015962198,0.01369086,0.42913872,0.405505806,0.379572213,2.377979755
11690,0.006648745,0.00269668,0.002201405,0.001750661,0.030932207,0.04205472,0.034944996,2.531209707
11700,0.015403924,0.009642352,0.003054915,0.002706656,0.139801994,0.122570351,0.109882057,2.814720869
11710,0.00806377,0.005083462,0.001581601,0.001398706,0.097871684,0.094004713,0.087410025,2.397088289
11720,0.003788841,0.002338741,0.000760138,0.000689963,0.055602282,0.052966967,0.051063996,2.481856346
11730,0.002439469,0.001519332,0.000467824,0.000452313,0.043131329,0.041877802,0.039290357,2.596244574
11740,0.001935546,0.001182419,0.000376958,0.000376169,0.028596014,0.02979734,0.027159503,2.545656204
11750,0.001747724,0.001064922,0.000333677,0.000349126,0.018696921,0.021920646,0.020765644,2.395528078
11760,0.001687431,0.001036433,0.000308389,0.000342609,0.015372245,0.01826603,0.018105416,2.514044285
11770,0.001669796,0.001031188,0.000299684,0.000338925,0.014435556,0.017450515,0.017538717,2.461481571
11780,0.001655435,0.001024587,0.00029909,0.000331758,0.014622315,0.017598612,0.017136076,2.467263937
11790,0.00164417,0.001018595,0.00029643,0.000329145,0.015094179,0.01797615,0.017095741,2.488012552
11800,0.001636081,0.001013802,0.000294759,0.00032752,0.015201405,0.01825865,0.017046547,2.43909812
11810,0.001628142,0.001009075,0.00029313,0.000325937,0.014996682,0.017807346,0.016901296,2.503508806
11820,0.001621175,0.001005478,0.000291309,0.000324388,0.015202936,0.017783081,0.016878743,2.526729345
11830,0.001614316,0.001000742,0.000290961,0.000322613,0.015185168,0.017825816,0.016884618,2.538463354
11840,0.001607315,0.000996416,0.000289326,0.000321573,0.014965186,0.018097522,0.016784986,2.398021936
11850,0.001600253,0.000992835,0.000287488,0.00031993,0.015090016,0.017892515,0.016863199,2.790982723
11860,0.001594529,0.000988975,0.00028681,0.000318745,0.015420098,0.018239437,0.016974397,2.609484673
11870,0.001587007,0.000984846,0.000284819,0.000317342,0.014952094,0.01785855,0.016787918,2.363336802
11880,0.001581449,0.000981188,0.000284571,0.000315691,0.014768947,0.017631494,0.016693398,2.416552305
11890,0.001575484,0.000977742,0.00028279,0.000314951,0.015256894,0.018098164,0.016870584,2.446780205
11900,0.001569676,0.000973777,0.000281682,0.000314217,0.015160156,0.018224537,0.016858332,2.837397575
11910,0.001564897,0.000970104,0.000281881,0.000312912,0.015111003,0.018348275,0.016726248,2.461598396
11920,0.001640871,0.000980808,0.000340673,0.00031939,0.017898818,0.021010963,0.018491713,2.4014256
11930,0.005561924,0.001735875,0.003237267,0.000588782,0.050946064,0.070225224,0.046607025,2.491285801
11940,0.127204537,0.065170482,0.038400777,0.023633271,0.415437222,0.403548598,0.378361583,2.621863127
11950,0.026415262,0.009315562,0.00717409,0.009925609,0.155221716,0.160773933,0.150135219,2.595482111
11960,0.066304512,0.045235872,0.010395571,0.010673068,0.299409598,0.283783555,0.260948807,2.43241477
11970,0.009083482,0.002132346,0.003814759,0.003136378,0.045655824,0.076938033,0.064167589,2.457413912
11980,0.010495167,0.004926903,0.003801154,0.001767108,0.103691593,0.117108002,0.106589019,2.519121408
11990,0.00621489,0.003752457,0.001434549,0.001027884,0.083581448,0.082566902,0.074148312,2.647382259
12000,0.003424713,0.001986782,0.000795979,0.000641953,0.050045375,0.048600476,0.051122449,2.507755041
12010,0.001990739,0.001246583,0.000364845,0.00037931,0.033411156,0.034529559,0.031335946,2.397636414
12020,0.001627286,0.000983652,0.000313819,0.000329815,0.019039169,0.021874292,0.020117631,2.387139559
12030,0.001680218,0.001036262,0.000310564,0.000333392,0.017628456,0.019656798,0.020286378,2.408127308
12040,0.001644662,0.001017121,0.000301503,0.000326037,0.016966887,0.019359387,0.019783545,2.525036335
12050,0.001748798,0.001084937,0.000320616,0.000343245,0.021268468,0.022415938,0.023342464,2.444966793
12060,0.004382205,0.002832869,0.000779815,0.000769521,0.069088377,0.067009218,0.066004366,2.420226097
12070,0.098713309,0.06553679,0.01713594,0.016040577,0.410417557,0.392561734,0.378274381,2.408159494
12080,0.025605625,0.01713614,0.004493904,0.003975582,0.172684237,0.164956748,0.162327498,2.510588884
12090,0.048177458,0.031929314,0.008303258,0.007944893,0.29880771,0.286219776,0.276757628,2.478372574
12100,0.014727753,0.009179707,0.00304794,0.002500105,0.127992988,0.121530801,0.116947815,2.371935368
12110,0.003012757,0.001728086,0.000748154,0.000536516,0.034955546,0.040211029,0.032215983,2.462651968
12120,0.003087269,0.001943823,0.000557214,0.000586232,0.053385943,0.054779887,0.052414168,2.491092443
12130,0.001647863,0.000985434,0.000304935,0.000357495,0.019315701,0.022860944,0.021006931,2.476499081
12140,0.002156081,0.001357445,0.000388128,0.000410508,0.03820169,0.038172986,0.036447391,2.407575369
12150,0.001780202,0.0009962,0.00029812,0.000485882,0.015681027,0.018203717,0.020653302,2.421097755
12160,0.002528179,0.001038566,0.000307981,0.001181631,0.019008147,0.021536749,0.031038232,2.550790071
12170,0.006878058,0.000939352,0.000306783,0.005631925,0.013692547,0.018920043,0.058398582,2.483252764
12180,0.003165246,0.001777512,0.000720475,0.000667259,0.051869091,0.052044291,0.049014077,2.43051672
12190,0.055807192,0.037213769,0.009551374,0.009042046,0.308225781,0.295787126,0.282299757,2.414613724
12200,0.215402231,0.141237721,0.037941143,0.036223367,0.595716059,0.575342,0.546369016,2.510989428
12210,0.012451285,0.007705051,0.002588459,0.002157775,0.093011022,0.094546176,0.082825087,2.44030571
12220,0.031589828,0.020827461,0.005549209,0.00521316,0.223818794,0.225223407,0.210212439,2.414542913
12230,0.002529391,0.001308941,0.000731832,0.000488619,0.024034705,0.030222744,0.029461458,2.383576393
12240,0.003995635,0.002353888,0.000691461,0.000950286,0.058651261,0.057666268,0.055385165,2.385272264
12250,0.002401796,0.001254533,0.0004976,0.000649662,0.028600095,0.031415176,0.031760629,2.454693794
12260,0.001924638,0.000942659,0.000536323,0.000445656,0.013814239,0.022311281,0.019169563,2.419594765
12270,0.007294541,0.001374361,0.005316865,0.000603314,0.040560879,0.07770323,0.040220466,2.532050133
12280,0.011258045,0.002704293,0.007718963,0.000834789,0.072771192,0.110228524,0.069226518,2.563882589
12290,0.006956777,0.004114174,0.001165618,0.001676985,0.094501145,0.091794625,0.092452243,2.446711779
12300,0.03241507,0.014121346,0.004186687,0.014107037,0.187006712,0.188301414,0.201747179,2.46661973
12310,0.114569858,0.073432721,0.021173097,0.019964034,0.428967357,0.41625756,0.400067687,2.408504248
12320,0.003422209,0.001170677,0.000582932,0.0016686,0.025417961,0.031542309,0.039721258,2.432464361
12330,0.010554045,0.006458145,0.001748001,0.0023479,0.118737817,0.116596229,0.11585518,2.441010237
12340,0.010736639,0.006823448,0.001848724,0.002064468,0.118207544,0.115215778,0.111301571,2.679597616
12350,0.008718777,0.005659775,0.001496478,0.001562522,0.112246305,0.108407691,0.103884667,2.44093132
12360,0.0191331,0.012569171,0.003335461,0.003228468,0.173859879,0.169991165,0.162080064,2.581591129
12370,0.163807243,0.108505152,0.028426804,0.026875298,0.5191679,0.506276727,0.485791445,2.39563942
12380,0.00873048,0.005591908,0.001622599,0.001515972,0.108260274,0.110179111,0.105906658,2.552606821
12390,0.005838644,0.003314337,0.001565853,0.000958453,0.066308081,0.073534749,0.063170031,2.888535976
12400,0.002659666,0.001368361,0.000789499,0.000501805,0.038861241,0.045202523,0.042121574,2.874281883
12410,0.004063047,0.002598207,0.000728041,0.000736798,0.065051556,0.064271644,0.06302502,2.445325375
12420,0.00342145,0.001930824,0.000930768,0.000559859,0.05419717,0.059518266,0.051550142,2.576984406
12430,0.011262536,0.007280503,0.002029669,0.001952363,0.130923346,0.129230112,0.123485819,2.523837328
12440,0.109710976,0.070618778,0.019694814,0.019397389,0.419899672,0.413121939,0.399301708,2.481511831
12450,0.021748362,0.008480057,0.00978758,0.003480725,0.136363596,0.148550823,0.12971577,2.476649523
12460,0.008099626,0.004054463,0.001871636,0.002173527,0.0919782,0.088776022,0.080512367,2.48656249
12470,0.005268935,0.001397542,0.000615845,0.003255547,0.02574788,0.032673158,0.052409902,2.429927111
12480,0.006052172,0.003621421,0.001192841,0.00123791,0.082140312,0.082802355,0.082154036,2.486084223
12490,0.003894622,0.00209703,0.000924836,0.000872756,0.056610245,0.05723748,0.053551085,2.484582901
12500,0.009417506,0.004608725,0.001538167,0.003270615,0.100508064,0.10080035,0.101998195,2.726433516
12510,0.088183321,0.055211261,0.016432181,0.016539885,0.368956566,0.367223144,0.349395752,2.502978563
12520,0.040890772,0.026948737,0.006962725,0.006979306,0.253599077,0.245067447,0.235882521,2.488828897
12530,0.011877222,0.007751347,0.002094246,0.00203163,0.136461467,0.131109118,0.129522264,2.398316622
12540,0.004107382,0.002528193,0.000764672,0.000814517,0.056389205,0.053368963,0.053454891,2.435166836
12550,0.004800358,0.003011694,0.000879013,0.00090965,0.072575599,0.070923135,0.071434744,2.533611298
12560,0.003205063,0.001093609,0.001763894,0.00034756,0.026830889,0.04475572,0.025158683,2.4603827
12570,0.002456658,0.000901142,0.00088998,0.000665536,0.019706292,0.03342532,0.027419478,2.470067501
12580,0.007646614,0.004283477,0.002175061,0.001188076,0.096777923,0.101265624,0.092331216,2.512941837
12590,0.234837979,0.142671034,0.054876126,0.037290838,0.592839599,0.597072303,0.568486452,2.491167784
12600,0.076008439,0.044241861,0.020205319,0.011561263,0.321324646,0.329598606,0.3112185,2.430922508
12610,0.046316527,0.028663173,0.00850985,0.009143497,0.23659876,0.250523448,0.233289301,2.492223501
12620,0.005960976,0.001433311,0.004046268,0.000481397,0.034523267,0.07434991,0.041343484,2.479432821
12630,0.003825204,0.001577925,0.001437289,0.000809991,0.04105597,0.055278361,0.04372301,2.352326632
12640,0.002286298,0.000999848,0.000394105,0.000892344,0.02193737,0.024940997,0.027456764,2.627068758
12650,0.004867152,0.00142026,0.000572161,0.002874731,0.042055085,0.04400669,0.055801615,2.59218812
12660,0.005658565,0.000893672,0.000325131,0.004439762,0.013992328,0.020866429,0.056266777,2.702459335
12670,0.002452635,0.000856558,0.0002693,0.001326778,0.012920171,0.015656032,0.032639168,2.422263861
12680,0.001441514,0.000870813,0.000272916,0.000297785,0.013731077,0.016411435,0.016370406,2.426881075
12690,0.002115416,0.001149393,0.00034865,0.000617372,0.028602768,0.030587856,0.032687176,2.410891294
12700,0.013335214,0.00864795,0.002343995,0.002343269,0.137627363,0.136943936,0.132284403,2.489529371
12710,0.374080122,0.242233217,0.065674566,0.066172346,0.769001961,0.771810651,0.740967155,2.519019604
12720,0.144258916,0.097970642,0.022355303,0.023932975,0.435050428,0.412715882,0.406884015,2.443559408
12730,0.007430717,0.004004017,0.002426612,0.001000088,0.054679319,0.061488844,0.04524111,2.414823294
12740,0.020000242,0.011937966,0.004396459,0.003665817,0.177593917,0.18158704,0.176428139,2.902266979
12750,0.003470685,0.002173353,0.000657439,0.000639893,0.055550694,0.05472146,0.052461378,2.390971422
12760,0.002473219,0.00110113,0.00101199,0.000360098,0.026262529,0.037786223,0.028185032,2.466918707
12770,0.002335983,0.001015568,0.00095442,0.000365995,0.027142473,0.036759481,0.027567465,2.44903183
12780,0.001972354,0.000857301,0.000394706,0.000720347,0.013121697,0.018310549,0.022498967,2.38565731
12790,0.0164202,0.001635765,0.000622888,0.014161548,0.045249537,0.054427456,0.112367839,2.406863213
12800,0.01377311,0.006509466,0.001663907,0.005599736,0.116619676,0.111824721,0.121127799,2.349879503
12810,0.024931973,0.01097942,0.008400913,0.005551642,0.160646945,0.177077562,0.170869052,2.438323259
12820,0.056410685,0.036080547,0.010305433,0.010024706,0.294781446,0.296853542,0.288442969,2.564929247
12830,0.014064463,0.008499512,0.003010671,0.002554281,0.136382192,0.134486273,0.131429791,2.334042788
12840,0.00965465,0.006053779,0.001923519,0.001677352,0.110250756,0.108183123,0.103885904,2.338366747
12850,0.015241977,0.009926568,0.002698763,0.002616647,0.149004489,0.146041781,0.141279846,2.351798058
12860,0.042546391,0.027787583,0.0074552,0.007303608,0.257985383,0.256319195,0.246888101,2.331727505
12870,0.103126459,0.067415491,0.018457418,0.01725355,0.399495482,0.395043731,0.380952269,2.499857664
12880,0.013583791,0.008683457,0.002657149,0.002243185,0.143726274,0.144775137,0.138174891,2.647879362
12890,0.003249342,0.001966846,0.000680946,0.000601549,0.052204262,0.055804029,0.053428788,2.395912409
12900,0.011795663,0.007125574,0.002730271,0.001939818,0.122324593,0.128636584,0.117028125,2.631558657
12910,0.022263359,0.01330155,0.005362008,0.003599803,0.175934061,0.18265748,0.168814063,2.387065887
12920,0.079337031,0.051960453,0.013694168,0.013682411,0.354097188,0.351563275,0.340551466,2.368809938
12930,0.049829572,0.018654067,0.025152877,0.006022619,0.202676892,0.230365887,0.194072813,2.356480598
12940,0.027313845,0.014500595,0.008606054,0.004207198,0.186840832,0.192389309,0.183540225,2.383365393
12950,0.00447659,0.002296433,0.000876689,0.001303467,0.058033179,0.062645271,0.062856346,2.426891088
12960,0.013314499,0.008805769,0.002269345,0.002239384,0.137925461,0.133595169,0.130372882,2.298491478
12970,0.039551418,0.025495918,0.007261555,0.006793949,0.247060567,0.247622013,0.236347526,2.352001905
12980,0.109594487,0.072012641,0.018525369,0.019056486,0.411053449,0.406348169,0.396488577,2.449136257
12990,0.016598681,0.010856899,0.002805172,0.002936609,0.162167594,0.159615576,0.157114312,2.498284817
13000,0.002716793,0.001043444,0.000386542,0.001286807,0.021403909,0.025092287,0.034820735,2.637598753
13010,0.01446128,0.00627199,0.001857258,0.006332031,0.116579115,0.12052612,0.132487819,2.397454023
13020,0.003857563,0.002414095,0.000703992,0.000739477,0.06535697,0.065745376,0.064512484,2.407538176
13030,0.013725829,0.007420879,0.002031947,0.004273003,0.126659572,0.121620707,0.126517951,2.378795385
13040,0.203681633,0.131732941,0.036128849,0.035819858,0.563209534,0.556024969,0.54163754,2.417382717
13050,0.04205738,0.026049737,0.00784997,0.00815767,0.249294877,0.253894866,0.249105275,2.423007727
13060,0.03761638,0.023561856,0.006840141,0.007214382,0.221689597,0.22317037,0.216318399,2.499853373
13070,0.013054281,0.008578683,0.002210447,0.00226515,0.139090598,0.141221032,0.136300772,2.410625219
13080,0.007160935,0.005283016,0.000943639,0.00093428,0.08210583,0.078341365,0.074359916,2.39768219
13090,0.003974351,0.002532104,0.000768364,0.000673883,0.045464322,0.043065988,0.043823581,2.445260763
13100,0.002145638,0.001091115,0.000720034,0.000334489,0.0226551,0.031468235,0.026256692,2.402113199
13110,0.003401474,0.000898549,0.002160279,0.000342646,0.024497181,0.051645942,0.024560329,2.505583048
13120,0.018745266,0.003680089,0.012771216,0.002293959,0.083166696,0.146276265,0.089719586,2.345231533
13130,0.104498588,0.057465885,0.017001616,0.030031092,0.377256364,0.381280363,0.389346302,2.354203701
13140,0.039264452,0.031094916,0.004136967,0.004032569,0.198233604,0.180807143,0.171554893,2.406317949
13150,0.016422637,0.010912069,0.001613262,0.003897306,0.120049477,0.11171525,0.121643811,2.629540205
13160,0.00873309,0.005681014,0.001494913,0.001557161,0.08565101,0.093105182,0.088194653,2.347373247
13170,0.007575338,0.004749511,0.001424164,0.001401664,0.099489853,0.102416977,0.098326273,2.549794436
13180,0.001891825,0.001207184,0.000325427,0.000359214,0.020519327,0.02562103,0.024790931,2.506951809
13190,0.001977157,0.001179655,0.000407872,0.00038963,0.037251111,0.039558083,0.037563592,2.375529766
13200,0.011533998,0.00724325,0.002160689,0.00213006,0.131600946,0.135433719,0.129693478,2.409786463
13210,0.206416786,0.132324323,0.037307568,0.036784887,0.569369674,0.576407552,0.557309031,2.443889856
13220,0.045807611,0.028985366,0.008509828,0.008312419,0.270726562,0.27913335,0.269986361,2.417846441
13230,0.032444671,0.021536333,0.005425642,0.005482694,0.203886136,0.201666966,0.195207641,2.381076574
13240,0.01435693,0.010069996,0.002121264,0.00216567,0.139167845,0.137336522,0.133723482,2.343175173
13250,0.007681814,0.004061026,0.002120548,0.001500239,0.09051425,0.098442584,0.090332359,2.327893019
13260,0.013459179,0.001817365,0.010795255,0.000846559,0.046330087,0.102848738,0.051625431,2.599742889
13270,0.010395882,0.006583649,0.001840165,0.001972068,0.118801475,0.11644955,0.118061036,2.56051445
13280,0.009106639,0.004821227,0.002901603,0.001383808,0.096744962,0.10291563,0.095673382,2.42292285
13290,0.009931493,0.00592331,0.002253565,0.001754618,0.111698225,0.115271255,0.108921297,2.321626663
13300,0.032696333,0.020826537,0.005946699,0.005923098,0.222117633,0.218744516,0.218851745,2.375567913
13310,0.099170439,0.064833768,0.016915409,0.017421262,0.38757956,0.383610755,0.378026009,2.632041216
13320,0.00865329,0.005500095,0.001479343,0.001673851,0.094943039,0.092935182,0.092063062,2.417653322
13330,0.004872026,0.003038486,0.000893734,0.000939806,0.073430493,0.073432729,0.072662704,2.415426016
13340,0.009596812,0.006064647,0.001713866,0.001818298,0.116569549,0.116063662,0.117194638,2.36958456
13350,0.021481408,0.013532416,0.003916793,0.004032202,0.177317232,0.179671049,0.176912531,2.37099719
13360,0.084382474,0.052459802,0.014755615,0.017167054,0.353807807,0.356835812,0.354847729,2.569131136
13370,0.008386334,0.006172352,0.001086314,0.001127669,0.093512505,0.087734409,0.087819077,2.39253211
13380,0.016243553,0.008743501,0.002408335,0.005091716,0.132191911,0.131441608,0.13586323,2.51916337
13390,0.006249292,0.002144965,0.000697558,0.00340677,0.062304869,0.068255059,0.080119483,2.416712046
13400,0.004214992,0.002530503,0.000666708,0.001017781,0.063075326,0.062254127,0.063833237,2.474370241
13410,0.063316181,0.037125409,0.008954317,0.017236454,0.284748644,0.27091983,0.281676561,2.466604471
13420,0.116587311,0.070340835,0.025342898,0.020903591,0.394817829,0.410053074,0.400451392,2.349278212
13430,0.005828967,0.002941174,0.000820693,0.002067101,0.026631065,0.038957354,0.046936821,2.451868296
13440,0.019213011,0.013250236,0.002859207,0.003103567,0.125343502,0.119751193,0.117423207,2.440414429
13450,0.006461371,0.004071902,0.001180188,0.001209281,0.089036241,0.091319054,0.087421417,2.497897625
13460,0.003051645,0.002059228,0.000634634,0.000357783,0.028605308,0.031476419,0.030825401,2.374168158
13470,0.003607501,0.001155849,0.002122172,0.00032948,0.0294773,0.045572639,0.028622635,2.38500762
13480,0.013818932,0.001900337,0.011316518,0.000602078,0.051983319,0.123160928,0.053478293,2.399412632
13490,0.016147368,0.009612395,0.003272374,0.003262599,0.146282747,0.147313729,0.150769025,2.447462082
13500,0.033663515,0.020794872,0.00664404,0.006224605,0.220607311,0.23083964,0.222958624,2.520053148
13510,0.014409347,0.009312799,0.002447559,0.002648991,0.143541306,0.142537832,0.141399056,2.298698902
13520,0.001660008,0.00096036,0.000282375,0.000417273,0.021291437,0.021306213,0.023224441,2.440051794
13530,0.008402817,0.005397686,0.001454732,0.001550398,0.108500689,0.104205891,0.104542531,2.458172083
13540,0.086021252,0.056226399,0.014428686,0.015366184,0.364886791,0.357509851,0.351440966,2.381138802
13550,0.037751161,0.024469163,0.006615804,0.006666189,0.236394703,0.232632056,0.228653759,2.445091963
13560,0.008533849,0.005268209,0.00162213,0.00164351,0.109370172,0.110059053,0.108341902,2.396579504
13570,0.002522683,0.001492408,0.000541796,0.00048848,0.030422028,0.032926563,0.031947561,2.531169176
13580,0.004342853,0.002729929,0.000771653,0.00084127,0.069696002,0.069363452,0.069981158,2.399374962
13590,0.005315836,0.002968577,0.000983074,0.001364185,0.065520458,0.068048432,0.063828483,2.468460321
13600,0.010812695,0.000987156,0.001589044,0.008236495,0.028927829,0.040710516,0.076670147,2.416737318
13610,0.026860328,0.012516582,0.011750133,0.002593613,0.129883841,0.156272233,0.136794463,2.480160236
13620,0.128373072,0.083413355,0.021677127,0.02328258,0.432954371,0.433324903,0.423232079,2.447728395
13630,0.015585988,0.009338257,0.00389129,0.00235644,0.074440949,0.086196154,0.067717589,2.411489725
13640,0.00607725,0.002007612,0.002025827,0.002043811,0.014555224,0.043295208,0.040955182,2.463292122
13650,0.006674098,0.003595968,0.000836817,0.002241314,0.083256975,0.076574638,0.085117906,2.526734114
13660,0.004943363,0.002819246,0.000878685,0.001245432,0.070622109,0.071859926,0.071786635,2.360988379
13670,0.008973112,0.005661186,0.001629517,0.001682409,0.114326946,0.112821564,0.112831697,2.643396378
13680,0.035580702,0.023156017,0.005986765,0.006437922,0.235064596,0.22669521,0.226341069,2.440239191
13690,0.087523609,0.056747925,0.015147053,0.015628632,0.365924537,0.360965133,0.354872048,2.372979403
13700,0.01383315,0.009050487,0.002336718,0.002445946,0.146513224,0.143053159,0.142461061,2.392978907
13710,0.002059159,0.001229322,0.000390284,0.000439553,0.035319768,0.040214702,0.039541826,2.826944113
13720,0.009991048,0.006280131,0.001840763,0.001870155,0.117109269,0.1196367,0.116035908,2.493330002
13730,0.017504953,0.010863069,0.003101192,0.003540692,0.157844245,0.160656407,0.158502489,2.46740675
13740,0.071473435,0.045813192,0.012632865,0.013027382,0.330503553,0.3317191,0.32504338,2.564061642
13750,0.025860032,0.016389299,0.004246596,0.005224136,0.181888446,0.172749713,0.172692329,2.517885685
13760,0.021121567,0.012562476,0.003628524,0.004930568,0.17170614,0.176334739,0.174864992,2.534651041
13770,0.003381122,0.001271944,0.000563324,0.001545854,0.032675456,0.039135404,0.044997741,2.470078945
13780,0.009911401,0.005965871,0.002133807,0.001811722,0.115697265,0.121718556,0.116289064,2.384401798
13790,0.040419992,0.025433743,0.006463236,0.008523015,0.243358225,0.236861259,0.235003829,2.669721603
13800,0.130790979,0.079532489,0.029902808,0.021355677,0.421645522,0.423127294,0.40900448,2.60365057
13810,0.035288706,0.022796009,0.005430531,0.007062166,0.22914809,0.216066629,0.221248507,2.404718161
13820,0.012690379,0.006938816,0.001573336,0.004178227,0.068455175,0.061637614,0.072903335,2.334987879
13830,0.009192951,0.004210611,0.00171282,0.003269519,0.042543538,0.071528606,0.073784076,2.785225153
13840,0.007958638,0.005078815,0.001380474,0.001499349,0.100050926,0.102741301,0.096539006,2.37199378
13850,0.052882865,0.030476712,0.011053874,0.011352278,0.268529594,0.299005926,0.284238279,2.357034683
13860,0.079945289,0.05691902,0.010916119,0.01211015,0.339156866,0.308764517,0.312424302,2.401703358
13870,0.029987691,0.02192159,0.003837331,0.004228768,0.198583364,0.184307814,0.182829037,2.408928633
13880,0.006882264,0.004260912,0.001093255,0.001528097,0.083733767,0.077270582,0.080563761,2.464714289
13890,0.003964849,0.002116319,0.001193227,0.000655303,0.050130881,0.051199384,0.049191311,2.471872807
13900,0.001948364,0.000926863,0.000648479,0.000373022,0.020588683,0.029757548,0.022998549,2.450451374
13910,0.00627686,0.003875857,0.001125807,0.001275195,0.087040558,0.089215308,0.088498741,2.434458256
13920,0.10185577,0.062726438,0.020187303,0.018942017,0.388544619,0.39626655,0.389685154,2.553061485
13930,0.013214631,0.011249725,0.000931736,0.00103317,0.086796351,0.072680026,0.072886243,2.538990736
13940,0.005396954,0.003319976,0.00128537,0.000791607,0.055504337,0.053738102,0.05689371,2.409609795
13950,0.00702432,0.004106103,0.001984988,0.000933229,0.062569141,0.062451988,0.05637601,2.359495878
13960,0.003069656,0.001192034,0.001542343,0.000335279,0.020764045,0.034509316,0.019484216,2.357797861
13970,0.003276914,0.00159226,0.001172371,0.000512284,0.045089681,0.058106057,0.046439402,2.368836641
13980,0.002991156,0.001410845,0.000764775,0.000815536,0.039826129,0.052090202,0.047666289,2.553741932
13990,0.010568233,0.004857919,0.001617371,0.004092944,0.09975858,0.109752968,0.115513332,2.434669256
14000,0.074089929,0.041683711,0.017480766,0.014925452,0.316600561,0.345768541,0.321380675,2.410569668
14010,0.033862006,0.019341549,0.004672965,0.009847493,0.181030169,0.175659195,0.180608347,2.376715183
14020,0.022799909,0.013447075,0.004363829,0.004989003,0.150186986,0.15295592,0.146567285,2.380607128
14030,0.006209083,0.003311709,0.001220897,0.001676478,0.079259694,0.079741344,0.081798397,2.368514538
14040,0.007935842,0.004313398,0.00136387,0.002258576,0.093504548,0.098007791,0.102389351,2.408266544
14050,0.013177895,0.008093987,0.002546505,0.002537405,0.133152023,0.136137098,0.135258213,2.558923006
14060,0.073868848,0.045758117,0.014022642,0.014088089,0.32969752,0.333760679,0.332617581,2.386778593
14070,0.021181028,0.0144768,0.003073159,0.003631069,0.165000618,0.159376353,0.157500193,2.352470636
14080,0.020862525,0.01368012,0.00337361,0.003808795,0.164342463,0.160792112,0.15817526,2.351409435
14090,0.007904038,0.00499892,0.001375454,0.001529664,0.103871047,0.103234187,0.104359359,2.596139193
14100,0.007289291,0.003802882,0.001112085,0.002374326,0.082107544,0.084856562,0.086840726,2.368915558
14110,0.005844037,0.003640874,0.001058125,0.001145038,0.081953399,0.084326625,0.082419097,2.385469913
14120,0.03610111,0.022898059,0.006572723,0.006630329,0.23095201,0.236130327,0.229437768,2.417733669
14130,0.138191968,0.089106925,0.024416458,0.024668574,0.44498542,0.452577293,0.437578022,2.371567488
14140,0.047165919,0.029416993,0.00890782,0.008841106,0.243881047,0.243088454,0.241936043,2.424052238
14150,0.019368632,0.012490836,0.003534558,0.003343239,0.161865473,0.166283637,0.162895828,2.418747425
14160,0.011312327,0.004485981,0.00567785,0.001148498,0.075222999,0.095346496,0.068137117,2.38817358
14170,0.002541056,0.000807244,0.001192998,0.000540814,0.01262947,0.031747319,0.018730927,2.35443902
14180,0.009818207,0.004183296,0.00177829,0.00385662,0.091679916,0.09953355,0.107384205,2.376293898
14190,0.047957581,0.023607451,0.010032913,0.014317217,0.235446841,0.248005718,0.253734589,2.484731913
14200,0.069414079,0.04369035,0.011630385,0.014093338,0.312993854,0.303463459,0.301175982,2.415545225
14210,0.013062869,0.006763543,0.004019107,0.00228022,0.112335354,0.141837046,0.118842348,2.445352316
14220,0.004539581,0.001431018,0.001937227,0.001171337,0.041179374,0.061396852,0.043783456,2.503785372
14230,0.005234717,0.002542364,0.001693815,0.000998537,0.066148587,0.08551085,0.070546485,2.349891424
14240,0.01717815,0.010960704,0.003145869,0.003071578,0.15405573,0.158787727,0.152690217,2.374506474
14250,0.119513877,0.075644083,0.022108236,0.021761561,0.421926975,0.435999334,0.419764698,2.404626846
14260,0.00653891,0.004181433,0.001199377,0.001158099,0.06406597,0.07223364,0.068180546,2.386109352
14270,0.003071218,0.001565756,0.000908102,0.000597359,0.013485795,0.026559887,0.022963906,2.358483076
14280,0.004683217,0.002923055,0.000745023,0.001015138,0.072068438,0.068783015,0.072055906,2.319537401
14290,0.005176003,0.002510904,0.001882438,0.00078266,0.063664675,0.07092806,0.060311399,2.641757965
14300,0.004353354,0.002633491,0.000884098,0.000835766,0.070804805,0.07350412,0.072837763,2.405073166
14310,0.035102542,0.016272241,0.013721038,0.005109263,0.197028399,0.220547438,0.201196045,2.401438951
14320,0.1434948,0.093941987,0.024542004,0.025010813,0.462426543,0.460182846,0.448308617,2.442692041
14330,0.034923472,0.02000742,0.008586948,0.006329102,0.225904211,0.268809319,0.23365429,2.407795906
14340,0.014623714,0.011071723,0.001576994,0.001974997,0.128475964,0.073287688,0.107905515,2.536981821
14350,0.002012933,0.001139599,0.000535599,0.000337735,0.011279706,0.023851449,0.016555011,2.356711864
14360,0.006199795,0.004289849,0.00087726,0.001032686,0.089188963,0.068335593,0.082361683,2.3545506
14370,0.007432006,0.004213407,0.001442467,0.001776131,0.09235543,0.102835543,0.099221982,2.354699135
14380,0.03513182,0.015770707,0.00559627,0.013764841,0.191175103,0.212078929,0.218772814,2.369962692
14390,0.072080612,0.044809964,0.010585975,0.016684676,0.320088565,0.299404383,0.314413249,2.362211943
14400,0.006231573,0.000802699,0.000382346,0.005046529,0.021520648,0.028192345,0.065705582,2.332665682
14410,0.013497837,0.007964731,0.00265154,0.002881565,0.128537163,0.137098774,0.130122185,2.437083721
14420,0.002064769,0.000737825,0.000603003,0.000723941,0.017250225,0.025468856,0.028067291,2.389461279
14430,0.002474383,0.001387855,0.000487936,0.000598592,0.043152265,0.046913221,0.046608441,2.341339827
14440,0.027586801,0.017549751,0.0049528,0.005084246,0.199672431,0.202327311,0.19874084,2.317848206
14450,0.246643528,0.158449441,0.044788167,0.043405905,0.593507171,0.606837034,0.586037815,2.376200914
14460,0.057371259,0.039889012,0.008402175,0.009080073,0.273958087,0.188567832,0.234645367,2.41020155
14470,0.003812042,0.002744129,0.00038991,0.000678003,0.038463619,0.031299222,0.036901213,2.820965052
14480,0.007243838,0.003878119,0.00216228,0.001203439,0.076766126,0.09584552,0.084287636,2.469702005
14490,0.002904107,0.001268063,0.001073389,0.000562655,0.025919512,0.083379485,0.044347055,2.627473593
14500,0.001383449,0.000814876,0.00027234,0.000296234,0.018391144,0.028355688,0.020966539,2.340004444
14510,0.001662485,0.000840945,0.000517804,0.000303736,0.02020359,0.039951839,0.024871297,2.426267385
14520,0.002120503,0.00062254,0.001275042,0.000222921,0.011216903,0.032259904,0.012541382,2.444510698
14530,0.024474112,0.00184842,0.021910524,0.00071517,0.057200097,0.143455014,0.062687397,2.357480049
14540,0.039997872,0.022569416,0.011769309,0.005659151,0.219090074,0.240237474,0.212219745,2.381678104
14550,0.067258574,0.042139448,0.01254233,0.012576801,0.314246058,0.314213037,0.314518809,2.385332584
14560,0.004788738,0.001960559,0.001180133,0.001648046,0.057083242,0.059138946,0.063297547,2.401800156
14570,0.007640145,0.005071129,0.001393292,0.001175724,0.081950627,0.088857055,0.082165778,2.415125847
14580,0.002960273,0.001534439,0.000434697,0.000991137,0.035192929,0.042186156,0.04271359,2.420407772
14590,0.003447846,0.00179783,0.000334481,0.001315536,0.039622076,0.028522231,0.04190661,2.414657354
14600,0.035138182,0.0213311,0.006329397,0.007477689,0.217605084,0.227229059,0.217788994,2.427489281
14610,0.21398662,0.132981077,0.03980596,0.041199561,0.548522472,0.575745821,0.562597513,2.390013456
14620,0.018988855,0.012932331,0.002522691,0.003533831,0.120309055,0.101385221,0.127252728,2.374341011
14630,0.016776202,0.011178268,0.002733076,0.002864858,0.132327989,0.106819481,0.121571243,2.557779312
14640,0.011049989,0.005980163,0.003081288,0.001988537,0.113653481,0.153339297,0.120981976,2.331005096
14650,0.004517537,0.002619643,0.000892113,0.00100578,0.069209233,0.077275611,0.068199374,2.343876362
14660,0.00232649,0.001409692,0.000230129,0.000686669,0.040284634,0.019734621,0.036848288,2.394710302
14670,0.001116585,0.000674331,0.000217902,0.000224352,0.01518753,0.018825239,0.015874755,2.406605959
14680,0.00132522,0.000752953,0.000316015,0.000256252,0.023429494,0.021595668,0.022559507,2.376837969
14690,0.001178935,0.000635839,0.000218991,0.000324104,0.014354484,0.01755511,0.017962005,2.416688919
14700,0.006233377,0.000800492,0.000258643,0.005174241,0.026548222,0.029407561,0.064789198,2.403264284
14710,0.026996532,0.016244996,0.004438505,0.00631303,0.191846311,0.191899985,0.192737192,2.410390139
14720,0.168999672,0.096079335,0.038893517,0.034026813,0.474808395,0.507065296,0.494717598,2.385482311
14730,0.048690762,0.031257831,0.008758261,0.008674672,0.279831052,0.260524035,0.269812435,2.363909006
14740,0.019900052,0.013731746,0.001587674,0.004580632,0.16148667,0.079959139,0.137975514,2.3776021
14750,0.005381195,0.00226202,0.002251945,0.00086723,0.062302429,0.070481703,0.068863794,2.503162384
14760,0.004427613,0.001335369,0.002589684,0.000502559,0.041774374,0.052628867,0.040473312,2.48180151
14770,0.002801919,0.001801105,0.000534915,0.000465899,0.044219714,0.049864247,0.044512697,2.441655159
14780,0.011388452,0.007024376,0.002675143,0.001688934,0.10407275,0.141686395,0.108265132,2.529535532
14790,0.087175816,0.051718071,0.020998288,0.014459455,0.344876051,0.380198836,0.341208518,2.39452672
14800,0.013331563,0.00573836,0.00648392,0.001109285,0.062696531,0.137919262,0.085319586,2.417229652
14810,0.065164566,0.043436401,0.014833475,0.006894697,0.198857158,0.258328289,0.199125126,2.361852169
14820,0.009969193,0.007207053,0.001504174,0.001257966,0.123797521,0.046033777,0.091468029,2.367122173
14830,0.013037808,0.010571012,0.000297851,0.002168946,0.150026858,0.022573428,0.125622272,2.409727812
14840,0.002153745,0.001014661,0.000832169,0.000306915,0.02022301,0.070116952,0.016694384,2.593836784
14850,0.003411014,0.001492924,0.001293643,0.000624446,0.0509778,0.095554821,0.058437344,2.379807234
14860,0.009039131,0.005300643,0.002093242,0.001645246,0.109077282,0.127126873,0.110099778,2.429970741
14870,0.053773317,0.034080271,0.009845624,0.009847421,0.28303054,0.286492646,0.2801404,2.43642354
14880,0.039038356,0.024978414,0.007093947,0.006965996,0.232820868,0.237703145,0.229782492,2.438060284
14890,0.021253353,0.013750572,0.003589331,0.003913449,0.178076625,0.173320502,0.177146286,2.371707201
14900,0.00210885,0.001260024,0.000417184,0.000431642,0.035775408,0.039209515,0.036267564,2.367944956
14910,0.009858203,0.006198129,0.001800551,0.001859523,0.116551757,0.117795393,0.116691977,2.434686422
14920,0.017857498,0.011101801,0.003407239,0.003348458,0.159703091,0.163160741,0.158344537,2.323806763
14930,0.068544097,0.043109722,0.012538566,0.012895802,0.31442678,0.316948414,0.310015857,2.322875738
14940,0.010413597,0.006720988,0.001779286,0.001913323,0.113036349,0.111276247,0.110898763,2.347578287
14950,0.017900953,0.009868359,0.003464079,0.004568518,0.148248896,0.151306137,0.150462151,2.438504934
14960,0.013981131,0.001689996,0.007822453,0.004468682,0.046014484,0.091817379,0.072890565,2.668487787
14970,0.043237872,0.026358806,0.00575129,0.011127778,0.24289453,0.222166091,0.246287391,2.354495525
14980,0.043307997,0.026540643,0.008058998,0.00870836,0.246809393,0.259997129,0.246498287,2.343443394
14990,0.006360025,0.003781108,0.001363913,0.001215003,0.0758228,0.090742648,0.080140695,2.516954899
15000,0.013918559,0.010125304,0.001639841,0.002153415,0.127609223,0.112343699,0.120365933,2.416310787
15010,0.022530796,0.014843994,0.003674846,0.004011957,0.1779356,0.173616856,0.174679488,2.328515768
15020,0.027772281,0.017566349,0.004929323,0.005276608,0.201433212,0.20378685,0.202755839,2.403136015
15030,0.018144261,0.011666336,0.003175641,0.003302284,0.160636589,0.159892976,0.159908831,2.775902271
15040,0.004659869,0.002979863,0.000826344,0.000853662,0.074507907,0.076160312,0.073607787,2.411976099
15050,0.003273732,0.002024017,0.000612574,0.00063714,0.059438922,0.060749024,0.06033574,2.368436813
15060,0.027053509,0.017465072,0.004651841,0.004936594,0.196931541,0.195662409,0.195463151,2.451841354
15070,0.225352302,0.142966568,0.040889177,0.04149656,0.564400852,0.583603263,0.5684129,2.395989418
15080,0.058784202,0.039144427,0.008444971,0.011194805,0.271522462,0.242703795,0.26615411,2.358345985
15090,0.003157614,0.00199619,0.000658795,0.000502629,0.041273173,0.062481582,0.04581793,2.390552044
15100,0.004870823,0.00286081,0.000665524,0.001344489,0.042272449,0.063188583,0.05311399,2.497413397
15110,0.010969301,0.003030559,0.000413805,0.007524936,0.026277583,0.023530006,0.077046208,2.516237974
15120,0.002160554,0.001444728,0.000215148,0.000500678,0.014887175,0.017473267,0.024767783,2.566918612
15130,0.001810542,0.000779291,0.000705969,0.000325282,0.024548456,0.031892896,0.026090246,2.437058926
15140,0.011968103,0.00115635,0.010582185,0.000229569,0.012601724,0.084124513,0.012526195,2.589926958
15150,0.0038511,0.002741306,0.000774962,0.000334832,0.027085137,0.030646365,0.022070903,2.452029228
15160,0.029804736,0.018291818,0.006137387,0.005375531,0.201271117,0.202425018,0.200196713,2.369000435
15170,0.133076519,0.08407297,0.024259156,0.024744397,0.441734821,0.442523986,0.43402034,2.34129405
15180,0.037095554,0.024769293,0.005776833,0.006549427,0.210179612,0.231007457,0.233936608,2.478355169
15190,0.007338635,0.005542278,0.000343619,0.001452737,0.040207338,0.039123662,0.066408753,2.414705992
15200,0.006819118,0.004452721,0.000765054,0.001601343,0.067106172,0.069966502,0.067799717,2.327175856
15210,0.001735816,0.00101151,0.000202307,0.000521999,0.016651528,0.016438158,0.020754263,2.475224257
15220,0.002418895,0.001447496,0.000238252,0.000733147,0.042748526,0.02529861,0.04688435,2.503332615
15230,0.014734962,0.00911364,0.002383521,0.0032378,0.141341791,0.13749525,0.143203914,2.337352037
15240,0.120295152,0.074692272,0.021709269,0.023893597,0.416643262,0.428950906,0.427511871,2.401310921
15250,0.0164844,0.008420528,0.00283013,0.005233742,0.122766629,0.135999367,0.123848185,2.376269817
15260,0.004456669,0.001009663,0.000626625,0.002820381,0.029916711,0.029548634,0.054632373,2.444962025
15270,0.003412449,0.001646173,0.000810431,0.000955844,0.049423452,0.058026038,0.053390678,2.466217041
15280,0.00186191,0.001125111,0.000281819,0.00045498,0.037627749,0.028975915,0.036214184,2.503743172
15290,0.004967465,0.002187917,0.000804651,0.001974897,0.064961031,0.068831138,0.073142514,2.383619547
15300,0.038753081,0.02332622,0.00783889,0.007587977,0.234050423,0.244850263,0.238964707,2.374860764
15310,0.093032613,0.058853529,0.01650802,0.017671064,0.361107051,0.355343163,0.348640621,2.446633339
15320,0.032917053,0.020390637,0.005629153,0.00689726,0.220278889,0.218977332,0.224589348,2.53941083
15330,0.009273803,0.005393969,0.001800998,0.002078836,0.096862659,0.108038858,0.094603501,2.400978088
15340,0.002143444,0.00079385,0.000439598,0.000909997,0.026323514,0.028187163,0.034932401,2.530229092
15350,0.008754734,0.001660355,0.006318408,0.00077597,0.04998108,0.067991897,0.052416019,2.440318823
15360,0.004201853,0.002009107,0.001661536,0.000531211,0.057339489,0.042543773,0.052251894,2.394948483
15370,0.014576665,0.009004707,0.002875604,0.002696354,0.13799046,0.15173766,0.138616055,2.36661458
15380,0.158787191,0.097467288,0.031681761,0.029638141,0.473610282,0.515841365,0.481099784,2.32429266
15390,0.037960976,0.023738598,0.007048,0.007174382,0.213723511,0.214597762,0.205189615,2.474332094
15400,0.017563561,0.012067987,0.001106096,0.004389478,0.16223982,0.097939953,0.153586984,2.516405582
15410,0.006267339,0.001819507,0.001946763,0.002501069,0.052248504,0.111101121,0.071911536,2.441592693
15420,0.003035395,0.000743044,0.000379213,0.001913138,0.018345807,0.02753729,0.034403741,2.496422291
15430,0.002266681,0.000786245,0.000481843,0.000998594,0.022795647,0.045544256,0.035029721,2.401615858
15440,0.003758583,0.002081076,0.000974481,0.000703026,0.058830522,0.076091342,0.06307099,2.397925615
15450,0.018947983,0.011284617,0.003636867,0.004026498,0.158631027,0.170168102,0.161554575,2.519352674
15460,0.096956693,0.061870225,0.016314249,0.018772222,0.370652258,0.361268163,0.364213824,2.367978334
15470,0.0104678,0.006301974,0.00128534,0.002880484,0.086576521,0.073935635,0.08504504,2.526488543
15480,0.013480754,0.007803046,0.001277847,0.00439986,0.103733756,0.094811998,0.114527211,2.41386795
15490,0.009615734,0.005773597,0.001316456,0.00252568,0.100355953,0.100528926,0.110567406,2.394794703
15500,0.003305396,0.002531918,0.000309913,0.000463566,0.043928348,0.037663244,0.040708553,2.413842678
15510,0.002533025,0.00146977,0.000597651,0.000465605,0.045629039,0.05202239,0.047247134,2.404892445
15520,0.017066764,0.010857753,0.003279616,0.002929393,0.145548135,0.154947266,0.145531014,2.358364344
15530,0.167225555,0.106232129,0.030205322,0.030788101,0.4958933,0.500758767,0.4940328,2.439946651
15540,0.061200615,0.0326306,0.018849615,0.009720389,0.250416756,0.266145498,0.252197295,2.475676775
15550,0.017118385,0.008068613,0.006510046,0.002539725,0.136135221,0.134597957,0.135327175,2.346454859
15560,0.00805394,0.005891416,0.001671632,0.000490891,0.06294401,0.035044916,0.044877332,2.410974741
15570,0.002114455,0.000620392,0.000947585,0.000546478,0.011573361,0.034231491,0.024295909,2.365888357
15580,0.001642113,0.000827128,0.000323206,0.000491779,0.012992332,0.014960739,0.019152487,2.418642282
15590,0.003080413,0.000595592,0.00022776,0.002257061,0.010702295,0.014713565,0.033593655,2.439477921
15600,0.009113702,0.000658063,0.000189812,0.008265826,0.022172054,0.016948111,0.074887536,2.37715745
15610,0.012660916,0.005602114,0.002921547,0.004137254,0.11149092,0.129889488,0.117941089,2.412276745
15620,0.315416485,0.194267392,0.06679289,0.054356176,0.660195827,0.666345835,0.648596227,2.456907511
15630,0.114767261,0.075795874,0.014188197,0.0247832,0.440578997,0.370126754,0.452695519,2.382021189
15640,0.040459223,0.006057631,0.016609639,0.017791947,0.100853547,0.291246831,0.199628308,2.397844791
15650,0.008787018,0.004996359,0.001567645,0.002223016,0.097162828,0.030783728,0.079811841,2.400158167
15660,0.00398179,0.001799444,0.001541689,0.000640657,0.047698349,0.104095161,0.052979596,2.431330204
15670,0.002183416,0.001342561,0.000399923,0.000440932,0.039243352,0.023481302,0.035041865,2.461388588
15680,0.001052838,0.000548506,0.000255178,0.000249154,0.010394168,0.017430872,0.015193993,2.429195642
15690,0.001152472,0.0007146,0.000185224,0.000252648,0.023348503,0.018121701,0.020474622,2.381446838
15700,0.000951638,0.000564335,0.000178788,0.000208514,0.01487582,0.012278867,0.013854725,2.367113352
15710,0.000884545,0.000523595,0.000166655,0.000194294,0.010756596,0.011602061,0.011326101,2.395085573
15720,0.000879058,0.000518039,0.000167993,0.000193026,0.010753872,0.012719397,0.011829639,2.412160397
15730,0.000945713,0.000557973,0.000185281,0.00020246,0.015382266,0.018901914,0.016197633,2.359029055
15740,0.005567377,0.003592291,0.000999363,0.000975723,0.085452914,0.087272003,0.082163192,2.339202642
15750,0.288749099,0.190615669,0.047335513,0.050797917,0.649234653,0.638424754,0.636832595,2.418351889
15760,0.137090743,0.088812739,0.028052377,0.020225631,0.445922434,0.501585424,0.424264729,2.367233276
15770,0.012689037,0.009309446,0.002753715,0.000625876,0.115058661,0.108745478,0.032409377,2.474406242
15780,0.010303378,0.006201386,0.002407125,0.001694866,0.035232779,0.100574926,0.095304355,2.411301851
15790,0.004235697,0.002972164,0.000860589,0.000402942,0.023437047,0.060462646,0.02256744,2.345128775
15800,0.001697625,0.000748469,0.000512106,0.00043705,0.020276474,0.037463546,0.035425205,2.802823305
15810,0.001478555,0.000891557,0.000367392,0.000219606,0.016196176,0.037758823,0.021880031,2.462038755
15820,0.001249405,0.000711168,0.000242106,0.000296131,0.017665789,0.029119223,0.028121585,2.439716816
15830,0.001217708,0.000605548,0.000262731,0.000349428,0.018299712,0.027989797,0.023098821,2.517766237
15840,0.002505805,0.000952504,0.000332822,0.001220479,0.035168458,0.037931804,0.044021003,2.46067071
15850,0.01857961,0.006305498,0.002280203,0.009993909,0.11579442,0.11020638,0.144352481,2.362600565
15860,0.054559816,0.027593108,0.015113932,0.011852777,0.252135605,0.276171803,0.261024535,2.379925013
15870,0.004108714,0.00103381,0.001051315,0.002023588,0.023992019,0.031964205,0.039087411,2.394480705
15880,0.010958933,0.005958476,0.001820401,0.003180057,0.11204794,0.115176722,0.117461123,2.438962221
15890,0.004194074,0.002477143,0.000622115,0.001094817,0.068113506,0.064230599,0.069998398,2.372461319
15900,0.002361321,0.001408221,0.000453762,0.000499337,0.046000801,0.045919463,0.046742529,2.622310638
15910,0.009741889,0.00635853,0.001601297,0.001782062,0.116074212,0.110270098,0.113775954,2.444360018
15920,0.134013802,0.086098604,0.023488956,0.024426244,0.443431377,0.447575748,0.442308694,2.373898745
15930,0.0179069,0.010358019,0.004466187,0.003082697,0.131040245,0.150426507,0.130315319,2.361208916
15940,0.016724972,0.010705625,0.002935778,0.003083569,0.144858688,0.1406679,0.146287933,2.576818228
15950,0.008862211,0.005587322,0.001552764,0.001722127,0.096085973,0.103294924,0.096761048,2.401581764
15960,0.002918233,0.001842372,0.000464471,0.00061139,0.041156668,0.039786398,0.040988527,2.529408693
15970,0.001727098,0.001073788,0.000265265,0.000388044,0.024867237,0.021977978,0.025650602,2.440806866
15980,0.002268581,0.001754929,0.000263576,0.000250075,0.019295193,0.017473606,0.018192926,2.403046608
15990,0.005731621,0.002494555,0.00256137,0.000675697,0.064955726,0.071894579,0.06350974,2.377500057
16000,0.024807841,0.009595876,0.01306581,0.002146156,0.128847331,0.13227807,0.124418765,2.425512791
16010,0.057895996,0.026437521,0.021772826,0.009685649,0.239726692,0.301546425,0.259899944,2.358848572
16020,0.07896591,0.052802816,0.014069701,0.012093387,0.307741553,0.341730326,0.303059518,2.396221399
16030,0.037668418,0.021139121,0.009215225,0.007314072,0.194984809,0.180641443,0.21810326,2.480394602
16040,0.017221751,0.006609869,0.001562454,0.00904943,0.099993393,0.112730384,0.12435846,2.840364933
16050,0.006810485,0.002624723,0.000340366,0.003845396,0.026479628,0.023353444,0.050139934,2.503461599
16060,0.003577876,0.001334599,0.000444373,0.001798904,0.039519448,0.049238175,0.050727442,2.399658203
16070,0.015146367,0.008551776,0.003874348,0.002720241,0.140949965,0.173511744,0.144406587,2.600885868
16080,0.041271564,0.026039001,0.00638996,0.0088426,0.243080169,0.23164326,0.247579217,2.479730606
16090,0.002148351,0.001289759,0.000339406,0.000519186,0.047034189,0.04319746,0.048970811,2.429874897
16100,0.00786665,0.004903033,0.001496,0.001467618,0.102294371,0.106768385,0.103306785,2.426342487
16110,0.001464518,0.000891821,0.000264094,0.000308603,0.03184557,0.032221496,0.032638196,2.381185532
16120,0.000869441,0.000514528,0.000158113,0.000196801,0.011152781,0.011582002,0.012309188,2.411444187
16130,0.000938008,0.000558384,0.00017345,0.000206173,0.014823129,0.016143363,0.016099218,2.42414403
16140,0.005524787,0.003492388,0.000995022,0.001037375,0.083351724,0.083719186,0.083104484,2.418113232
16150,0.281835318,0.176600233,0.052506693,0.052728418,0.640902698,0.661539197,0.649243474,2.412598848
16160,0.159332842,0.107479669,0.025924103,0.025929058,0.443917096,0.419621587,0.408541679,2.381101608
16170,0.013566483,0.009035558,0.002172769,0.002358154,0.112210281,0.092910692,0.10597837,2.415968657
16180,0.012078665,0.006525012,0.004232543,0.00132111,0.121208876,0.184634238,0.102028422,2.368637085
16190,0.002785607,0.001376884,0.00089999,0.000508733,0.045139112,0.078918263,0.054623067,2.380869865
16200,0.003402674,0.002408943,0.000483812,0.000509919,0.067972049,0.049818978,0.054042172,2.343277216
16210,0.001901744,0.001091815,0.000440059,0.00036987,0.035096575,0.041562717,0.036971357,2.384535789
16220,0.001313781,0.000724198,0.000217651,0.000371932,0.026545327,0.02765155,0.030298632,2.369306803
16230,0.004591468,0.000604549,0.000181507,0.003805412,0.018944843,0.018374247,0.044482633,2.379929543
16240,0.004858681,0.000515085,0.000560651,0.003782944,0.012580629,0.019811291,0.043792266,2.398743629
16250,0.006525217,0.000675829,0.004772373,0.001077014,0.016340902,0.051198646,0.025856974,2.437665224
16260,0.004707532,0.000969046,0.002224589,0.001513898,0.029026164,0.04381606,0.038604282,2.48458147
16270,0.002092373,0.000868386,0.001022051,0.000201936,0.016593866,0.027755678,0.017002221,2.402919292
16280,0.001572616,0.00070833,0.000499692,0.000364594,0.011880448,0.019054649,0.015135327,2.417574883
16290,0.001189384,0.000641772,0.000296136,0.000251477,0.018861119,0.020690385,0.020518947,2.396497011
16300,0.004823412,0.003071014,0.000859151,0.000893247,0.077949904,0.076348126,0.076461941,2.399247646
16310,0.132206008,0.084410936,0.024372295,0.023422778,0.441406846,0.451054722,0.434278548,2.431577444
16320,0.025978848,0.013691852,0.00690172,0.00538528,0.153593183,0.212673932,0.18179436,2.433146715
16330,0.042919651,0.026536046,0.008949816,0.007433789,0.23424837,0.255041361,0.239930183,2.601089716
16340,0.01549317,0.00945757,0.005173747,0.000861853,0.13016355,0.184994191,0.072084352,2.416630983
16350,0.003420724,0.00172858,0.001014112,0.000678031,0.055809826,0.083969444,0.063858084,2.393618822
16360,0.002027509,0.000990995,0.000769272,0.000267242,0.015146825,0.032563265,0.024006512,2.568241596
16370,0.001950548,0.001157903,0.000565416,0.000227229,0.026125077,0.020041309,0.021065347,2.489726305
16380,0.002540908,0.000766028,0.001401897,0.000372983,0.026299918,0.044213306,0.038053092,2.407468557
16390,0.011605049,0.004423028,0.00655384,0.000628181,0.066384941,0.090626433,0.061744813,2.571513891
16400,0.015438111,0.010537847,0.002532545,0.002367718,0.144882455,0.141410097,0.133249849,2.389366627
16410,0.011131653,0.006603179,0.002370025,0.002158449,0.118251815,0.117232397,0.115686245,2.46566391
16420,0.005902192,0.002034777,0.000612796,0.003254619,0.051966526,0.059248194,0.06413886,2.376377106
16430,0.003309999,0.000993168,0.000567472,0.001749358,0.035694756,0.042473756,0.045786604,2.36106658
16440,0.008864162,0.005067883,0.001360363,0.002435916,0.103107557,0.102016509,0.107269213,2.392503738
16450,0.162770867,0.105534978,0.028490575,0.028745318,0.484529495,0.484486401,0.474571824,2.412985802
16460,0.048402581,0.029163478,0.007452989,0.011786113,0.226039439,0.227384478,0.241577506,2.382102013
16470,0.034497708,0.021541355,0.006461405,0.006494943,0.219957307,0.232693821,0.214197725,2.429594755
16480,0.009513582,0.006449243,0.001099331,0.001965009,0.112451553,0.083669886,0.103155524,2.373407125
16490,0.004122966,0.002292853,0.000741137,0.001088976,0.062819824,0.071297079,0.073511377,2.387078047
16500,0.002415395,0.00139806,0.000445463,0.000571872,0.047136113,0.052494805,0.049083997,2.396306276
16510,0.001019836,0.000512022,0.000171868,0.000335946,0.011906021,0.013077427,0.015237886,2.456641436
16520,0.001445332,0.000568971,0.000395454,0.000480907,0.016864035,0.024807427,0.022841793,2.358464241
16530,0.006464767,0.000589877,0.005678135,0.000196754,0.015508454,0.056327913,0.016851708,2.506268024
16540,0.00255268,0.00097023,0.00129083,0.00029162,0.014527977,0.031548362,0.016837418,2.532985687
16550,0.022593526,0.020994322,0.001029623,0.000569582,0.050093852,0.038832288,0.033848409,2.415855646
16560,0.022558514,0.016801167,0.00124345,0.004513896,0.153533563,0.053874098,0.112815574,2.534899235
16570,0.318092585,0.162114337,0.09816014,0.0578181,0.622139573,0.881699204,0.672165275,2.490825653
16580,0.091026098,0.069858849,0.002757268,0.018409982,0.388882697,0.187826201,0.366871029,2.426676512
16590,0.016397601,0.004414121,0.000787396,0.011196084,0.059244066,0.044559188,0.132957041,2.424732685
16600,0.006804857,0.001813194,0.0008049,0.004186763,0.03255761,0.064146288,0.099068284,2.383671522
16610,0.002837488,0.001447448,0.000362106,0.001027935,0.03728817,0.025191082,0.038572535,2.433180571
16620,0.001800006,0.000837303,0.000275563,0.000687141,0.022704391,0.027328454,0.03618592,2.400198936
16630,0.001337374,0.000726564,0.000243878,0.000366933,0.026760947,0.030955359,0.029739968,2.358245611
16640,0.000965315,0.00059785,0.000161302,0.000206163,0.018155005,0.015153212,0.014828647,2.45731163
16650,0.000796233,0.0004671,0.000146548,0.000182585,0.009418944,0.011272088,0.010822427,2.440758944
16660,0.000824925,0.000483666,0.000159087,0.000182172,0.012269197,0.015830349,0.013197243,2.390967846
16670,0.000811975,0.000475962,0.00015335,0.000182662,0.011946309,0.014808714,0.014199074,2.446403027
16680,0.000916008,0.000539276,0.000175753,0.000200979,0.018237591,0.021402244,0.019555286,2.500676394
16690,0.003437505,0.002097566,0.000691266,0.000648674,0.064327873,0.069146082,0.064250141,2.488743305
16700,0.091270357,0.057989273,0.017392658,0.015888421,0.364864796,0.374439478,0.357627958,2.417784929
16710,0.002495389,0.00158977,0.000583103,0.000322516,0.022126488,0.024436738,0.016191475,2.396961689
16720,0.013932078,0.009776118,0.002074727,0.002081233,0.125864059,0.110939391,0.110451266,2.404512882
16730,0.013396624,0.007556826,0.003125174,0.002714623,0.130370185,0.147610605,0.143534213,2.405594587
16740,0.007005201,0.004268659,0.001433796,0.001302746,0.090083808,0.08862254,0.087649941,2.435929537
16750,0.003443711,0.001174042,0.001723608,0.00054606,0.039590769,0.046064872,0.044207029,2.480484009
16760,0.005239235,0.000541407,0.004493436,0.000204392,0.011047357,0.044776052,0.012003404,2.42896843
16770,0.001717795,0.001025573,0.00034103,0.000351192,0.039126873,0.03973604,0.039277788,2.45925355
16780,0.001536971,0.000598849,0.000687788,0.000250334,0.021067783,0.023558356,0.020531029,2.379659891
16790,0.001228926,0.00046078,0.000172524,0.000595622,0.010911992,0.012497975,0.018627018,2.420039415
16800,0.005773846,0.000573189,0.000420639,0.004780017,0.02063638,0.026831992,0.053318262,2.424702883
16810,0.010938915,0.005844454,0.002267456,0.002827006,0.113381408,0.11952585,0.119159639,2.410614491
16820,0.245839104,0.158893347,0.044354003,0.042591766,0.583665848,0.602573156,0.578482151,2.44258976
16830,0.09818916,0.062957063,0.021355491,0.013876613,0.368403554,0.363841325,0.348370612,2.412739038
16840,0.009922284,0.0063308,0.002118642,0.001472841,0.084542066,0.080271624,0.084273607,2.408383369
16850,0.005973953,0.004780137,0.000762055,0.000431762,0.025975164,0.028658297,0.021076573,2.423210621
16860,0.004558163,0.002706516,0.001486013,0.000365632,0.015030649,0.032456748,0.014313367,2.4355762
16870,0.001792719,0.000699085,0.000860514,0.00023312,0.011548178,0.021353219,0.012446334,2.415584564
16880,0.001146127,0.000683484,0.000251411,0.000211232,0.018520925,0.015071037,0.015670668,2.399137735
16890,0.000946017,0.000556133,0.00020201,0.000187874,0.012225607,0.013803754,0.013029402,2.388762712
16900,0.000828142,0.000454819,0.000204408,0.000168916,0.009818478,0.01297866,0.010420034,2.493043661
16910,0.001076214,0.000623651,0.000227713,0.00022485,0.023528866,0.024822066,0.024209011,2.392649889
16920,0.01163253,0.005756439,0.004024875,0.001851216,0.111526877,0.124864429,0.116388738,2.358664751
16930,0.195625037,0.118679814,0.040256642,0.03668857,0.513692856,0.512794733,0.532152772,2.418503284
16940,0.058255117,0.037361968,0.010739657,0.010153493,0.301001787,0.30937621,0.295337498,2.402133226
16950,0.022198906,0.015260731,0.003954061,0.002984114,0.153092891,0.153232351,0.136133581,2.353349686
16960,0.006565123,0.00394693,0.001397735,0.001220457,0.088583097,0.090767801,0.087981239,2.438021898
16970,0.007592942,0.002986066,0.00072409,0.003882785,0.070768617,0.06931974,0.083676323,2.568724632
16980,0.007843515,0.001574263,0.000480954,0.005788298,0.049306974,0.052160196,0.070089638,2.414424896
16990,0.001964502,0.000708392,0.000193396,0.001062713,0.022530163,0.021760754,0.030179897,2.424398422
17000,0.00136498,0.000840703,0.000226524,0.000297753,0.03178715,0.030191712,0.031555422,2.396648407
17010,0.00148487,0.000914727,0.000279673,0.00029047,0.034673695,0.035112407,0.033750527,2.400474072
17020,0.003186829,0.002006719,0.000571354,0.000608755,0.061311554,0.062611729,0.060058326,2.389981747
17030,0.031883296,0.020499168,0.005631057,0.005753072,0.21396248,0.215635777,0.209269702,2.470826626
17040,0.11781849,0.075836778,0.021182664,0.020799061,0.401489049,0.41297999,0.397845149,2.404205799
17050,0.0376487,0.024718588,0.006191509,0.006738598,0.238388568,0.229374126,0.233448327,2.376124144
17060,0.014333672,0.008688361,0.002762692,0.002882617,0.125144139,0.134389043,0.133998096,2.439421415
17070,0.006807885,0.004085192,0.001309224,0.001413469,0.093676791,0.100375973,0.1005373,2.333904505
17080,0.001718381,0.000941642,0.000437217,0.000339522,0.035173409,0.033681173,0.032322727,2.309391737
17090,0.002487136,0.00130038,0.00076659,0.000420166,0.046233237,0.046578065,0.045231659,2.367332697
17100,0.001900243,0.001014372,0.000303105,0.000582766,0.035625242,0.036738336,0.038245663,2.399192095
17110,0.004926467,0.001913021,0.000547212,0.002466233,0.059501246,0.060644321,0.068852827,2.405350208
17120,0.030198606,0.016682863,0.00422129,0.009294453,0.191960171,0.185353965,0.19302839,2.378545284
17130,0.132148415,0.072353683,0.029035078,0.030759644,0.391519368,0.438604176,0.42734465,2.364527941
17140,0.064698011,0.044404343,0.008709202,0.011584469,0.322726846,0.280054241,0.287480026,2.374677896
17150,0.023193425,0.015825894,0.003658745,0.003708783,0.167019457,0.161413014,0.152341932,2.377503157
17160,0.004945491,0.000595249,0.002420596,0.001929646,0.022015601,0.105075873,0.08211039,2.388907194
17170,0.006588474,0.002400093,0.002227934,0.001960448,0.062567763,0.126752332,0.109444931,2.413440943
17180,0.004475686,0.00361734,0.00042784,0.000430506,0.079372257,0.051882166,0.048203573,2.419380188
17190,0.001004838,0.000510423,0.000279905,0.00021451,0.014094437,0.012622338,0.011081923,2.353893757
17200,0.001542189,0.000859706,0.000411103,0.00027138,0.03103631,0.030582272,0.027967865,2.396367788
17210,0.001846289,0.001055924,0.000475929,0.000314436,0.037526011,0.032624029,0.03513597,2.399486542
17220,0.005241012,0.002597618,0.0019221,0.000721292,0.069608979,0.065565906,0.067001447,2.457019329
17230,0.037120737,0.01985807,0.011816088,0.005446579,0.208716631,0.196766138,0.204134449,2.448314667
17240,0.10225144,0.056184687,0.028510448,0.017556317,0.351121187,0.417227983,0.369959295,2.433377266
17250,0.03318638,0.020978015,0.007495036,0.004713328,0.198469415,0.174660534,0.176802665,2.565784931
17260,0.005994902,0.00374519,0.000996722,0.00125299,0.091812193,0.090034813,0.097173631,2.425324917
17270,0.002034184,0.000807031,0.000933199,0.000293953,0.030157864,0.035682328,0.032741059,2.397417307
17280,0.003531583,0.002210407,0.000686013,0.000635163,0.063508257,0.067277893,0.064105935,2.397395372
17290,0.009279149,0.005767898,0.001643436,0.001867816,0.112294838,0.115109965,0.114338532,2.410569191
17300,0.03050507,0.019063683,0.005431696,0.006009691,0.203151941,0.204429731,0.203041315,2.432675123
17310,0.026832322,0.01688388,0.004543839,0.005404604,0.187893122,0.188832194,0.188583165,2.472481012
17320,0.002762957,0.001465417,0.00044793,0.000849611,0.05115898,0.053557783,0.052974179,2.351331472
17330,0.010936029,0.005165133,0.001473402,0.004297494,0.100893058,0.106521606,0.104239471,2.509507895
17340,0.008725314,0.005360027,0.001411627,0.001953661,0.100705817,0.103309005,0.099245578,2.465175152
17350,0.072252691,0.038694911,0.010467269,0.02309051,0.294239044,0.294042528,0.312804997,2.580958605
17360,0.045068972,0.028125217,0.005620549,0.011323204,0.15852502,0.20735386,0.191564605,2.372463226
17370,0.026651528,0.021052292,0.002182417,0.003416817,0.189643532,0.098568484,0.149098009,2.413923025
17380,0.019657515,0.008408397,0.00641741,0.004831706,0.13720113,0.219743535,0.168670505,2.49949193
17390,0.010105535,0.006982029,0.001262306,0.0018612,0.114340931,0.088029563,0.099905595,2.477279902
17400,0.001186296,0.00065521,0.000168278,0.000362808,0.016995283,0.017091056,0.015787825,2.398487806
17410,0.00325253,0.002255814,0.000392355,0.00060436,0.062448561,0.04649926,0.057261817,2.420487881
17420,0.001637162,0.000983334,0.000330919,0.00032291,0.036082644,0.031717103,0.034646466,2.451362848
17430,0.001963092,0.00057121,0.001165939,0.000225942,0.020242685,0.037968434,0.024951674,2.560190439
17440,0.00795061,0.001206555,0.006340951,0.000403105,0.043802693,0.077724397,0.046112977,2.428648233
17450,0.020838149,0.013723368,0.003529563,0.003585215,0.171880841,0.167358875,0.165342167,2.443668127
17460,0.158305392,0.100418828,0.028668173,0.029218413,0.462608576,0.484917372,0.473334163,2.365784645
17470,0.066353306,0.042631302,0.013504823,0.01021718,0.28865394,0.289966673,0.259997398,2.552130461
17480,0.056363456,0.024257502,0.0149356,0.017170357,0.268338501,0.369898796,0.375901788,2.371224165
17490,0.011187508,0.004294343,0.004472817,0.002420348,0.046869375,0.072445974,0.055203065,2.394872189
17500,0.103187323,0.066553801,0.017611654,0.019021852,0.319033623,0.326399863,0.331948191,2.472881079
17510,0.603225112,0.411262095,0.10103029,0.090932779,0.873824477,0.837551475,0.790789068,2.389029264
17520,0.583409011,0.308889866,0.141057804,0.133461267,0.767838717,1.011342049,0.908654213,2.390122652
17530,0.32356602,0.04887788,0.202743039,0.071945094,0.241670042,1.115541577,0.518272102,2.365221024
17540,0.071288079,0.034063965,0.010220011,0.027004095,0.135395125,0.174315631,0.258686393,2.385483503
17550,0.034446791,0.016140977,0.001122892,0.017182922,0.152689397,0.070200674,0.175780743,2.406537533
17560,0.012522336,0.007994885,0.000520862,0.004006591,0.04534246,0.032012448,0.085513234,2.392399073
17570,0.006203295,0.002615254,0.000966583,0.002621459,0.061660297,0.03776006,0.0706302,2.349513769
17580,0.002615578,0.000916984,0.000446729,0.001251864,0.025459494,0.022350132,0.063397631,2.350872755
17590,0.001197021,0.000579538,0.000178553,0.00043893,0.01386312,0.014488725,0.024298985,2.414977074
17600,0.000936216,0.000490584,0.00015507,0.000290563,0.011123268,0.012443487,0.022112641,2.488164902
17610,0.000833556,0.000477584,0.000149519,0.000206453,0.010316249,0.011472193,0.016797788,2.444345713
17620,0.000792928,0.000459533,0.000148332,0.000185064,0.01050907,0.013193876,0.013141282,2.422137737
17630,0.000776698,0.000450723,0.000144711,0.000181264,0.00997584,0.012377447,0.012091101,2.36181426
17640,0.000765147,0.000446216,0.000140555,0.000178376,0.009718917,0.011602575,0.011770337,2.392867327
17650,0.00075456,0.000441394,0.000138031,0.000175135,0.009540781,0.011388389,0.011452589,2.3814044
17660,0.000746745,0.000437822,0.000135954,0.000172969,0.009361999,0.01092585,0.011247185,2.506613016
17670,0.000740373,0.000434853,0.000134399,0.00017112,0.009176441,0.010581926,0.011059646,2.399855614
17680,0.000734816,0.000432074,0.000133101,0.000169641,0.009135319,0.010621556,0.01086033,2.410559893
17690,0.000729506,0.000429358,0.000131938,0.00016821,0.009079632,0.010616574,0.010718985,2.760040998
17700,0.000724788,0.000427144,0.000130831,0.000166812,0.009080535,0.010697069,0.010593183,2.419423342
17710,0.000720548,0.000424978,0.000129936,0.000165634,0.008939253,0.010588882,0.010451389,2.390454769
17720,0.000716593,0.000423033,0.000128944,0.000164616,0.008904963,0.010527231,0.010378012,2.552481174
17730,0.000713211,0.00042131,0.000128261,0.000163639,0.008839388,0.010455796,0.01029062,2.451571226
17740,0.000709821,0.000419583,0.000127493,0.000162745,0.008967029,0.010618441,0.010333669,2.500856876
17750,0.000706326,0.000417712,0.000126754,0.000161859,0.008799041,0.010451804,0.010160914,2.471411467
17760,0.000703164,0.000416128,0.000126051,0.000160984,0.008777452,0.010462209,0.010063985,2.494721651
17770,0.000700048,0.000414482,0.000125403,0.000160162,0.00882424,0.010493897,0.010038856,2.594108343
17780,0.000697212,0.000413057,0.000124777,0.000159377,0.008797977,0.010484671,0.009983715,2.484608889
17790,0.000694772,0.000411813,0.000124198,0.000158762,0.008687123,0.01028459,0.009905731,2.367737293
17800,0.000691653,0.000410061,0.000123638,0.000157954,0.008722123,0.010439471,0.009882232,2.417071342
17810,0.000689222,0.000408803,0.000123067,0.000157351,0.008755632,0.010450043,0.009919265,2.589556456
17820,0.000686744,0.000407552,0.00012254,0.000156653,0.008652677,0.010233825,0.009806675,2.582120895
17830,0.000684636,0.000406286,0.000122293,0.000156058,0.00865717,0.010272928,0.009744927,2.421406746
17840,0.000687988,0.000405253,0.000127252,0.000155483,0.008626178,0.010319226,0.009721579,2.480007172
17850,0.000981663,0.000412021,0.000412567,0.000157075,0.009450787,0.013251958,0.010629479,2.384085417
17860,0.018781116,0.001166994,0.017267084,0.000347042,0.043091908,0.077237874,0.041443091,2.478906393
17870,0.076456055,0.04835948,0.019065736,0.009030843,0.316674829,0.295018852,0.276362866,2.543103933
17880,0.018782567,0.015580132,0.001697298,0.001505135,0.118781894,0.089719117,0.099999607,2.399705648
17890,0.00799559,0.006761209,0.000579986,0.000654395,0.073180765,0.054924391,0.062443323,2.497573853
17900,0.0022219,0.001421224,0.000625094,0.000175582,0.01982333,0.019474693,0.015528234,2.377100229
17910,0.001192119,0.000584261,0.000396798,0.00021106,0.020902185,0.021392729,0.022756625,2.408133745
17920,0.000921326,0.000513161,0.000141357,0.000266808,0.01628278,0.014395293,0.016733928,2.437590122
17930,0.003857868,0.000431741,0.000193762,0.003232365,0.01073797,0.013430534,0.028925449,2.489705324
17940,0.003183117,0.000427348,0.000133106,0.002622662,0.011539521,0.012906868,0.028324412,2.530728579
17950,0.001116968,0.000402655,0.000144777,0.000569536,0.008995414,0.01035464,0.013629312,2.457627058
17960,0.001769431,0.00039912,0.000122974,0.001247337,0.008647304,0.010218806,0.021065213,2.66083169
17970,0.000739172,0.000395895,0.000126579,0.000216699,0.008742369,0.010410019,0.010193305,2.465424299
17980,0.000714987,0.000394995,0.000123973,0.000196019,0.008617827,0.009993821,0.009829959,2.455655813
17990,0.000717125,0.00039374,0.000121714,0.00020167,0.008822873,0.010362225,0.010871324,2.658563852
18000,0.000681585,0.00039203,0.000120826,0.000168729,0.008550725,0.009992644,0.009537657,2.437700748
18010,0.000666433,0.000390698,0.000120245,0.00015549,0.008615396,0.010031915,0.009779232,2.528620243
18020,0.000661631,0.000389588,0.000119822,0.000152221,0.008535428,0.009990316,0.009483576,2.375363111
18030,0.000657968,0.000388511,0.000119419,0.000150038,0.008558476,0.010018811,0.009522684,2.39690876
18040,0.000655105,0.000387324,0.000119168,0.000148613,0.008538663,0.009958254,0.009509532,2.386620283
18050,0.000653017,0.000386349,0.000118514,0.000148154,0.008542415,0.009950188,0.009457711,2.786333799
18060,0.000651194,0.000385259,0.000118102,0.000147833,0.00847551,0.009854103,0.009465097,2.718293667
18070,0.000655206,0.000385023,0.00012206,0.000148124,0.008508528,0.00980669,0.009517835,2.524881601
18080,0.001114401,0.000519818,0.000400677,0.000193906,0.019083269,0.019337598,0.019828755,2.51461482
18090,0.057396069,0.025835801,0.024917414,0.00664286,0.230329603,0.215434164,0.221884519,2.564111233
18100,0.024095453,0.008241809,0.012591245,0.0032624,0.122968808,0.1545562,0.135886088,2.386026382
18110,0.048371512,0.029156646,0.010442751,0.008772112,0.250206202,0.254355013,0.253495395,2.414567947
18120,0.009365943,0.004456129,0.003792204,0.001117611,0.020688929,0.042085536,0.028788568,2.365406752
18130,0.009611096,0.005481076,0.002399022,0.001730997,0.086318493,0.080604166,0.082649596,2.39819932
18140,0.003427486,0.001633269,0.000568516,0.001225701,0.049249724,0.040630013,0.049186721,2.434245825
18150,0.001049764,0.000570313,0.000280653,0.000198797,0.023015449,0.022579957,0.02237637,2.499914169
18160,0.000823891,0.000440989,0.000160522,0.00022238,0.011655968,0.010551559,0.011912698,2.465169191
18170,0.00154065,0.000406664,0.000137876,0.00099611,0.009640615,0.010008262,0.018016312,2.380304575
18180,0.009187147,0.000712871,0.000195276,0.008279002,0.028581537,0.026564986,0.057929557,2.385319233
18190,0.002015907,0.000511778,0.000153627,0.001350502,0.018532142,0.018522447,0.027272731,2.374718904
18200,0.001802757,0.000911831,0.000244042,0.000646884,0.036100708,0.03518258,0.037269533,2.400003433
18210,0.000898545,0.000404962,0.00012734,0.000366243,0.010490639,0.01114582,0.014461022,2.329336166
18220,0.000881042,0.000457854,0.000137233,0.000285955,0.015347985,0.014693509,0.017277863,2.377655029
18230,0.001277256,0.000791643,0.000215615,0.000269998,0.031481188,0.029686566,0.032319248,2.339945078
18240,0.008490696,0.005390292,0.0012933,0.001807104,0.10696578,0.100308254,0.108629957,2.461941242
18250,0.126011714,0.078648634,0.020480758,0.026882324,0.42109102,0.414754242,0.428534418,2.676720142
18260,0.02791865,0.016777296,0.004284762,0.006856591,0.173857182,0.171218634,0.174155504,2.34506321
18270,0.0167151,0.010010405,0.002751467,0.003953227,0.148219302,0.147306532,0.150111794,2.555760622
18280,0.006186926,0.003825014,0.001131876,0.001230035,0.085722893,0.084358841,0.084244214,2.341724634
18290,0.00110904,0.000666884,0.00021978,0.000222376,0.026224012,0.025961922,0.02592227,2.413280487
18300,0.001483776,0.000928881,0.000251604,0.000303291,0.034846157,0.033318531,0.034577958,2.466924191
18310,0.000853479,0.000506367,0.000147861,0.000199251,0.020125184,0.020063363,0.020422759,2.453821182
18320,0.00127098,0.000765152,0.000216107,0.000289721,0.031192578,0.031143557,0.031436961,2.459553003
18330,0.002714661,0.001722972,0.000461759,0.00052993,0.055495184,0.055374369,0.05516351,2.35718894
18340,0.023772776,0.015396019,0.003943612,0.004433142,0.181967378,0.17967841,0.181061894,2.395044327
18350,0.123197399,0.079000294,0.021688601,0.022508504,0.407573462,0.412401319,0.408270299,2.463575363
18360,0.037528507,0.02426335,0.006150887,0.007114267,0.236199647,0.233483404,0.236900449,2.380340815
18370,0.015215652,0.0094839,0.002687797,0.003043956,0.131024152,0.129840702,0.130691022,2.465295076
18380,0.006364989,0.003488433,0.001247279,0.001629278,0.083300531,0.083322838,0.085302137,2.497571468
18390,0.001762229,0.000486303,0.000228882,0.001047043,0.019118719,0.02036815,0.024383223,2.924879789
18400,0.001160313,0.000615955,0.000307737,0.00023662,0.025145072,0.026127653,0.025451485,2.318454981
18410,0.001662791,0.00047467,0.000185171,0.001002951,0.014860267,0.015465225,0.022535805,2.348000765
18420,0.002889031,0.001543772,0.000596278,0.000748981,0.041368511,0.040758833,0.04137104,2.381545067
18430,0.026284613,0.015471887,0.007052871,0.003759856,0.13981685,0.137202308,0.133487687,2.458405018
18440,0.114775874,0.071309492,0.021142514,0.022323864,0.379975855,0.406574667,0.392988384,2.425867796
18450,0.031159595,0.015547265,0.011725648,0.003886683,0.087851748,0.103258446,0.104244426,2.356485367
18460,0.014699468,0.009615316,0.002755438,0.002328712,0.111571334,0.120265558,0.124149263,2.390010357
18470,0.007677141,0.005892667,0.000839898,0.000944577,0.083007142,0.075311594,0.074203193,2.394534588
18480,0.004891082,0.003018782,0.00078536,0.00108694,0.076369949,0.076901689,0.078590102,2.41170907
18490,0.000964057,0.000565443,0.000157362,0.000241251,0.010712503,0.011778262,0.012492904,2.338809013
18500,0.001700935,0.001062205,0.000318757,0.000319973,0.036719166,0.03885464,0.036231712,2.396843672
18510,0.001896331,0.001196638,0.000355637,0.000344056,0.041627314,0.043762535,0.04043331,2.626374006
18520,0.004996794,0.003202494,0.000885199,0.000909101,0.079016268,0.081520826,0.078402631,2.370384932
18530,0.045338385,0.02924015,0.007931874,0.008166361,0.251609862,0.257978559,0.251800001,2.425344467
18540,0.033546735,0.021845309,0.005573647,0.006127782,0.211405158,0.210242212,0.211463481,2.400889158
18550,0.018208239,0.011664152,0.003159446,0.00338464,0.159456685,0.160500795,0.161321402,2.423148632
18560,0.010853464,0.006800877,0.001837766,0.002214821,0.113567188,0.11505416,0.114982083,2.399380445
18570,0.001669375,0.001032844,0.000295968,0.000340563,0.040279228,0.040203623,0.041538298,2.413298368
18580,0.004047053,0.002546524,0.000713223,0.000787306,0.068313919,0.069186434,0.070353314,2.385874271
18590,0.003613287,0.001856271,0.00053392,0.001223096,0.056871802,0.058501646,0.061631754,2.46118784
18600,0.022170728,0.005141465,0.001549088,0.015480177,0.102660164,0.109454513,0.129458472,2.470931292
18610,0.050357316,0.02923969,0.007775678,0.013341948,0.251748681,0.252152592,0.256386459,2.372312784
18620,0.01947006,0.012459544,0.003406036,0.00360448,0.163482204,0.165575117,0.165218174,2.410255194
18630,0.017008929,0.010514604,0.002867445,0.003626879,0.143927291,0.14545396,0.145478562,2.420148134
18640,0.001988502,0.001165155,0.000339734,0.000483613,0.04534696,0.045615051,0.047246046,2.456156731
18650,0.006901246,0.004418334,0.001193208,0.001289704,0.094013497,0.093777321,0.094905511,2.47033143
18660,0.009929206,0.006325454,0.001753333,0.001850419,0.113224551,0.115222529,0.115251862,2.420548677
18670,0.028061362,0.017954243,0.005026697,0.005080424,0.194963157,0.199273556,0.197714061,2.583950281
18680,0.027671685,0.017607091,0.00511001,0.004954584,0.192970395,0.197972894,0.196386799,2.482542038
18690,0.002422166,0.001505471,0.000459455,0.00045724,0.045852933,0.047039319,0.045586459,2.496484756
18700,0.010054829,0.006405645,0.001792765,0.001856417,0.113347344,0.115742378,0.114664301,2.415573359
18710,0.015497095,0.009697978,0.002989697,0.002809419,0.142438039,0.146131307,0.144314945,2.363271952
18720,0.036972247,0.022859944,0.007736467,0.006375841,0.216792494,0.221870393,0.218755394,2.377128601
18730,0.013493186,0.008732202,0.003017518,0.001743467,0.109905243,0.111613229,0.107162252,2.35550189
18740,0.008715818,0.005527403,0.001538182,0.001650233,0.105929419,0.10988456,0.109846286,2.411163092
18750,0.032993957,0.019140825,0.008435057,0.005418074,0.193747699,0.208137721,0.201989889,2.368743658
18760,0.009394871,0.006428319,0.001459936,0.001506617,0.105377719,0.105307788,0.10475947,2.443273544
18770,0.005409578,0.003043784,0.000867014,0.00149878,0.071188986,0.071116403,0.072485097,2.453939199
18780,0.018650465,0.010231047,0.002585934,0.005833483,0.137382075,0.137929261,0.139714107,2.690534353
18790,0.048730418,0.030209366,0.008582769,0.009938285,0.255071372,0.262555271,0.265264064,2.421106577
18800,0.002349342,0.001373655,0.000437984,0.000537702,0.046612062,0.047314994,0.047665711,2.379853964
18810,0.010021245,0.006572165,0.001764653,0.001684427,0.108338378,0.109676771,0.107127756,2.580604076
18820,0.002197746,0.001268395,0.000373712,0.000555639,0.045096546,0.046132285,0.045808427,2.420243263
18830,0.000793659,0.000431107,0.000136735,0.000225817,0.015218616,0.016550705,0.016117405,2.499442101
18840,0.00095542,0.000525105,0.000161455,0.00026886,0.020675156,0.021132052,0.021359367,2.39718914
18850,0.008355505,0.005318629,0.001489295,0.001547582,0.104811966,0.107425228,0.105462834,2.404265642
18860,0.243946359,0.156279311,0.043320611,0.044346433,0.566820502,0.583166122,0.57480073,2.547394753
18870,0.084202133,0.054710872,0.01418204,0.015309223,0.35509792,0.349843502,0.35180667,2.480927706
18880,0.001552474,0.000814203,0.000427049,0.000311222,0.02150289,0.027105965,0.021104304,2.464719772
18890,0.010147599,0.006619399,0.00179998,0.001728218,0.10923101,0.108939297,0.105064258,2.379915237
18900,0.005322122,0.003425884,0.000854316,0.001041922,0.077348076,0.076287299,0.076895535,2.398019552
18910,0.002250743,0.001370424,0.000377496,0.000502823,0.045399256,0.04702324,0.046552256,2.428770781
18920,0.001365904,0.000776286,0.00032973,0.000259887,0.029795157,0.031169103,0.031720418,2.409710407
18930,0.005320061,0.000620554,0.004360055,0.000339452,0.015879173,0.037786465,0.015493734,2.432444811
18940,0.016900536,0.009782724,0.002589645,0.004528169,0.067936927,0.072274454,0.083910547,2.360963345
18950,0.008568963,0.004766485,0.002020404,0.001782075,0.06554468,0.070417091,0.066700988,2.368549109
18960,0.004491535,0.002966557,0.001188609,0.00033637,0.037683401,0.040365793,0.033487059,2.42045331
18970,0.002413714,0.001224687,0.000409139,0.000779888,0.044067986,0.046334743,0.047162667,2.423047066
18980,0.002068923,0.001132812,0.000446279,0.000489833,0.042118505,0.042217568,0.041854545,2.429641485
18990,0.005300669,0.003299433,0.000979606,0.00102163,0.079483971,0.081872948,0.080232605,2.452546358
19000,0.057356942,0.036622174,0.010164916,0.010569862,0.280846208,0.287172019,0.284189403,2.409807205
19010,0.015210787,0.009636093,0.00261805,0.002956644,0.13340193,0.134577632,0.13437815,2.374480724
19020,0.007734992,0.004691229,0.001446303,0.00159746,0.095632762,0.101772383,0.100331374,2.449921131
19030,0.006975317,0.004328438,0.001304574,0.001342306,0.089298807,0.093845986,0.091461718,2.461896896
19040,0.004927411,0.003075588,0.000923254,0.000928568,0.078007847,0.079527847,0.0796085,2.409856558
19050,0.001311231,0.000944694,0.000169572,0.000196966,0.020977549,0.020154789,0.020729885,2.401068926
19060,0.000982203,0.000605085,0.000169743,0.000207375,0.023561232,0.023912255,0.024257068,2.464212656
19070,0.001770593,0.001132522,0.000302085,0.000335987,0.040678114,0.041345164,0.040146425,2.577030659
19080,0.01208316,0.008289109,0.00187041,0.001923641,0.118673265,0.120615363,0.116901621,2.63763833
19090,0.115886159,0.073704079,0.020622909,0.021559164,0.389894068,0.406208664,0.396988869,2.43571949
19100,0.021789469,0.012285655,0.006816484,0.002687329,0.153568581,0.154455781,0.148840785,2.766406059
19110,0.011260211,0.007158229,0.002441749,0.001660233,0.086779863,0.097567782,0.093068719,2.510124445
19120,0.006425225,0.000755979,0.000808361,0.004860885,0.013192898,0.019330371,0.038199347,2.430109024
19130,0.002052399,0.001053893,0.000596578,0.000401928,0.023356013,0.031282254,0.028805286,2.448292255
19140,0.000779366,0.000510387,0.000120203,0.000148776,0.014464309,0.0132971,0.013258962,2.405775547
19150,0.001107548,0.000517892,0.000413244,0.000176413,0.015830917,0.020778794,0.017348249,2.443444967
19160,0.001337173,0.000816945,0.000241751,0.000278476,0.033050962,0.033787508,0.032660753,2.664510965
19170,0.007555128,0.00436729,0.00183431,0.001353528,0.093892589,0.0995645,0.094879806,2.37005949
19180,0.105511606,0.061902002,0.025554154,0.018055435,0.36044696,0.368262947,0.365120173,2.407446623
19190,0.010120748,0.003823376,0.005196181,0.001101191,0.090070993,0.100625172,0.092243463,2.552595377
19200,0.004990876,0.002308841,0.00209435,0.000587685,0.05399064,0.052801147,0.047878101,2.343041182
19210,0.000882985,0.000488874,0.000183046,0.000211066,0.009310808,0.011022475,0.009514084,2.922739506
19220,0.002940826,0.00176499,0.000585355,0.000590481,0.053881042,0.055387948,0.056938998,2.542856932
19230,0.001633267,0.000833414,0.000337784,0.000462069,0.03362935,0.034029443,0.034967259,2.372968912
19240,0.001446184,0.000843815,0.000316491,0.000285878,0.034173988,0.036948007,0.034396719,2.365914106
19250,0.001429916,0.000763816,0.000235639,0.000430461,0.029930945,0.031443119,0.032360636,2.415058374
19260,0.009249846,0.002982463,0.000847969,0.005419415,0.07236506,0.078111351,0.086695582,2.398467541
19270,0.065196916,0.042848647,0.011184114,0.01116416,0.29442209,0.300379068,0.289467782,2.490804434
19280,0.01942189,0.014530192,0.001692754,0.003198942,0.106924325,0.104926452,0.117655836,2.450675249
19290,0.008503097,0.003017092,0.00114002,0.004345984,0.062316716,0.083402842,0.086218029,2.509452105
19300,0.003113269,0.002209428,0.000445527,0.000458313,0.050916526,0.050292417,0.049480513,2.467764616
19310,0.004710885,0.002746468,0.000794171,0.001170246,0.068795197,0.068869501,0.067930654,2.369562387
19320,0.002338332,0.001192581,0.000794236,0.000351515,0.041544594,0.045067281,0.041208588,2.452429295
19330,0.000802418,0.000472591,0.000130923,0.000198904,0.016956754,0.017022368,0.016671877,2.43506074
19340,0.001047058,0.000388293,0.000490344,0.000168421,0.013093047,0.016450889,0.012934079,2.414982796
19350,0.002678925,0.000390795,0.002151128,0.000137002,0.008397005,0.026339792,0.008608162,2.405918598
19360,0.009412789,0.002475801,0.006151165,0.000785821,0.066330798,0.084364682,0.070414193,2.355336189
19370,0.104747474,0.067058221,0.018484198,0.019205058,0.375840217,0.385413527,0.380345881,2.40097928
19380,0.018907854,0.013208051,0.003458376,0.002241426,0.118329436,0.138170928,0.132511884,2.471799135
19390,0.020640304,0.012198448,0.004739543,0.003702311,0.140286267,0.162696421,0.149785757,2.445691347
19400,0.010441992,0.006951342,0.001661559,0.001829091,0.112781577,0.107437186,0.112972505,2.621459961
19410,0.002581461,0.001431244,0.000571082,0.000579136,0.048285931,0.061459642,0.058253057,2.382273674
19420,0.000686928,0.000416059,0.000123866,0.000147004,0.009128928,0.014048224,0.010988267,2.594003677
19430,0.001015245,0.0006684,0.000147677,0.000199168,0.025036253,0.019449662,0.023767352,2.407207727
19440,0.000596353,0.000342385,0.00011663,0.000137337,0.008430745,0.009691179,0.008924395,2.43753171
19450,0.000754993,0.000441314,0.000145623,0.000168056,0.017857166,0.019006759,0.018538533,2.527576447
19460,0.001133313,0.000756666,0.000177852,0.000198795,0.025763506,0.025411312,0.024239246,2.442654371
19470,0.007136261,0.004894313,0.001070866,0.001171082,0.090842932,0.088813677,0.088550799,2.421617508
19480,0.107695259,0.068621635,0.019525731,0.019547898,0.369341373,0.387222081,0.372394085,2.550375223
19490,0.022383805,0.013811643,0.006035168,0.002536996,0.11598146,0.125064984,0.111917473,2.362293959
19500,0.017345672,0.004223456,0.002811469,0.010310749,0.08326301,0.106382512,0.093760505,2.384673834
19510,0.008243255,0.00327937,0.000777089,0.004186796,0.068472758,0.052281924,0.066966981,2.48257947
19520,0.002768917,0.000477867,0.000338779,0.001952271,0.013892522,0.018985748,0.028572604,2.464971066
19530,0.001475205,0.000563347,0.000239223,0.000672635,0.024777986,0.032603987,0.033325046,2.412085533
19540,0.000864984,0.000351963,0.000353112,0.000159909,0.008083582,0.013820926,0.009161322,2.404807568
19550,0.000613254,0.000341361,0.000138229,0.000133664,0.008142513,0.009451948,0.008427035,2.664480925
19560,0.000711697,0.000347178,0.000226593,0.000137927,0.009474112,0.011543581,0.010073474,2.396390438
19570,0.002192614,0.000998612,0.000854239,0.000339763,0.037988067,0.042554438,0.040199496,2.383244753
19580,0.058979589,0.031518526,0.017078875,0.010382184,0.254275173,0.269513726,0.263608932,2.421925545
19590,0.025259119,0.009651188,0.011726304,0.003881626,0.135963544,0.191387832,0.162838072,2.490506172
19600,0.013815789,0.007544064,0.002521685,0.00375004,0.117153972,0.076247767,0.110241815,2.441537857
19610,0.013524489,0.004573878,0.004397788,0.004552824,0.069806635,0.156122774,0.136560082,2.417759657
19620,0.003120962,0.002339253,0.000301507,0.000480203,0.047310188,0.024642579,0.034011748,2.369454622
19630,0.001664993,0.000744895,0.000356999,0.000563098,0.013171132,0.016895354,0.020643046,2.391074181
19640,0.000962706,0.000497832,0.000132346,0.000332529,0.011141471,0.010607312,0.010987218,2.37393117
19650,0.000787082,0.00037982,0.000130505,0.000276757,0.014138964,0.012346921,0.017039889,2.419839144
19660,0.000776283,0.00046201,0.00014078,0.000173493,0.011458891,0.01527659,0.011977436,2.369362831
19670,0.001952537,0.001302683,0.000248523,0.000401331,0.034927852,0.036235183,0.041161954,2.432833433
19680,0.03255219,0.02279805,0.003976952,0.005777187,0.178118631,0.177944928,0.191086262,2.435677767
19690,0.055813231,0.0389475,0.007579516,0.009286211,0.248081431,0.242030829,0.228745133,2.379682064
19700,0.020460987,0.013146132,0.003504176,0.003810679,0.164331377,0.16780369,0.159667209,2.378279686
19710,0.002977871,0.002014009,0.000147202,0.00081666,0.022761317,0.021932311,0.028920868,2.866333961
19720,0.004849243,0.002592951,0.000806474,0.001449817,0.070970796,0.076340787,0.062670439,2.457865953
19730,0.003503494,0.002130618,0.000637092,0.000735784,0.060365178,0.063665539,0.064676903,2.460475445
19740,0.002488056,0.00139987,0.000447854,0.000640332,0.049204484,0.053393707,0.054298662,2.454613447
19750,0.004740635,0.002972841,0.00089701,0.000870785,0.075819135,0.079434514,0.074257895,2.573228359
19760,0.030646322,0.019189231,0.005719761,0.00573733,0.1993303,0.207679212,0.202492088,2.518516779
19770,0.055371687,0.034327954,0.010376259,0.010667475,0.259854466,0.270278633,0.27051717,2.371931076
19780,0.021327006,0.013051763,0.003998077,0.004277165,0.167388737,0.177092254,0.172872722,2.538518429
19790,0.004753575,0.002174318,0.001428478,0.001150779,0.058114998,0.064176038,0.06058149,2.367161751
19800,0.005701768,0.001731975,0.003161881,0.000807913,0.054231569,0.061836049,0.061353803,2.350976706
19810,0.004198779,0.000384616,0.001200085,0.002614079,0.010472552,0.022151781,0.028505491,2.50485611
19820,0.000923556,0.00041463,0.000320874,0.000188052,0.015025271,0.017685976,0.01548719,2.517827034
19830,0.002182006,0.000735828,0.000365371,0.001080806,0.030291568,0.030591173,0.038627021,2.484499693
19840,0.024125921,0.014773982,0.004091985,0.005259953,0.176246166,0.177552372,0.182711884,2.433989763
19850,0.130320266,0.083718129,0.022640817,0.023961319,0.404480278,0.409110844,0.41106993,2.461108446
19860,0.011490428,0.006305467,0.002018913,0.003166049,0.088027917,0.106478333,0.12010169,2.736561298
19870,0.007493488,0.003002891,0.001308019,0.003182578,0.069130056,0.077705726,0.061529197,2.349574804
19880,0.004699768,0.002177011,0.000924393,0.001598363,0.063979045,0.05838614,0.071849778,2.418637037
19890,0.002534282,0.000686757,0.00103044,0.000817085,0.029678106,0.028848998,0.032114603,2.406357765
19900,0.001440751,0.000734007,0.000215829,0.000490915,0.024618063,0.024170466,0.020277862,2.504091501
19910,0.002132706,0.001587915,0.000155895,0.000388896,0.012070485,0.009594017,0.013808835,2.364598989
19920,0.010633099,0.008389776,0.001772669,0.000470654,0.042271849,0.058566883,0.046693958,2.458573103
19930,0.030695276,0.012597024,0.011866636,0.006231614,0.148746222,0.17831549,0.165822357,2.465072155
19940,0.012743875,0.007847615,0.002276661,0.0026196,0.11845164,0.127691001,0.128242552,2.572739363
19950,0.005598963,0.003510628,0.001020709,0.001067626,0.077688806,0.084507421,0.07788194,2.507748365
19960,0.004067031,0.002479494,0.000736508,0.000851029,0.067241095,0.069985844,0.066762827,2.41368556
19970,0.001987865,0.001220203,0.000357039,0.000410623,0.041898943,0.044308431,0.042700432,2.550085068
19980,0.004422931,0.002689627,0.000801053,0.00093225,0.071676537,0.073889792,0.074429683,2.802075624
19990,0.045540452,0.028437488,0.008691637,0.008411322,0.243016049,0.253460944,0.249380231,2.416511059
20000,0.029765824,0.019118106,0.005578309,0.005069404,0.184274673,0.187286437,0.182498842,2.51026845
20010,0.014654834,0.008801416,0.003192626,0.002660792,0.127773553,0.139545128,0.136308193,2.472383022
20020,0.011035847,0.007317196,0.001822091,0.001896561,0.109412864,0.107897595,0.10862156,2.438754082
20030,0.004650129,0.002797798,0.000880783,0.000971549,0.073471457,0.07489901,0.076044068,2.344894886
20040,0.001165981,0.00072389,0.000205827,0.000236265,0.027743503,0.029215222,0.029566672,2.347016811
20050,0.002946959,0.002012362,0.000135934,0.000798663,0.021914657,0.017529845,0.020119822,2.494176149
20060,0.012696236,0.005653006,0.000296473,0.006746757,0.025116198,0.032270491,0.053757317,2.398224115
20070,0.020682335,0.013332551,0.003708554,0.003641229,0.161909163,0.164866984,0.159570128,2.447140932
20080,0.06862811,0.042276654,0.012853027,0.013498431,0.290654778,0.314042926,0.308192551,2.412591219
20090,0.016428385,0.010156983,0.00287127,0.003400131,0.130743906,0.137044087,0.135772914,2.434309244
20100,0.003493851,0.002872203,0.00020606,0.000415589,0.017779242,0.020745419,0.024261659,2.504713774
20110,0.0069532,0.004081042,0.002060204,0.000811954,0.069143459,0.072189063,0.059441574,2.414408922
20120,0.016651148,0.001932723,0.013963386,0.000755036,0.059778601,0.088685624,0.059031967,2.400337696
20130,0.002272981,0.000990102,0.000790019,0.00049286,0.037541687,0.04516511,0.042532891,2.327300787
20140,0.006844468,0.003152056,0.00258604,0.001106373,0.074429847,0.086685985,0.084270239,2.386624336
20150,0.05293449,0.034601379,0.008935412,0.0093977,0.267206281,0.269054681,0.265447497,2.399258375
20160,0.011755564,0.007692564,0.001822961,0.002240039,0.124572888,0.116925016,0.120654047,2.365430117
20170,0.009203517,0.005280421,0.001956719,0.001966379,0.098663867,0.116101354,0.107417658,2.369023085
20180,0.008986223,0.006210412,0.001273316,0.001502495,0.106582753,0.09359166,0.100635886,2.40630126
20190,0.003814697,0.002863763,0.00033144,0.000619494,0.040461358,0.044121142,0.040028311,2.426101685
20200,0.001196437,0.000354654,0.000121408,0.000720374,0.012135852,0.014879824,0.01932507,2.451074123
20210,0.007185315,0.002223646,0.000106066,0.004855602,0.012471021,0.009300645,0.036801979,2.404426575
20220,0.00760951,0.005445169,0.001026225,0.001138115,0.083540127,0.084761843,0.082903966,2.443051577
20230,0.079716191,0.049557704,0.014221727,0.015936771,0.317901075,0.332634628,0.338266134,2.556024551
20240,0.006816358,0.003674175,0.000550729,0.002591455,0.037178282,0.058269802,0.074609838,2.649111509
20250,0.003254989,0.002038471,0.00053205,0.000684468,0.027926389,0.04232562,0.034291878,2.557860136
20260,0.007534564,0.005102923,0.001194065,0.001237577,0.0831379,0.08278662,0.075843044,2.517379522
20270,0.001629419,0.001041087,0.000325536,0.000262796,0.028732028,0.028503232,0.026856158,2.432871342
20280,0.002651506,0.001715052,0.000459237,0.000477218,0.05359691,0.052970361,0.052255899,2.466638803
20290,0.002139043,0.001309517,0.000365721,0.000463806,0.046796478,0.047084093,0.05048915,2.42434907
20300,0.003922198,0.002567615,0.000667484,0.000687098,0.066091597,0.064697377,0.064292774,2.419302464
20310,0.027712092,0.017441202,0.00519813,0.00507276,0.18752332,0.195463225,0.191026032,2.367851734
20320,0.064926058,0.040214065,0.012492819,0.012219171,0.283217013,0.299140036,0.295464635,2.425400257
20330,0.026729153,0.0166735,0.004997371,0.005058285,0.173133105,0.183937401,0.177994043,2.365827799
20340,0.010657554,0.006068774,0.002811733,0.00177705,0.111572504,0.113000572,0.113565348,2.384184361
20350,0.004723326,0.002021116,0.001835172,0.000867038,0.012867833,0.023229638,0.016818423,2.383330107
20360,0.010800151,0.003749008,0.001166838,0.005884306,0.043864973,0.050547127,0.057777181,2.408113718
20370,0.002789829,0.002023759,0.000194245,0.000571825,0.017231502,0.015174212,0.018205041,2.424256086
20380,0.000897902,0.000570774,0.00019127,0.000135859,0.009307005,0.009977063,0.00901355,2.395853758
20390,0.0013803,0.000530454,0.000592501,0.000257345,0.012815343,0.020614838,0.017034341,2.481294394
20400,0.012823601,0.00591562,0.005069333,0.001838647,0.109216779,0.12840654,0.114461511,2.475015402
20410,0.202888548,0.124040745,0.037957836,0.040889964,0.494744718,0.539618492,0.532430828,2.442403555
20420,0.051812548,0.037336186,0.008560184,0.005916179,0.256849676,0.154838815,0.183674887,2.409119368
20430,0.015249855,0.006119734,0.005122355,0.004007766,0.104923308,0.187721789,0.177370399,2.499704123
20440,0.004011224,0.002707033,0.00074991,0.000554281,0.074662179,0.03283304,0.03839954,2.450405359
20450,0.001698896,0.000752524,0.000271323,0.000675049,0.022156375,0.03045116,0.024735538,2.462366343
20460,0.001113425,0.000484807,0.000238772,0.000389845,0.016004276,0.016302332,0.01503993,2.534418583
20470,0.000868762,0.000439302,0.000144986,0.000284474,0.018240927,0.019645799,0.023931954,2.412691593
20480,0.000656707,0.000320519,0.000106056,0.000230132,0.008615809,0.008759274,0.009309563,2.386453152
20490,0.001080346,0.000329779,0.000105389,0.000645178,0.010342948,0.009859194,0.017350264,2.619194031
20500,0.006513047,0.000339595,0.000138931,0.00603452,0.010351429,0.016904296,0.047413476,2.515950441
20510,0.003128557,0.001873785,0.00041167,0.000843101,0.061245088,0.051946633,0.048989769,2.463641644
20520,0.051424257,0.032494891,0.009046298,0.009883065,0.259580731,0.267932981,0.261493325,2.563323736
20530,0.008249388,0.005345514,0.001495051,0.001408824,0.088078357,0.086215034,0.08310768,2.392357111
20540,0.007985071,0.003331006,0.001644368,0.003009696,0.082100064,0.094366089,0.109950006,2.347982407
20550,0.00861841,0.00470397,0.001687253,0.002227186,0.099798419,0.097398579,0.10308224,2.52944088
20560,0.001664571,0.000822192,0.000267177,0.000575202,0.034039963,0.033937812,0.031477172,2.480715752
20570,0.002375161,0.001195748,0.000553505,0.000625908,0.044514947,0.053304385,0.056149386,2.417280912
20580,0.000967625,0.00053718,0.000202495,0.00022795,0.023379628,0.024860997,0.02436921,2.477103233
20590,0.000729699,0.000427163,0.000139086,0.00016345,0.01811593,0.01983922,0.019735003,2.499854088
20600,0.002167765,0.001283833,0.000446632,0.000437301,0.045887195,0.048560143,0.049061362,2.39221859
20610,0.043713063,0.027037097,0.008527971,0.008147997,0.237089127,0.247696087,0.243964791,2.371584177
20620,0.030985529,0.019758373,0.005853826,0.005373332,0.188266933,0.193188384,0.191795453,2.442153454
20630,0.002820271,0.001671087,0.000514213,0.000634971,0.042017855,0.046254773,0.04508014,2.41806531
20640,0.007763338,0.004501642,0.001611861,0.001649835,0.091369852,0.100648955,0.094824836,2.456433058
20650,0.003914426,0.00218596,0.000730136,0.000998329,0.061363481,0.067609139,0.065614052,2.384932995
20660,0.00140006,0.000623624,0.000351683,0.000424753,0.026360644,0.032795541,0.034186665,2.439484596
20670,0.001218692,0.00030275,0.000613542,0.0003024,0.007602093,0.016259274,0.01402548,2.43856144
20680,0.009877907,0.000926333,0.00868276,0.000268813,0.031993955,0.067688197,0.031133614,2.489610434
20690,0.002638063,0.00087642,0.001491626,0.000270018,0.013830757,0.021738108,0.016114198,2.417345047
20700,0.008401969,0.001000437,0.0012869,0.00611463,0.009774906,0.023783565,0.042050827,2.483704329
20710,0.007832269,0.004144914,0.001569571,0.002117785,0.086623311,0.09294764,0.085276194,2.45904994
20720,0.028663877,0.013586686,0.00602796,0.009049231,0.172015846,0.214216381,0.22025761,2.38318181
20730,0.022275893,0.013217436,0.004049181,0.005009274,0.158305973,0.178735673,0.17965278,2.502799749
20740,0.003914839,0.002561445,0.000816999,0.000536394,0.047880389,0.059016533,0.052863345,2.421511889
20750,0.012071372,0.006752969,0.00263506,0.002683343,0.106651783,0.138165399,0.135192156,2.499668837
20760,0.035589393,0.020824138,0.006892167,0.007873086,0.210440472,0.228730544,0.240643919,2.447827578
20770,0.006618693,0.004007989,0.001563176,0.001047529,0.084076099,0.082550436,0.074764952,2.603940487
20780,0.006667748,0.00411433,0.001392705,0.001160713,0.088116258,0.094389513,0.087573223,2.796603918
20790,0.013495795,0.008947859,0.002311971,0.002235967,0.13615407,0.126226187,0.128018931,2.337145805
20800,0.009538529,0.005749049,0.00191647,0.001873012,0.104938179,0.116854697,0.11305365,2.393647671
20810,0.004446081,0.002775686,0.000813349,0.000857046,0.07132709,0.073497735,0.074337035,2.466475964
20820,0.005619338,0.003364276,0.001197325,0.001057737,0.080214918,0.08631967,0.082242489,2.492051363
20830,0.031367075,0.019824568,0.005707757,0.005834749,0.200045049,0.208892718,0.206408635,2.488083124
20840,0.043838602,0.02670308,0.009183804,0.00795172,0.228093088,0.242162853,0.236098528,2.348820686
20850,0.024225248,0.01405402,0.006660499,0.003510731,0.156391636,0.155045062,0.15088506,2.840815783
20860,0.006406072,0.003039578,0.002365864,0.00100063,0.08021339,0.090069681,0.082716197,2.479656935
20870,0.005354514,0.00234517,0.00190203,0.001107314,0.063655868,0.066653684,0.059269585,2.365695715
20880,0.001798314,0.00138248,0.000127557,0.000288276,0.010944051,0.012002721,0.016337197,2.427081585
20890,0.001943792,0.001420248,9.97E-05,0.000423805,0.01613377,0.011703284,0.014071211,2.370191813
20900,0.001500643,0.000585998,0.000271642,0.000643003,0.020234726,0.017250422,0.017649224,2.511547565
20910,0.0022678,0.001069489,0.00027438,0.000923932,0.039192047,0.039210193,0.042209532,2.573481083
20920,0.070631519,0.042884078,0.012776515,0.014970915,0.29306224,0.30269748,0.317342401,2.466492176
20930,0.679684758,0.428596884,0.129295409,0.121792518,0.998678565,1.049424648,0.969705462,2.374480963
20940,6.516298294,3.684724569,1.265749812,1.565824628,1.75854373,2.20108819,2.296604395,2.486421585
20950,0.568664908,0.389904648,0.082374834,0.096385352,1.075162649,0.913957715,0.959426284,2.389580727
20960,0.404033601,0.306926072,0.046334293,0.050773282,0.560377181,0.353255183,0.394170821,2.41493845
20970,0.188909426,0.109581508,0.039455816,0.039872129,0.445201039,0.505698562,0.493243307,2.448061228
20980,0.093595579,0.047041159,0.019406367,0.027148044,0.335290045,0.405720234,0.427070439,2.4593606
20990,0.034855116,0.0198298,0.006730334,0.008294979,0.146269977,0.153791353,0.162654132,2.366394043
21000,0.018559396,0.011011053,0.003036198,0.004512148,0.114309512,0.112280771,0.110640153,2.34423399
21010,0.009956463,0.004800489,0.002194856,0.002961118,0.069136441,0.099292934,0.10223271,2.390134335
21020,0.004397471,0.002544949,0.000965474,0.000887048,0.051859483,0.06960801,0.056442592,2.54148221
21030,0.00359471,0.002076098,0.000740272,0.000778339,0.050906263,0.05945497,0.05372569,2.495291233
21040,0.002532367,0.001383109,0.000582136,0.000567122,0.035348583,0.04771876,0.04381682,2.420211554
21050,0.002128145,0.00116831,0.00047505,0.000484785,0.029783802,0.041377876,0.040632825,2.339674234
21060,0.001782988,0.000975216,0.000390351,0.000417421,0.024408411,0.034840442,0.037691142,2.467489004
21070,0.001578394,0.000865116,0.000343613,0.000369665,0.021643726,0.031431578,0.035454817,2.396095514
21080,0.001423406,0.000783389,0.000307699,0.000332318,0.01912236,0.027725637,0.032386731,2.388292551
21090,0.001309379,0.00072309,0.000282939,0.00030335,0.017641207,0.025227617,0.029952316,2.530336142
21100,0.001221231,0.000676915,0.000263931,0.000280385,0.016687131,0.023340452,0.027877184,2.419443846
21110,0.00115058,0.000640445,0.000248204,0.00026193,0.015791275,0.021668654,0.025835233,2.446917295
21120,0.001093256,0.000611059,0.000235226,0.00024697,0.015115064,0.020339724,0.024112396,2.333671331
21130,0.001045805,0.000586935,0.000224088,0.000234782,0.014597924,0.019266922,0.022698594,2.465451956
21140,0.001005777,0.000566662,0.000214412,0.000224703,0.014107039,0.018331122,0.021402709,2.353344679
21150,0.000971475,0.000549255,0.000205909,0.000216311,0.013722414,0.017547067,0.020295676,2.443314075
21160,0.000941451,0.00053393,0.000198317,0.000209204,0.013379924,0.016855652,0.019362111,2.523504257
21170,0.000915367,0.000520625,0.000191539,0.000203203,0.013084457,0.01625132,0.018553775,2.406251431
21180,0.00089216,0.000508745,0.000185386,0.000198029,0.012811637,0.01571806,0.017814752,2.345850945
21190,0.000871351,0.00049804,0.000179821,0.00019349,0.012563907,0.015222063,0.017200438,2.394758224
21200,0.000852678,0.000488387,0.000174726,0.000189565,0.012308951,0.014768767,0.016640555,2.385653496
21210,0.000835756,0.000479673,0.000170041,0.000186042,0.012097348,0.014362039,0.01613082,2.341516256
21220,0.000820285,0.000471664,0.000165788,0.000182833,0.011894049,0.013980489,0.015708027,2.379060745
21230,0.000806119,0.000464272,0.000161856,0.000179991,0.011686636,0.013624491,0.015281671,2.437175035
21240,0.000793177,0.000457597,0.000158196,0.000177383,0.011513256,0.013285128,0.014923871,2.368342876
21250,0.000781017,0.00045128,0.000154839,0.000174897,0.011331818,0.012972593,0.014575295,2.537369251
21260,0.000770053,0.000445617,0.000151731,0.000172705,0.011181653,0.012687754,0.014288234,2.579265594
21270,0.000759679,0.000440196,0.000148868,0.000170615,0.011015305,0.012413425,0.01398891,2.777939081
21280,0.00074998,0.000435228,0.000146154,0.000168598,0.010876012,0.012161953,0.013734907,2.422543764
21290,0.000740993,0.000430546,0.000143686,0.000166761,0.010749713,0.01192705,0.013436784,2.402656078
21300,0.00073266,0.000426317,0.000141358,0.000164985,0.010613969,0.011695297,0.013212103,2.349834442
21310,0.000724756,0.000422233,0.000139175,0.000163348,0.010490339,0.011482949,0.012981916,2.388820887
21320,0.000717375,0.000418454,0.000137161,0.00016176,0.010387921,0.011291394,0.012768971,2.491257429
21330,0.000710256,0.000414805,0.000135255,0.000160197,0.010271384,0.011094669,0.01255751,2.601133347
21340,0.000703735,0.000411519,0.000133449,0.000158766,0.010184859,0.010916112,0.012348488,2.450520992
21350,0.000697522,0.000408347,0.000131796,0.00015738,0.010086237,0.010751416,0.01217566,2.376261473
21360,0.000691668,0.000405378,0.000130208,0.000156081,0.010004524,0.01060088,0.01196407,2.363976955
21370,0.00068611,0.000402559,0.000128735,0.000154816,0.009926572,0.010462417,0.011800684,2.39319396
21380,0.000680769,0.000399897,0.000127347,0.000153525,0.009851813,0.010323806,0.011628974,2.645412683
21390,0.000675668,0.000397332,0.000126018,0.000152318,0.009777188,0.010202492,0.011452968,2.324892044
21400,0.000670854,0.000394902,0.000124779,0.000151173,0.009706777,0.010075606,0.011318948,2.610428572
21410,0.000666388,0.000392688,0.00012363,0.00015007,0.0096529,0.009970422,0.011134602,2.425351381
21420,0.000662044,0.000390511,0.000122526,0.000149006,0.009594682,0.009871228,0.01098535,2.509517908
21430,0.000657731,0.000388371,0.000121436,0.000147924,0.009541822,0.009773279,0.010843942,2.354981184
21440,0.000653837,0.000386506,0.000120428,0.000146903,0.009491575,0.009687334,0.010702346,2.360008478
21450,0.000649974,0.000384544,0.00011948,0.00014595,0.009440081,0.009608697,0.010592897,2.38772583
21460,0.000646227,0.000382662,0.000118561,0.000145003,0.009389162,0.009528555,0.010447532,2.351483107
21470,0.000642691,0.000380947,0.000117685,0.000144059,0.009334344,0.009455109,0.010315425,2.473138809
21480,0.000639334,0.000379296,0.000116841,0.000143198,0.009315462,0.009388521,0.010212822,2.374781132
21490,0.000636027,0.000377634,0.000116075,0.000142318,0.009275116,0.009332946,0.010073173,2.400413036
21500,0.000632775,0.000376021,0.000115295,0.000141459,0.009223484,0.009278173,0.009973226,2.4522264
21510,0.000629629,0.000374387,0.000114566,0.000140676,0.009183137,0.009210692,0.009862578,2.395406008
21520,0.000626687,0.000373017,0.000113829,0.00013984,0.009155615,0.009168699,0.009721468,2.365410328
21530,0.000623815,0.000371577,0.000113154,0.000139084,0.009110471,0.009115485,0.009655606,2.357631922
21540,0.000620878,0.000370048,0.000112506,0.000138324,0.009068816,0.009069245,0.009542366,2.450256348
21550,0.000618269,0.000368818,0.000111867,0.000137585,0.0090527,0.009036219,0.009414729,2.410369635
21560,0.000615583,0.000367435,0.00011125,0.000136898,0.009022873,0.008998059,0.009364489,2.307427168
21570,0.000612948,0.000366153,0.000110648,0.000136147,0.00898716,0.008958597,0.009233478,2.400084019
21580,0.000610536,0.000364983,0.000110074,0.000135479,0.00895524,0.008909931,0.009164698,2.340488911
21590,0.000608071,0.000363764,0.000109499,0.000134807,0.008929732,0.008891232,0.009053022,2.475740194
21600,0.00060558,0.000362472,0.000108967,0.000134141,0.008910918,0.008856487,0.008962337,2.483606339
21610,0.000603311,0.000361368,0.000108427,0.000133516,0.008878154,0.008833942,0.008899827,2.405828714
21620,0.000600917,0.000360117,0.000107925,0.000132875,0.008847709,0.008796124,0.008814914,2.395198345
21630,0.000598799,0.0003591,0.000107417,0.000132282,0.008832725,0.008776397,0.008704218,2.380161285
21640,0.000596499,0.000357861,0.000106937,0.000131701,0.008802788,0.008750973,0.008658008,2.352195978
21650,0.00059434,0.000356751,0.000106462,0.000131126,0.008766147,0.008726347,0.008604527,2.353526831
21660,0.000592237,0.00035573,0.000105955,0.000130553,0.008752264,0.00869989,0.008518888,2.423931599
21670,0.000590158,0.000354665,0.000105508,0.000129985,0.008737307,0.008678877,0.008452992,2.31474638
21680,0.000588127,0.000353589,0.000105068,0.00012947,0.00869865,0.008654384,0.008386643,2.542095661
21690,0.000586181,0.000352639,0.000104621,0.000128921,0.008693489,0.008632543,0.008355621,2.447130919
21700,0.000584129,0.000351568,0.000104177,0.000128384,0.0086734,0.008618803,0.008238159,2.357200384
21710,0.000582207,0.000350565,0.000103773,0.000127868,0.008646532,0.008601771,0.008199103,2.581964016
21720,0.000580341,0.000349619,0.00010334,0.000127382,0.008629188,0.008571642,0.00814995,2.38266921
21730,0.000578459,0.000348664,0.000102928,0.000126867,0.008601964,0.008555606,0.008098024,2.400994062
21740,0.000576521,0.000347641,0.000102519,0.000126361,0.008581802,0.008531186,0.008050057,2.384338856
21750,0.000574741,0.000346678,0.000102147,0.000125915,0.008552457,0.008515713,0.00799018,2.50948596
21760,0.000572963,0.000345804,0.000101728,0.00012543,0.008539179,0.008495592,0.007932812,2.412028074
21770,0.000571185,0.000344847,0.00010134,0.000124998,0.008518928,0.008486341,0.007906143,2.480220318
21780,0.000569438,0.000343914,0.000100998,0.000124526,0.008503421,0.008467411,0.007843968,2.39349556
21790,0.000567873,0.000343172,0.000100601,0.0001241,0.008478582,0.0084455,0.007800505,2.435510874
21800,0.00057548,0.000351587,0.000100242,0.000123651,0.008466389,0.00842579,0.007751794,2.412989378
21810,0.00201941,0.001795666,9.99E-05,0.000123846,0.010307969,0.008407112,0.007774235,2.451719046
21820,0.005294119,0.005005074,0.000100494,0.00018855,0.015065536,0.008465964,0.00860023,2.44748044
21830,0.004374981,0.004150999,9.99E-05,0.000124128,0.015947508,0.008696334,0.007636335,2.42922616
21840,0.002032475,0.001783683,9.91E-05,0.000149729,0.012042752,0.0084313,0.007672141,2.502656937
21850,0.001187026,0.000949411,9.86E-05,0.000139049,0.010349814,0.008395443,0.007569427,2.357506752
21860,0.000853719,0.00058427,9.82E-05,0.000171202,0.009415524,0.008342262,0.007723018,2.45488596
21870,0.001306931,0.00040272,9.91E-05,0.000805161,0.00886673,0.008345461,0.011289218,2.72462678
21880,0.006296417,0.00033893,0.000131384,0.005826103,0.008748593,0.00890315,0.027223879,2.394258738
21890,0.002371703,0.000338502,0.000130743,0.001902457,0.008533309,0.008525552,0.017605174,2.525437117
21900,0.001123727,0.000342185,0.000123491,0.000658051,0.008470912,0.008565184,0.010547397,2.581174612
21910,0.000741038,0.000334792,0.000142758,0.000263488,0.008341145,0.008863012,0.009069368,2.393218279
21920,0.000907341,0.000333904,0.000418523,0.000154914,0.008312894,0.011203187,0.007412372,2.447242022
21930,0.004430592,0.00033371,0.003922068,0.000174814,0.008302028,0.026900493,0.008418236,2.349970102
21940,0.000563701,0.000331651,0.000109063,0.000122987,0.008247106,0.008507676,0.007509867,2.367699385
21950,0.000580292,0.000330791,0.000110731,0.00013877,0.008231273,0.008310886,0.007428817,2.383093357
21960,0.000553028,0.000329887,0.00010426,0.000118881,0.008188418,0.008295663,0.007374775,2.479321241
21970,0.00057347,0.000329137,0.00011686,0.000127473,0.008185236,0.008400096,0.007559793,2.433341265
21980,0.000601341,0.000328463,0.000140139,0.000132739,0.008147653,0.008782648,0.007573866,2.360738993
21990,0.000725076,0.00032779,0.000110549,0.000286736,0.008149163,0.008291954,0.009167058,2.4019804
22000,0.004003404,0.000330496,0.000105196,0.003567711,0.008077471,0.008567343,0.022977885,2.469574213
22010,0.001028488,0.000384161,0.000507429,0.000136898,0.008121143,0.011967909,0.007517699,2.584294796
22020,0.001345868,0.000327686,0.000701899,0.000316283,0.008036178,0.013585603,0.009519691,2.501679659
22030,0.001549059,0.00032551,0.000850162,0.000373387,0.008040288,0.014283328,0.008648777,2.371175528
22040,0.001405296,0.0003329,0.000770782,0.000301614,0.008065402,0.014025808,0.009356359,2.310308456
22050,0.001212173,0.000440795,0.000602458,0.00016892,0.008344037,0.012679284,0.007380585,2.382258415
22060,0.00597639,0.005406222,0.000435194,0.000134975,0.014698408,0.011395317,0.007622913,2.440703154
22070,0.001356674,0.000602614,0.000587811,0.000166249,0.010241305,0.012873493,0.007359211,2.375504494
22080,0.004838126,0.00290971,0.001752871,0.000175545,0.013335047,0.019272724,0.00832011,2.458544016
22090,0.002150973,0.000344084,0.001599948,0.000206941,0.008716296,0.019025927,0.008771233,2.372471094
22100,0.001175016,0.000671901,0.00035086,0.000152255,0.009092508,0.010384722,0.007886512,2.413287401
22110,0.00072512,0.000369331,0.000239815,0.000115974,0.008534467,0.009476191,0.007332897,2.392932892
22120,0.000627855,0.000323158,0.000108735,0.000195962,0.008314705,0.00823612,0.00759244,2.346303225
22130,0.002101448,0.000323997,0.000134229,0.001643223,0.008116032,0.008433022,0.015165701,2.414614916
22140,0.00480788,0.000344539,9.59E-05,0.004367478,0.008181136,0.008164404,0.024576664,2.426859856
22150,0.002218609,0.000333184,0.000902706,0.000982718,0.008116761,0.014169461,0.013859199,2.348638773
22160,0.011294136,0.000334999,0.010710359,0.000248778,0.009846518,0.046570733,0.011290991,2.406567335
22170,0.003792252,0.00032314,0.003343009,0.000126103,0.008360412,0.027874321,0.008530484,2.380839109
22180,0.00068777,0.000324809,0.000246007,0.000116954,0.007991838,0.00970769,0.007334626,2.349682331
22190,0.000672848,0.000317641,0.00023218,0.000123027,0.007962603,0.009602516,0.007563123,2.470458269
22200,0.000684643,0.000316792,0.000243923,0.000123927,0.007846087,0.009894642,0.007119433,2.381945133
22210,0.00059362,0.000337248,0.000137224,0.000119148,0.00787599,0.008476365,0.007352592,2.3580091
22220,0.00133927,0.00111983,0.000104204,0.000115235,0.009096201,0.008161915,0.007233029,2.448329449
22230,0.017462451,0.017190717,9.40E-05,0.000177731,0.023260748,0.008264807,0.008327997,2.363797903
22240,0.002801773,0.001910975,0.00010002,0.000790778,0.012456613,0.008191256,0.012554399,2.432762384
22250,0.003753833,0.001598339,9.61E-05,0.002059351,0.011526012,0.008040877,0.018648421,2.441824675
22260,0.001085923,0.000543143,0.000121788,0.000420992,0.009140441,0.008635978,0.010553139,2.432853937
22270,0.000896394,0.000397429,9.42E-05,0.000404748,0.008322075,0.007871853,0.009055318,2.397638559
22280,0.000797222,0.000406275,0.000114124,0.000276823,0.008551715,0.008205146,0.008426769,2.355493307
22290,0.000852444,0.000329578,0.00036039,0.000162476,0.008143302,0.010763109,0.007662372,2.48250699
22300,0.004370602,0.00032228,0.003664899,0.000383422,0.00916066,0.028986331,0.011033701,2.368392944
22310,0.005666332,0.000314104,0.00067202,0.00468021,0.00829292,0.014505716,0.026317216,2.366506338
22320,0.000805176,0.000313247,0.000235708,0.000256221,0.007837796,0.009874612,0.009029896,2.416683912
22330,0.00065005,0.00032325,0.000131074,0.000195725,0.007792138,0.008313912,0.007563598,2.524586916
22340,0.000589614,0.00031352,0.000120418,0.000155677,0.007783248,0.008336432,0.007867073,2.437383652
22350,0.000547915,0.000308602,0.00012074,0.000118572,0.007825892,0.008126633,0.007225427,2.438394785
22360,0.000523082,0.000306089,9.80E-05,0.000118956,0.007721017,0.007867409,0.007092986,2.3733325
22370,0.000539698,0.000306607,9.23E-05,0.000140797,0.007722516,0.007744749,0.007714496,2.334039211
22380,0.000538066,0.000331359,9.01E-05,0.00011665,0.007797332,0.00767125,0.007085554,2.474475384
22390,0.002081289,0.001857378,9.01E-05,0.000133836,0.010973577,0.007708073,0.007305335,2.401954174
22400,0.015639562,0.014892614,0.00023517,0.000511777,0.026279567,0.012622936,0.012596886,2.508460045
22410,0.01246687,0.002728208,0.00701949,0.002719174,0.018881496,0.043262083,0.022241695,2.503743172
22420,0.002496018,0.000472928,0.001258011,0.000765078,0.01013786,0.02069835,0.013201576,2.407711506
22430,0.003388301,0.00101597,0.001663656,0.000708676,0.010592679,0.021422584,0.013809851,2.588491678
22440,0.000873246,0.000337695,0.000257263,0.000278287,0.008677163,0.011165818,0.009124659,2.45761323
22450,0.00068441,0.00040898,0.000113167,0.000162263,0.008750363,0.008126035,0.007740756,2.523896217
22460,0.000644256,0.000307958,0.000135539,0.00020076,0.00805868,0.008286549,0.00860789,2.416248322
22470,0.000584312,0.000307893,0.000108963,0.000167456,0.007809456,0.008007705,0.007676635,2.348520517
22480,0.000616732,0.000305811,9.75E-05,0.000213421,0.007831872,0.007715104,0.008658948,2.367353916
22490,0.001641808,0.000303611,9.40E-05,0.001244181,0.007777413,0.007675721,0.014906408,2.336025476
22500,0.006682816,0.000303592,9.34E-05,0.006285868,0.008550726,0.007961085,0.031807836,2.392224312
22510,0.002430716,0.000302501,9.39E-05,0.0020343,0.007950768,0.008176336,0.018025914,2.320008993
22520,0.001116003,0.00030436,8.94E-05,0.000722243,0.008005096,0.00768147,0.012892004,2.449850321
22530,0.00068164,0.000300318,8.95E-05,0.000291812,0.007579426,0.007580795,0.008309321,2.406099558
22540,0.000566756,0.000298363,8.84E-05,0.000179947,0.007751205,0.007621584,0.008191675,2.448417902
22550,0.000563074,0.00029722,0.000125047,0.000140806,0.007579797,0.007981148,0.007293646,2.488846064
22560,0.001783966,0.000331123,0.001272618,0.000180226,0.010911465,0.021624519,0.01198558,2.387868643
22570,0.019656032,0.002557738,0.014235048,0.002863247,0.046172738,0.087229393,0.055092052,2.42622304
22580,0.013763843,0.011252739,0.000335475,0.002175627,0.026611611,0.025243144,0.032593586,2.514783382
22590,0.003475374,0.002450723,0.0007088,0.00031585,0.019143486,0.024636529,0.01785858,2.368180752
22600,0.00150166,0.000800025,0.000176257,0.000525378,0.010067625,0.009151129,0.010327809,2.32658124
22610,0.001088508,0.00084245,0.000132793,0.000113266,0.012674775,0.010333214,0.009881261,2.344340324
22620,0.000651344,0.000413289,9.11E-05,0.000146922,0.008729775,0.007679638,0.007396399,2.341957331
22630,0.000796221,0.000314644,9.35E-05,0.000388119,0.008420034,0.007700228,0.009254242,2.385700464
22640,0.005342616,0.000326364,9.23E-05,0.004923988,0.008048957,0.007882952,0.028280472,2.519326687
22650,0.000527112,0.000312513,9.61E-05,0.00011849,0.008448645,0.008773997,0.008374627,2.443694592
22660,0.000647471,0.000297104,0.000100944,0.000249423,0.007649246,0.007815305,0.008172225,2.428112745
22670,0.0006837,0.000295288,9.50E-05,0.000293419,0.00784754,0.007558494,0.009796203,2.490133524
22680,0.000594786,0.000296978,8.79E-05,0.000209895,0.007839056,0.00770543,0.008427814,2.364495754
22690,0.000519738,0.000290882,8.84E-05,0.000140432,0.007538774,0.007406091,0.007811287,2.727513552
22700,0.000489247,0.000290545,8.78E-05,0.000110871,0.007525678,0.007572362,0.007148608,2.451364994
22710,0.000512861,0.000295938,0.000104065,0.000112858,0.008279834,0.009005448,0.00819581,2.480406284
22720,0.00170053,0.000614233,0.000866205,0.000220092,0.025794435,0.032864731,0.026384097,2.454116821
22730,0.060818791,0.026003934,0.026569527,0.008245328,0.217816472,0.244943649,0.21949929,2.504194736
22740,0.009520983,0.007724706,0.000533854,0.001262424,0.051736712,0.04448957,0.046127588,2.353191853
22750,0.007786162,0.004637271,0.001444438,0.001704452,0.10514421,0.108562231,0.109106526,2.781729221
22760,0.005562673,0.002085038,0.002607804,0.00086983,0.069046259,0.081521109,0.074592598,2.381112814
22770,0.002228131,0.001468619,0.000358555,0.000400958,0.045259759,0.043688454,0.045593929,2.460598469
22780,0.000828339,0.000445981,0.000206969,0.000175389,0.021842979,0.023738608,0.022715975,2.354669571
22790,0.000847267,0.00040013,0.000157318,0.000289819,0.015106486,0.017065559,0.016800771,2.439603329
22800,0.004312487,0.000404396,0.000123698,0.003784393,0.019882107,0.018406332,0.034680277,2.35442996
22810,0.001088787,0.000380914,0.000129236,0.000578638,0.017274292,0.017599214,0.021078873,2.353466988
22820,0.000959696,0.000348606,0.000109441,0.000501648,0.014167313,0.01518201,0.017195472,2.422487974
22830,0.001214771,0.000313558,0.000100844,0.000800369,0.010980923,0.011270491,0.01628161,2.485822201
22840,0.00069572,0.000292089,0.000114766,0.000288865,0.008350929,0.010332235,0.010219086,2.449336529
22850,0.00052841,0.000298733,9.82E-05,0.000131473,0.009518286,0.010048968,0.009921778,2.445615053
22860,0.000828164,0.00047509,0.000177485,0.000175589,0.02435541,0.025979478,0.025508124,2.372932434
22870,0.016478278,0.009088928,0.004045087,0.003344263,0.157095015,0.165339708,0.164274916,2.372462511
22880,0.123062022,0.069721475,0.028232019,0.025108537,0.42303732,0.441471487,0.444118857,2.357042789
22890,0.004188656,0.002354532,0.00085326,0.000980864,0.053676128,0.059737608,0.057991818,2.413965702
22900,0.013708148,0.006757144,0.003864885,0.003086118,0.136282101,0.14836359,0.144854143,2.39675808
22910,0.001592722,0.000879979,0.000367712,0.000345031,0.032727826,0.035213482,0.034012944,2.411344528
22920,0.002628345,0.001489863,0.00061099,0.000527491,0.056641743,0.059615918,0.059611406,2.427306414
22930,0.000968888,0.000572,0.000195882,0.000201007,0.027247157,0.027557308,0.028346531,2.39116478
22940,0.000650245,0.000435841,0.000101427,0.000112978,0.008454956,0.008838259,0.008686736,2.369704247
22950,0.002528409,0.002326606,9.14E-05,0.000110406,0.011376203,0.00756372,0.007076324,2.461883307
22960,0.009296988,0.00888027,0.000129055,0.000287664,0.028383125,0.020131949,0.018668458,2.588035107
22970,0.003689468,0.001810165,0.000117669,0.001761634,0.018738436,0.015371274,0.023155,2.446839094
22980,0.00435548,0.00045889,0.000106032,0.003790559,0.008848088,0.009524805,0.026017196,2.378380775
22990,0.001593275,0.000320593,9.68E-05,0.001175928,0.010844278,0.0101374,0.018604899,2.487167835
23000,0.000610385,0.000309994,9.37E-05,0.000206643,0.009110693,0.009205659,0.009748867,2.442367792
23010,0.00058588,0.000328876,0.000112716,0.000144288,0.008354142,0.009564321,0.008035854,2.435738325
23020,0.000633919,0.000321347,0.000109473,0.000203098,0.01264487,0.014083739,0.013381442,2.496210098
23030,0.001119837,0.00066641,0.000218752,0.000234674,0.032040514,0.034051202,0.033153526,2.39037776
23040,0.020911915,0.012668607,0.004303824,0.003939489,0.17083098,0.179611295,0.178121984,2.3666327
23050,0.106088646,0.063787736,0.02271137,0.019589547,0.374352396,0.39479357,0.391692847,2.394406557
23060,0.003325484,0.00080381,0.001815625,0.00070605,0.036597773,0.044109512,0.037800349,2.468381882
23070,0.012730524,0.008006075,0.002526659,0.00219779,0.131567806,0.138896793,0.1380243,2.531562567
23080,0.003293113,0.001869695,0.000620381,0.000803036,0.060896985,0.065466076,0.063454747,2.374931097
23090,0.001657956,0.00053607,0.000493464,0.000628422,0.016264113,0.023636252,0.018554131,2.340743303
23100,0.011678657,0.000478705,0.000234365,0.010965587,0.01020515,0.014855677,0.044485737,2.39339304
23110,0.005082062,0.000368573,0.000127387,0.004586102,0.007783478,0.00829737,0.028805193,2.43711853
23120,0.001392022,0.000304414,0.000110547,0.00097706,0.010798106,0.010891262,0.018102897,2.40845108
23130,0.00061273,0.000295337,0.000116278,0.000201115,0.009110749,0.010299786,0.010285204,2.396775007
23140,0.000677838,0.000288483,8.60E-05,0.000303338,0.008182405,0.007763257,0.009588017,2.375765085
23150,0.00053497,0.000301712,9.25E-05,0.000140746,0.007778082,0.008087791,0.007936497,2.416242838
23160,0.000818025,0.000557154,0.000122768,0.000138103,0.01779845,0.017848175,0.017876152,2.458763599
23170,0.013191347,0.010289991,0.001555793,0.001345564,0.100660414,0.102330998,0.101823911,2.585408211
23180,0.128386766,0.074434184,0.030017298,0.02393529,0.425146103,0.447502136,0.440000355,2.377365589
23190,0.040615693,0.025357828,0.007767863,0.007490002,0.246376306,0.257033169,0.254673809,2.429173231
23200,0.007213853,0.004118241,0.001450132,0.00164548,0.087368637,0.093127586,0.091215529,2.384737968
23210,0.001780177,0.001107501,0.000283296,0.000389381,0.029264133,0.029691871,0.03012736,2.337100983
23220,0.00082135,0.000448873,0.000206156,0.000166321,0.020816214,0.023356337,0.020617753,2.355859518
23230,0.000914829,0.000544128,0.000181839,0.000188862,0.024868589,0.024720293,0.025737321,2.448079586
23240,0.000849245,0.000506698,0.000168237,0.000174311,0.024184369,0.02506048,0.024909724,2.437609911
23250,0.000542699,0.000311886,0.000116624,0.000114189,0.011049176,0.011611332,0.011307655,2.407254696
23260,0.000985383,0.000349436,0.000508677,0.00012727,0.015404353,0.01949136,0.015823063,2.68433404
23270,0.009406841,0.000445334,0.008763689,0.000197822,0.022303242,0.054031864,0.022047527,2.369552612
23280,0.006398866,0.001661748,0.002712205,0.002024913,0.058332637,0.064213261,0.063696072,2.445297718
23290,0.031573728,0.013985395,0.00577656,0.011811777,0.182682216,0.192359269,0.187570646,2.392568588
23300,0.04819154,0.029521964,0.009003831,0.00966574,0.26200521,0.267877907,0.267670363,2.406540871
23310,0.020315532,0.01176108,0.003520533,0.005033918,0.155312955,0.162069157,0.157176137,2.379172802
23320,0.006440115,0.003991149,0.001270667,0.001178299,0.0949523,0.100282691,0.097515792,2.439576864
23330,0.001110548,0.000709329,0.00011686,0.000284359,0.013327599,0.013426612,0.014284,2.44951725
23340,0.007083344,0.006045406,0.000539218,0.000498721,0.061426714,0.061186559,0.05684169,2.679548025
23350,0.002127737,0.001686099,0.000198775,0.000242863,0.0308461,0.031040475,0.028747423,2.39947629
23360,0.000786113,0.000498583,0.000127708,0.000159822,0.016560413,0.016597413,0.017384168,2.415196896
23370,0.001065015,0.00066774,0.000182314,0.000214961,0.028586764,0.0298706,0.028386347,2.411236525
23380,0.010747377,0.006690409,0.001994511,0.002062457,0.121936917,0.126336008,0.125297368,2.365889788
23390,0.144049764,0.089301616,0.027332017,0.027416145,0.447678626,0.46545738,0.459188402,2.464414835
23400,0.039742559,0.024636561,0.0074752,0.007630796,0.245937139,0.255576581,0.254521906,2.527752399
23410,0.003144259,0.001782523,0.000726397,0.00063534,0.051480651,0.054989532,0.052739322,2.336428881
23420,0.000709371,0.000396136,0.000165512,0.000147722,0.017114179,0.019665051,0.018062709,2.383641243
23430,0.000702942,0.000407518,0.000138744,0.00015668,0.018211368,0.019098282,0.01878928,2.569808483
23440,0.000532436,0.000290755,0.000132739,0.000108942,0.008292122,0.008731742,0.007664212,2.361232758
23450,0.001274524,0.000416524,0.00072449,0.00013351,0.014391383,0.01905727,0.014675546,2.466995239
23460,0.013698472,0.002492919,0.010608427,0.000597125,0.013294892,0.048586871,0.015384941,2.383639812
23470,0.019985035,0.01197309,0.003706263,0.004305682,0.037834723,0.041936371,0.03296537,2.347723007
23480,0.003053715,0.00049197,0.001305531,0.001256214,0.011640128,0.020171756,0.016762042,2.363087177
23490,0.002756706,0.001746213,0.000260903,0.000749591,0.013684865,0.015375696,0.013706334,2.393587112
23500,0.001093016,0.000482152,0.000263111,0.000347753,0.01902117,0.02140414,0.021792646,2.35806942
23510,0.003590666,0.00213504,0.000649006,0.00080662,0.065318242,0.066955797,0.067214951,2.523337841
23520,0.074667573,0.046439186,0.014007456,0.014220934,0.325652361,0.334351599,0.332649529,2.421035528
23530,0.008262204,0.004997467,0.001581306,0.00168343,0.092357822,0.096618563,0.092597976,2.420044661
23540,0.018534767,0.011519681,0.003441966,0.003573122,0.15871492,0.164848328,0.162458301,2.359332323
23550,0.008976656,0.005584794,0.001673905,0.001717956,0.103748374,0.108126372,0.106156267,2.373752356
23560,0.003321022,0.002029069,0.000640043,0.000651911,0.06266138,0.065831155,0.064903796,2.409366846
23570,0.001840978,0.001016742,0.000349632,0.000474604,0.042375002,0.04580728,0.043707125,2.429998636
23580,0.005362181,0.000561591,0.000158388,0.004642202,0.026088992,0.025343731,0.041381866,2.459270954
23590,0.00099467,0.000330812,0.000512038,0.00015182,0.009932832,0.022515096,0.009706574,2.424812555
23600,0.00172571,0.000340101,0.00028636,0.001099249,0.010447803,0.016265659,0.017043635,2.378063202
23610,0.001385554,0.000449911,0.000169636,0.000766007,0.009878833,0.012455106,0.014448846,2.411506176
23620,0.002269405,0.001987117,0.000116251,0.000166037,0.012193439,0.01109007,0.011967661,2.372020245
23630,0.009455951,0.009217259,9.04E-05,0.000148248,0.019322058,0.009487809,0.013391677,2.499443531
23640,0.004575201,0.002902642,0.001528012,0.000144547,0.018868025,0.02298684,0.01359744,2.499310732
23650,0.021214701,0.006032268,0.01348124,0.001701194,0.102673978,0.118817776,0.107853845,2.405090332
23660,0.174893573,0.110954292,0.031265013,0.032674257,0.487713218,0.501468062,0.498318434,2.372816563
23670,0.04261433,0.0251555,0.010201744,0.007257087,0.204491526,0.212936088,0.207167089,2.44048667
23680,0.004753205,0.002205752,0.001906381,0.000641073,0.051582426,0.06012794,0.049946725,2.357243776
23690,0.00765791,0.004815333,0.001395776,0.001446799,0.095138565,0.097663306,0.096509643,2.456745386
23700,0.002645966,0.001548337,0.000582941,0.000514688,0.052087225,0.054863796,0.054525003,2.414193153
23710,0.000900135,0.000506702,0.000215625,0.000177807,0.022155717,0.023576926,0.023166599,2.355973005
23720,0.000562333,0.00032478,0.000119349,0.000118204,0.012543478,0.013729375,0.012802524,2.314626455
23730,0.000501041,0.000292921,9.08E-05,0.000117347,0.01066081,0.010852209,0.011363169,2.342071056
23740,0.000609691,0.000300041,9.84E-05,0.000211205,0.011031069,0.011872399,0.011357712,2.424479961
23750,0.00516108,0.000284787,9.36E-05,0.004782726,0.00719433,0.008935959,0.030579221,2.473575592
23760,0.00704651,0.00231537,0.000101237,0.004629903,0.012655178,0.010919295,0.026992191,2.41003871
23770,0.015197285,0.013088541,0.00067085,0.001437892,0.070026815,0.0675589,0.073686942,2.455899477
23780,0.011499474,0.006874236,0.00197915,0.002646088,0.117915779,0.121992081,0.123805314,2.464267015
23790,0.011013588,0.006995528,0.002006895,0.002011164,0.118059874,0.121843487,0.120658718,2.335864305
23800,0.004746192,0.003218445,0.000738667,0.00078908,0.071640477,0.073462494,0.073942132,2.337058544
23810,0.002753456,0.001693422,0.000488205,0.000571828,0.054156721,0.056045577,0.055651933,2.509691
23820,0.010991252,0.006858075,0.002003811,0.002129366,0.118151546,0.122628793,0.121877551,2.425404549
23830,0.076704919,0.047668219,0.01442936,0.014607333,0.316820651,0.331325859,0.327402532,2.447561264
23840,0.014834468,0.009336097,0.002736038,0.002762334,0.126720145,0.131729618,0.128226817,2.36279273
23850,0.004116233,0.002495569,0.00085408,0.000766584,0.070232317,0.07362102,0.072361663,2.366410732
23860,0.00050525,0.000270791,0.000131883,0.000102576,0.007453504,0.00902225,0.007569489,2.433322668
23870,0.002303315,0.00139886,0.00046759,0.000436864,0.049667776,0.053025037,0.050601281,2.444642305
23880,0.000643366,0.000386146,0.000112735,0.000144485,0.016816922,0.017319066,0.017525252,2.412003994
23890,0.003188016,0.00079444,0.000284493,0.002109082,0.034154098,0.037103042,0.039700866,2.372750521
23900,0.00771897,0.001841683,0.001581155,0.004296132,0.055274874,0.070440918,0.057779245,2.367090702
23910,0.022417322,0.011124915,0.004380456,0.006911952,0.121566802,0.12767677,0.122170582,2.463770628
23920,0.034931265,0.019430606,0.008665522,0.006835136,0.20021221,0.204793602,0.199930817,2.508416414
23930,0.008889555,0.004250957,0.003031783,0.001606815,0.089834876,0.097633943,0.090422943,2.350542545
23940,0.004808063,0.003004263,0.001145653,0.000658147,0.058127224,0.057272628,0.054134112,2.463472128
23950,0.008057217,0.004810224,0.001931616,0.001315377,0.091311872,0.096172243,0.094485894,2.600901365
23960,0.019603923,0.012166473,0.003929765,0.003507683,0.156620428,0.163282484,0.160027325,2.343846321
23970,0.018595885,0.01184701,0.003369902,0.003378975,0.151773751,0.157502085,0.154533982,2.489541292
23980,0.00099795,0.000604607,0.000189315,0.000204028,0.029707462,0.030583942,0.030633964,2.535328627
23990,0.006485364,0.004084581,0.001199647,0.001201136,0.089137077,0.092892133,0.091723949,2.345302105
24000,0.011966771,0.007471409,0.002297105,0.002198257,0.121785283,0.126573145,0.125368237,2.534846067
24010,0.02196167,0.013784839,0.004149587,0.004027245,0.166959941,0.173933342,0.171779782,2.420808077
24020,0.004558891,0.00282838,0.000881948,0.000848562,0.07439667,0.077444419,0.076992594,2.379673481
24030,0.001883578,0.001161519,0.000359583,0.000362476,0.042207103,0.044444367,0.043324575,2.47011137
24040,0.009141111,0.005725817,0.001726621,0.001688672,0.105607986,0.110332526,0.108329818,2.455086708
24050,0.041904137,0.026255025,0.008004912,0.007644206,0.227550626,0.237570286,0.23394236,2.490406275
24060,0.002429614,0.001493638,0.000503724,0.000432252,0.042710237,0.044621307,0.042377979,2.489216566
24070,0.011003744,0.007501455,0.001754179,0.001748109,0.100886747,0.105058663,0.107575074,2.314595699
24080,0.008887988,0.007311709,0.000419945,0.001156334,0.05332046,0.051052518,0.045788784,2.385707617
24090,0.008922542,0.00557668,0.001587705,0.001758157,0.0930399,0.099484891,0.095856868,2.38630271
24100,0.005859454,0.003701548,0.000833951,0.001323955,0.068965569,0.070316792,0.073166877,2.391667366
24110,0.005791116,0.003605519,0.001087417,0.001098179,0.080709338,0.085178763,0.083291113,2.448806763
24120,0.018639022,0.011701416,0.003549342,0.003388265,0.149582326,0.156655401,0.15343231,2.420452356
24130,0.03763387,0.023237756,0.007502263,0.006893852,0.208623588,0.217655689,0.216278404,2.410629749
24140,0.005248499,0.002575767,0.002053173,0.000619559,0.065048024,0.073056579,0.065597415,2.399406433
24150,0.007028353,0.003083722,0.00303587,0.000908761,0.076117113,0.088409171,0.07712397,2.437238693
24160,0.002455674,0.001632438,0.000344763,0.000478473,0.015709685,0.017083753,0.016070295,2.392109871
24170,0.002277908,0.000676806,0.000435005,0.001166096,0.027473677,0.029579844,0.034757782,2.414436817
24180,0.005556708,0.002655571,0.0005296,0.002371537,0.052440688,0.052649211,0.062936902,2.396080732
24190,0.046538394,0.03027509,0.008388795,0.007874507,0.221643031,0.233225703,0.231100261,2.368145466
24200,0.029906614,0.021548774,0.003464847,0.004892992,0.152542233,0.151656538,0.144768566,2.353589773
24210,0.005775928,0.003815501,0.001044866,0.00091556,0.07034757,0.068872511,0.068942949,2.483187437
24220,0.002498879,0.00139948,0.000682639,0.00041676,0.035458539,0.041537609,0.041196041,2.393680096
24230,0.002862048,0.001759568,0.000674162,0.000428318,0.040236808,0.046257451,0.046717525,2.531574249
24240,0.001513461,0.000764845,0.000467863,0.000280754,0.027633969,0.030354641,0.029315833,2.439783096
24250,0.000944315,0.000271761,0.000419806,0.000252748,0.007971284,0.011309506,0.008431747,2.415683508
24260,0.004191608,0.000531834,0.003180698,0.000479075,0.025771705,0.04207265,0.029662136,2.50228548
24270,0.007430862,0.002490849,0.002210368,0.002729645,0.067175634,0.075640678,0.072964057,2.391107321
24280,0.013731134,0.00717729,0.002176836,0.00437701,0.116838433,0.118151456,0.118624285,2.37949872
24290,0.029333895,0.015631348,0.004410485,0.009292063,0.174959838,0.179574922,0.191923916,2.434586763
24300,0.008834585,0.005056829,0.001547758,0.002229998,0.098833047,0.104105949,0.101634189,2.444791794
24310,0.00520192,0.003009667,0.000901062,0.001291192,0.069928363,0.074790299,0.070927158,2.438792706
24320,0.006764086,0.004153174,0.001249744,0.00136117,0.086973742,0.091716245,0.089759178,2.321693182
24330,0.010922282,0.007810702,0.001621791,0.001489788,0.1002886,0.104941592,0.097015217,2.494748831
24340,0.017064182,0.010955585,0.003057491,0.003051109,0.140713573,0.14794974,0.143527567,2.519163847
24350,0.018293446,0.012637953,0.002765487,0.002890007,0.130521059,0.13836208,0.137859792,2.470698833
24360,0.002483408,0.001835057,0.000372044,0.000276307,0.036262557,0.035966434,0.034241647,2.471849203
24370,0.001134641,0.000693326,0.000243927,0.000197388,0.027062137,0.027647184,0.027173791,2.430485725
24380,0.006809444,0.004249502,0.001313246,0.001246696,0.088624366,0.092068277,0.089972273,2.479371071
24390,0.07280267,0.045483451,0.013462967,0.013856253,0.298887044,0.313567817,0.311680019,2.620606661
24400,0.011412585,0.004270839,0.005608356,0.001533392,0.074811831,0.090322703,0.076890007,2.370736837
24410,0.005573733,0.002463213,0.000983129,0.002127391,0.066566572,0.066840224,0.071459278,2.58402276
24420,0.002562211,0.000587295,0.00081328,0.001161637,0.027497228,0.032647047,0.030475449,2.552139521
24430,0.001627191,0.000535202,0.000883145,0.000208844,0.020456359,0.026205011,0.021760847,2.450539112
24440,0.002577695,0.001833657,0.000319992,0.000424047,0.015573118,0.017678538,0.019770291,2.554473877
24450,0.008958801,0.008544182,9.95E-05,0.000315069,0.020003352,0.008351661,0.009831587,2.426545382
24460,0.004757674,0.003161286,0.000544311,0.001052077,0.036672633,0.040129229,0.038928449,2.4108181
24470,0.008082552,0.004981475,0.001634737,0.001466341,0.081786752,0.08621262,0.079205252,2.555440426
24480,0.049588911,0.026939638,0.010648968,0.012000308,0.226747036,0.239668906,0.236634403,2.398479939
24490,0.003932241,0.001741602,0.000494722,0.001695918,0.040656947,0.044504873,0.046736345,2.367471933
24500,0.006561501,0.003310183,0.001277464,0.001973854,0.075422682,0.08197926,0.078914806,2.385080099
24510,0.00199672,0.000544941,0.000347579,0.0011042,0.025269896,0.031578284,0.029484857,2.578751087
24520,0.00338557,0.001824747,0.00057522,0.000985604,0.054843009,0.05681321,0.058624148,2.348215103
24530,0.005813331,0.003202855,0.000925955,0.001684521,0.076597497,0.079763785,0.082420319,2.405356169
24540,0.022205472,0.013598966,0.003944178,0.004662329,0.160021275,0.168118179,0.169352219,2.418788433
24550,0.022885654,0.014051511,0.004084037,0.004750106,0.159297138,0.16615063,0.166362002,2.411850214
24560,0.004639864,0.002535583,0.001101733,0.001002548,0.068274714,0.072567359,0.073628411,2.358498812
24570,0.00511302,0.003180207,0.001036135,0.000896678,0.068509981,0.075042099,0.070304997,2.39901638
24580,0.011608346,0.011077479,0.000341955,0.000188912,0.02070576,0.020469852,0.014555938,2.408663988
24590,0.010755063,0.006696346,0.002476677,0.001582039,0.078007527,0.09005747,0.081777781,2.425319433
24600,0.033353645,0.02135309,0.007064987,0.004935569,0.190229461,0.188078284,0.183884278,2.441516399
24610,0.034539219,0.012559667,0.015912745,0.006066809,0.149046451,0.173908412,0.169337496,2.37632966
24620,0.009443226,0.004443144,0.003760524,0.001239557,0.088291422,0.098333552,0.090761058,2.410431862
24630,0.001846904,0.000898338,0.00055243,0.000396135,0.034149595,0.037003577,0.037713658,2.403074265
24640,0.002148395,0.001034895,0.000690403,0.000423097,0.039642274,0.043462306,0.042425074,2.412335873
24650,0.005680042,0.003543573,0.001011109,0.00112536,0.080694303,0.083125412,0.079383746,2.455265522
24660,0.025954362,0.016436329,0.004513083,0.005004949,0.176462054,0.181441173,0.176262915,2.414206266
24670,0.019820808,0.012222529,0.003492697,0.004105582,0.147234321,0.153786153,0.154358655,2.426378727
24680,0.007399071,0.0045029,0.001232496,0.001663673,0.092021734,0.093696117,0.092114925,2.358189583
24690,0.00398799,0.001571928,0.000597107,0.001818956,0.051534012,0.053808741,0.063967004,2.468624115
24700,0.005478492,0.00041901,0.000179939,0.004879544,0.007464455,0.013416861,0.028661396,2.372430086
24710,0.000994358,0.000405707,0.000153602,0.000435048,0.014542697,0.016847396,0.013938181,2.426380157
24720,0.002117174,0.001148745,0.000455678,0.00051275,0.04035645,0.042633347,0.044670627,2.399058104
24730,0.036213674,0.023100782,0.006699007,0.006413883,0.207787365,0.217659891,0.209384516,2.402531385
24740,0.027731679,0.017303504,0.004886629,0.005541544,0.168714806,0.171522617,0.17827031,2.740376472
24750,0.004145172,0.002498876,0.00136682,0.000279476,0.023551516,0.038145442,0.019071093,2.439579487
24760,0.005264445,0.002881514,0.001438183,0.000944749,0.073695891,0.084147081,0.077628128,2.432912111
24770,0.004232033,0.002512858,0.001265904,0.000453271,0.048622392,0.053783335,0.049635023,2.537568808
24780,0.001608377,0.000881186,0.000449644,0.000277547,0.033853564,0.03846284,0.034893431,2.384643793
24790,0.00076059,0.000435901,0.000166568,0.000158121,0.019889606,0.021287952,0.021036392,2.387752056
24800,0.00100618,0.000825196,7.44E-05,0.000106579,0.009203477,0.007598746,0.008105315,2.421552896
24810,0.008562229,0.008016592,0.000234308,0.000311329,0.028409829,0.022224117,0.028510416,2.364947557
24820,0.013490291,0.004388222,0.00344525,0.005656819,0.087776378,0.099451765,0.109633148,2.327335358
24830,0.009694749,0.001973856,0.002837734,0.004883159,0.033123858,0.036229368,0.037910249,2.558116913
24840,0.002549966,0.000530277,0.00125273,0.000766958,0.008760557,0.019042848,0.015652033,2.398910046
24850,0.00172275,0.000496055,0.000628031,0.000598663,0.023619208,0.02480787,0.021328622,2.437438726
24860,0.005060307,0.002785619,0.001107667,0.001167021,0.070647776,0.077491611,0.076181695,2.510331631
24870,0.089153096,0.056476295,0.016393783,0.016283019,0.32366842,0.346008182,0.340040922,2.36248517
24880,0.022426685,0.015035219,0.003728073,0.003663397,0.131119132,0.140724733,0.139770836,2.388349056
24890,0.01551943,0.010376186,0.002742871,0.002400374,0.119440511,0.12929821,0.127472624,2.427533388
24900,0.003650817,0.002065416,0.000959385,0.000626016,0.056715623,0.065501869,0.061651021,2.397527456
24910,0.000991329,0.000594282,0.00028047,0.000116576,0.012107233,0.012058811,0.00926293,2.400547266
24920,0.00094779,0.000679266,0.000126385,0.000142139,0.014919955,0.017887525,0.018753672,2.327449799
24930,0.000791084,0.000450795,0.000201054,0.000139235,0.015991015,0.017917521,0.017602425,2.520700455
24940,0.000489141,0.000309614,7.52E-05,0.000104304,0.008404526,0.00865126,0.009732063,2.475471497
24950,0.000474082,0.000305436,7.17E-05,9.69E-05,0.008782312,0.007700559,0.0075182,2.426185608
24960,0.0007335,0.000449006,0.00013254,0.000151955,0.021025825,0.021478727,0.021785196,2.48329401
24970,0.009533032,0.005650982,0.002511301,0.001370747,0.093530804,0.097628988,0.094281167,2.422216892
24980,0.125768155,0.078674152,0.024928734,0.022165269,0.378045678,0.373985887,0.38441813,2.36423564
24990,0.039707392,0.015949529,0.01609561,0.007662253,0.167403758,0.224621624,0.197829321,2.424551249
25000,0.016632866,0.010511673,0.002998739,0.003122454,0.106073037,0.067955233,0.089898258,2.577917099
25010,0.004893416,0.002181674,0.001673463,0.001038278,0.067058854,0.076648563,0.077540234,2.385684729
25020,0.002362261,0.001412882,0.000562505,0.000386875,0.041660666,0.039963573,0.041513473,2.375073195
25030,0.000644089,0.000329384,0.000161089,0.000153616,0.013624469,0.009600662,0.010168396,2.421020508
25040,0.000606898,0.000352507,0.000105396,0.000148995,0.013116229,0.009586033,0.009710737,2.37228632
25050,0.000508778,0.000265274,9.86E-05,0.000144899,0.010059853,0.013945332,0.014061982,2.41203475
25060,0.000926621,0.000328783,0.000109352,0.000488485,0.015441946,0.017512554,0.019150967,2.358942032
25070,0.014219803,0.00124247,0.000393992,0.012583341,0.045175612,0.048163757,0.065704651,2.530315638
25080,0.029241579,0.015962135,0.003934315,0.009345128,0.173621595,0.170757383,0.186466753,2.399580717
25090,0.031275939,0.019425437,0.006252622,0.005597882,0.191688538,0.2099877,0.19637987,2.553795338
25100,0.01615824,0.009985836,0.002734454,0.003437949,0.130231977,0.1326323,0.128240079,2.395131111
25110,0.003683829,0.002299522,0.000688375,0.000695932,0.064672463,0.068518609,0.067115463,2.355467319
25120,0.001543205,0.00101793,0.000211652,0.000313623,0.031111654,0.03135125,0.03099208,2.383574963
25130,0.001220971,0.000858339,0.000174346,0.000188287,0.029769439,0.029031228,0.027460176,2.507500172
25140,0.002011277,0.001244904,0.000358791,0.000407581,0.044648521,0.046605095,0.046389408,2.420690775
25150,0.005357624,0.00339417,0.000965373,0.000998082,0.077305108,0.081038222,0.079472885,2.414951086
25160,0.035290428,0.022721581,0.006280324,0.006288525,0.20262289,0.21145466,0.206548989,2.460715055
25170,0.012952817,0.00824615,0.002332574,0.002374092,0.116097659,0.121708326,0.119338527,2.412690639
25180,0.010454221,0.006876004,0.001770476,0.00180774,0.108304694,0.110886797,0.106791981,2.382248163
25190,0.004185152,0.003377541,0.000392589,0.000415023,0.046530139,0.048695691,0.0457673,2.398595333
25200,0.002303261,0.001994846,0.000137359,0.000171056,0.022095267,0.021288214,0.023360329,2.430795908
25210,0.004182845,0.00219115,0.000669013,0.001322682,0.054929778,0.060426101,0.067021489,2.414720535
25220,0.022310145,0.012996336,0.003516952,0.005796855,0.145382211,0.15488416,0.162853986,2.403925896
25230,0.030599674,0.018207209,0.006145049,0.006247415,0.17897141,0.196904168,0.183326557,2.413067579
25240,0.004519651,0.002376385,0.001056462,0.001086804,0.06005346,0.066806175,0.071750283,2.516033649
25250,0.00568556,0.003858916,0.000900137,0.000926507,0.076666623,0.069594964,0.06743291,2.462239265
25260,0.000838444,0.000505727,0.000167584,0.000165134,0.020115644,0.019462688,0.020154957,2.42593956
25270,0.000622871,0.000312743,0.00016528,0.000144848,0.010159163,0.008754769,0.008367151,2.388186455
25280,0.000875498,0.000557953,0.000144911,0.000172635,0.023688428,0.02344045,0.02328393,2.530656576
25290,0.011848319,0.007488151,0.002124037,0.002236132,0.116313145,0.120982416,0.120908514,2.451008558
25300,0.141377151,0.087922193,0.027194818,0.026260136,0.396080166,0.428094387,0.413999349,2.461280584
25310,0.027922362,0.019472057,0.003938336,0.004511971,0.196607292,0.167465925,0.175325453,2.349856377
25320,0.003348555,0.000554652,0.002056568,0.000737335,0.013588822,0.0528717,0.018353539,2.456170321
25330,0.00253573,0.00080265,0.000352465,0.001380616,0.018130369,0.042384289,0.0373208,2.47733736
25340,0.003521898,0.001010586,0.000148281,0.002363031,0.022145007,0.017726218,0.022729494,2.476721287
25350,0.001326793,0.000474486,0.000592155,0.000260151,0.02307922,0.036779694,0.031938892,2.372847795
25360,0.005275473,0.000741745,0.00416802,0.00036571,0.009251222,0.030887242,0.015359182,2.375301123
25370,0.006335639,0.004980167,0.000689175,0.000666297,0.051782206,0.056052729,0.05817008,2.333714008
25380,0.006924744,0.003687749,0.000894085,0.00234291,0.07027173,0.076765746,0.081266046,2.459380388
25390,0.002109579,0.000235099,0.000263318,0.001611161,0.00768532,0.009556785,0.016607001,2.457117558
25400,0.001580042,0.000750231,0.000492005,0.000337805,0.031228565,0.036685564,0.035970815,2.510930538
25410,0.004579691,0.003055933,0.000578818,0.000944939,0.058052234,0.059904501,0.063495256,2.503787518
25420,0.025284139,0.01590066,0.004890278,0.004493203,0.160711795,0.172750816,0.173014075,2.331050873
25430,0.026065048,0.0162965,0.004657635,0.005110912,0.173110187,0.17192778,0.170810461,2.424525023
25440,0.012807145,0.007016565,0.002803585,0.002986992,0.105605841,0.115777351,0.117904536,2.381231308
25450,0.001882947,0.00100606,0.000367291,0.000509595,0.009661413,0.012987629,0.015224958,2.415310144
25460,0.002593668,0.001648788,0.000481041,0.000463839,0.049984779,0.051884785,0.051182523,2.372852564
25470,0.003759506,0.002093983,0.001103116,0.000562408,0.051240023,0.052041605,0.046684101,2.435091972
25480,0.008342319,0.004541255,0.001950796,0.001850269,0.08826758,0.089889616,0.086477309,2.388729334
25490,0.02816977,0.015850477,0.004731336,0.007587958,0.172066182,0.182955921,0.184410691,2.437716722
25500,0.018019978,0.010157289,0.003270135,0.004592553,0.117647454,0.125904918,0.131016746,2.299059868
25510,0.003489438,0.002347662,0.000575786,0.000565991,0.055329077,0.054899786,0.05179625,2.455922127
25520,0.006659337,0.004304501,0.001094155,0.001260681,0.086748987,0.085776702,0.08410123,2.395106316
25530,0.007219014,0.004837604,0.001035552,0.001345858,0.083635889,0.083751544,0.077988207,2.376632929
25540,0.012143456,0.007698603,0.002422811,0.002022043,0.112803154,0.121042445,0.115120173,2.604720116
25550,0.020070748,0.011856126,0.004944569,0.003270053,0.138071626,0.139455646,0.137833476,2.374598026
25560,0.004697022,0.002587394,0.001190858,0.00091877,0.061315313,0.076429151,0.072484896,2.408020973
25570,0.004490905,0.000939948,0.002776992,0.000773965,0.026037211,0.04377836,0.032380402,2.558666945
25580,0.009605993,0.006153163,0.001712269,0.00174056,0.104730099,0.097838037,0.0938664,2.356443644
25590,0.063243195,0.036513232,0.014521156,0.012208803,0.256019652,0.288738698,0.282354742,2.510358572
25600,0.008717028,0.007394712,0.000905394,0.000416922,0.062252358,0.053343631,0.050332874,2.339744091
25610,0.004945172,0.00391062,0.000674586,0.000359966,0.019366501,0.029896222,0.025622915,2.458880901
25620,0.004724974,0.003871092,0.000479468,0.000374414,0.047382593,0.033628095,0.035099491,2.413219452
25630,0.001555296,0.001143635,0.000198364,0.000213298,0.029974882,0.022834705,0.022845525,2.34756422
25640,0.001088896,0.000533159,9.11E-05,0.000464638,0.011717678,0.011941257,0.012425378,2.429680347
25650,0.003108052,0.000350272,0.000101901,0.002655878,0.010168437,0.008690975,0.02038941,2.331611633
25660,0.001890891,0.00031612,0.000259978,0.001314792,0.012536684,0.013486631,0.01577081,2.468904018
25670,0.002036199,0.000543799,0.000488077,0.001004323,0.02640109,0.029978245,0.03163043,2.38351059
25680,0.038922969,0.024616305,0.007339744,0.006966924,0.20865047,0.221768767,0.216400236,2.514481544
25690,0.012313071,0.006668534,0.004222461,0.001422076,0.063635983,0.065613709,0.05737276,2.472802401
25700,0.034463022,0.023586584,0.00598209,0.004894344,0.179136008,0.164398134,0.178199798,2.509385586
25710,0.012240998,0.010891181,0.000865344,0.000484474,0.0348254,0.049031544,0.039456509,2.335417509
25720,0.003473448,0.003023856,0.000168976,0.000280616,0.018971186,0.021644587,0.026177118,2.397205114
25730,0.001456303,0.000839771,0.000362005,0.000254527,0.012653446,0.023676513,0.023757476,2.384538651
25740,0.000751199,0.000480366,0.000164988,0.000105844,0.013534918,0.011052446,0.007959392,2.44438839
25750,0.000514633,0.00023979,0.000144549,0.000130293,0.009026232,0.019027701,0.017598128,2.363801479
25760,0.000444555,0.000284113,6.66E-05,9.39E-05,0.011422008,0.007016075,0.007728608,2.469731569
25770,0.000436571,0.000250204,6.76E-05,0.000118779,0.007374422,0.006690045,0.006667954,2.392189741
25780,0.001083262,0.000234472,7.79E-05,0.00077087,0.00733354,0.007196617,0.013532199,2.390460014
25790,0.011712424,0.00032427,0.000539742,0.010848414,0.015315453,0.02755959,0.05652263,2.39121604
25800,0.014626772,0.00273492,0.009780261,0.002111593,0.066028588,0.102362916,0.075096235,2.41922617
25810,0.034199551,0.022617996,0.006094322,0.005487233,0.201528162,0.191042751,0.184348911,2.467177868
25820,0.001683377,0.000721955,0.000853583,0.000107839,0.020836534,0.018713094,0.01302285,2.386709213
25830,0.004785648,0.002483219,0.001336568,0.00096586,0.066604838,0.077821568,0.076054864,2.413081169
25840,0.000781135,0.000347344,0.000228353,0.000205438,0.017464126,0.02286426,0.023363974,2.603011131
25850,0.002506217,0.001568292,0.000443599,0.000494325,0.051420219,0.053232107,0.052946918,2.407535553
25860,0.00807692,0.005052961,0.001554022,0.001469937,0.095708206,0.100175425,0.097222179,2.388819456
25870,0.035031408,0.022002954,0.00654517,0.006483288,0.200392574,0.208424658,0.207253575,2.563295603
25880,0.003668224,0.002195007,0.000755015,0.000718201,0.05574625,0.058277451,0.057459012,2.456634521
25890,0.008949241,0.005465418,0.001736876,0.001746947,0.099181846,0.103840023,0.103063732,2.483654261
25900,0.000682624,0.000319188,0.000106275,0.000257161,0.015040292,0.015905589,0.015895084,2.379123688
25910,0.003030066,0.001229927,0.000384518,0.001415621,0.045009501,0.046290673,0.048640229,2.442406654
25920,0.014199598,0.005326673,0.001763424,0.007109503,0.098581329,0.099966452,0.104434729,2.308049202
25930,0.033857986,0.018520605,0.006431358,0.008906024,0.181832016,0.198147863,0.198714629,2.404295683
25940,0.008396083,0.00457115,0.001672499,0.002152434,0.08097323,0.085024044,0.078959905,2.512065887
25950,0.009322064,0.004979077,0.002292762,0.002050224,0.096001223,0.105505452,0.108905956,2.425397635
25960,0.005035094,0.003387599,0.000993011,0.000654483,0.060804114,0.063775033,0.060392454,2.434375048
25970,0.001690408,0.001046776,0.000460017,0.000183615,0.010434284,0.015312742,0.010472063,2.458487988
25980,0.002184815,0.001006917,0.000878531,0.000299367,0.03921492,0.044398703,0.037950598,2.505262613
25990,0.014615968,0.008991091,0.003220587,0.00240429,0.12750113,0.133764759,0.126604944,2.366612673
26000,0.066552214,0.042155955,0.012246316,0.012149944,0.270390928,0.286118984,0.280545712,2.427873135
26010,0.021852683,0.014760414,0.004918283,0.002173985,0.126373783,0.135002658,0.124099985,2.422955513
26020,0.00647667,0.004213384,0.001881176,0.000382109,0.048267901,0.048734311,0.040383752,2.406625032
26030,0.002526846,0.001060769,0.001224945,0.000241131,0.022629049,0.027443416,0.02519626,2.419300556
26040,0.001061014,0.000585127,0.000303712,0.000172175,0.023066679,0.019080078,0.019785052,2.402606487
26050,0.001754594,0.000569526,0.000307444,0.000877624,0.026379995,0.025080942,0.029460452,2.359395504
26060,0.012345236,0.004739028,0.00113005,0.006476157,0.079096094,0.07808166,0.093440399,2.376555681
26070,0.067388617,0.039484661,0.013933654,0.013970308,0.26191619,0.290251762,0.286866426,2.475261688
26080,0.006468934,0.003534196,0.001169685,0.001765054,0.077861249,0.08377257,0.080100864,2.419783115
26090,0.00132274,0.000569494,0.000142893,0.000610353,0.010538395,0.014118777,0.016068453,2.383519411
26100,0.002692773,0.001644863,0.000393977,0.000653932,0.04990615,0.047818899,0.046888664,2.41918087
26110,0.001799714,0.000876442,0.000451184,0.000472088,0.035995133,0.045539711,0.043770932,2.365880251
26120,0.000842873,0.000360676,0.000300851,0.000181346,0.017630285,0.025166873,0.022114996,2.404809713
26130,0.00059257,0.000221586,0.000229307,0.000141677,0.006874159,0.008441548,0.006687386,2.422641993
26140,0.000634364,0.000279674,0.000257045,9.76E-05,0.009740792,0.01169016,0.010816466,2.464605331
26150,0.001672801,0.000589144,0.000884417,0.00019924,0.022211455,0.025491562,0.025288681,2.451633692
26160,0.016894473,0.00806053,0.005757512,0.003076431,0.108100533,0.116001889,0.120131478,2.397720575
26170,0.13792932,0.083777145,0.028565021,0.025587155,0.387170613,0.412815988,0.402466625,2.375662565
26180,0.03057248,0.019782564,0.007432106,0.003357812,0.195105642,0.212526768,0.156383634,2.434990883
26190,0.008630436,0.003943022,0.001049351,0.003638062,0.051791228,0.065023504,0.065326869,2.448359966
26200,0.003568611,0.001578489,0.000501437,0.001488685,0.014789589,0.021662375,0.031432439,2.469614744
26210,0.001604204,0.000472197,0.00039469,0.000737316,0.019274339,0.012338761,0.014141275,2.397056818
26220,0.001008111,0.000577966,0.000275896,0.000154249,0.015741078,0.022174297,0.021150405,2.347217321
26230,0.000521688,0.000293241,9.08E-05,0.000137671,0.011073863,0.007755691,0.009705086,2.336022615
26240,0.000434356,0.000274661,6.37E-05,9.60E-05,0.008001945,0.006548289,0.00663731,2.483147621
26250,0.000394344,0.00023134,7.05E-05,9.25E-05,0.008484086,0.00841854,0.008809941,2.493528843
26260,0.000426479,0.000250988,8.05E-05,9.50E-05,0.010909325,0.011003005,0.01121421,2.632616997
26270,0.000766649,0.000441866,0.00015977,0.000165013,0.022242684,0.022144757,0.022727814,2.412824154
26280,0.00870186,0.00505523,0.001936188,0.001710443,0.097524479,0.095988542,0.096540004,2.469927549
26290,0.101909354,0.058694229,0.022833832,0.020381289,0.328058004,0.361490875,0.349874139,2.413477182
26300,0.033056617,0.022188267,0.005386534,0.005481813,0.186284602,0.160779148,0.164088279,2.422326326
26310,0.010126068,0.004836132,0.002387791,0.002902144,0.099652648,0.131450877,0.128882691,2.471010208
26320,0.003671051,0.001639426,0.000970579,0.001061045,0.047825359,0.052595869,0.052829683,2.359287262
26330,0.001217552,0.000294742,0.000540644,0.000382166,0.016075425,0.02515813,0.020812213,2.344532967
26340,0.000700956,0.000262306,0.000187899,0.000250751,0.01186947,0.016254582,0.018557748,2.345937252
26350,0.000604313,0.000365044,0.000110315,0.000128954,0.017596353,0.016497316,0.017323595,2.435728073
26360,0.000398763,0.000224194,7.49E-05,9.97E-05,0.008100663,0.007987065,0.007755628,2.49998641
26370,0.000364875,0.000214099,6.62E-05,8.45E-05,0.006837289,0.006462086,0.006431104,2.457662821
26380,0.000440318,0.000290073,6.59E-05,8.43E-05,0.008745584,0.007911457,0.00773667,2.433591366
26390,0.004023187,0.003774206,0.000130825,0.000118156,0.027279105,0.020575162,0.015486378,2.360967398
26400,0.007497857,0.00457478,0.001695213,0.001227864,0.088943481,0.092680007,0.081779853,2.795065165
26410,0.190663472,0.119105682,0.035514329,0.036043458,0.483295858,0.499927968,0.487293541,2.4416852
26420,0.03792074,0.026272718,0.004297112,0.007350912,0.199626073,0.163204417,0.201857239,2.4503088
26430,0.010282907,0.003176781,0.005237689,0.001868436,0.055293076,0.077958249,0.037929032,2.442534685
26440,0.005111826,0.001967361,0.002490845,0.00065362,0.06371069,0.080877729,0.05222306,2.376071692
26450,0.002047196,0.000736922,0.000801357,0.000508918,0.035867829,0.038551033,0.038068816,2.396482944
26460,0.000992141,0.000507571,0.000277345,0.000207225,0.012609193,0.009440061,0.013014242,2.415162802
26470,0.000508331,0.000244784,0.000152333,0.000111213,0.007642061,0.011479458,0.011522483,2.341288805
26480,0.000446377,0.000232311,8.58E-05,0.000128299,0.007479569,0.008057428,0.008464158,2.49803853
26490,0.000695238,0.000225997,6.53E-05,0.00040392,0.007525255,0.006952271,0.009063534,2.4045012
26500,0.009953252,0.000308212,0.000137239,0.0095078,0.015090698,0.02273814,0.042444918,2.512443066
26510,0.004254034,0.000439513,0.000119321,0.003695201,0.022419889,0.018317323,0.035160992,2.417985916
26520,0.00135697,0.000292318,7.72E-05,0.000987473,0.014288609,0.010720313,0.017995032,2.348919153
26530,0.000652513,0.000269516,0.000215315,0.000167682,0.01241136,0.014645456,0.013565492,2.369508505
26540,0.001276353,0.000595326,0.000259514,0.000421513,0.027976718,0.030601457,0.029685073,2.479937553
26550,0.009799356,0.005309671,0.002868987,0.001620698,0.098065093,0.1050262,0.102670237,2.549539328
26560,0.075244077,0.046447366,0.015923975,0.01287274,0.285454005,0.295250595,0.2873936,2.401595354
26570,0.016006272,0.009629367,0.003339682,0.003037222,0.135487124,0.14737381,0.145122766,2.343689203
26580,0.004272781,0.002654856,0.000800874,0.000817052,0.062987745,0.066527769,0.0650611,2.496324301
26590,0.00055983,0.000271566,0.000198185,9.01E-05,0.010559312,0.009898347,0.008237118,2.363903046
26600,0.001613482,0.000945294,0.000362719,0.000305469,0.03477326,0.036867164,0.037989445,2.429253817
26610,0.000744357,0.000430287,0.000152998,0.000161072,0.021946725,0.023231577,0.023456845,2.433336973
26620,0.000824163,0.000503452,0.000141602,0.000179109,0.023828195,0.024819128,0.025334626,2.368253231
26630,0.000711505,0.000430897,0.000126647,0.000153961,0.021114901,0.022155028,0.022293307,2.401643991
26640,0.002379962,0.001496357,0.000424516,0.000459089,0.048900701,0.051007994,0.050731935,2.360962391
26650,0.036856111,0.023314971,0.006656419,0.00688472,0.204385504,0.212913767,0.212047338,2.336290359
26660,0.015737809,0.009989888,0.002863538,0.002884383,0.12089552,0.124649107,0.120833851,2.776238441
26670,0.006298782,0.00469759,0.000863532,0.000737661,0.039374504,0.049531706,0.053567261,2.352894783
26680,0.004136957,0.001391985,0.000758922,0.00198605,0.028685406,0.030079588,0.028295327,2.545550108
26690,0.001690554,0.000471112,0.000117948,0.001101493,0.016234733,0.010790071,0.015594611,2.4575665
26700,0.001339328,0.000836972,0.000153996,0.000348361,0.020307764,0.023109477,0.023802094,2.351660252
26710,0.001020282,0.000476955,0.000207439,0.000335888,0.014173762,0.013571093,0.013351901,2.379513502
26720,0.001613317,0.000288974,0.000565352,0.00075899,0.013725895,0.016732991,0.015213436,2.460766792
26730,0.006815627,0.000261133,0.00318142,0.003373075,0.009450425,0.026241805,0.023499161,2.538562536
26740,0.001013422,0.000395613,0.000447126,0.000170683,0.015123621,0.018334053,0.017498981,2.387360334
26750,0.005082497,0.002937169,0.000922026,0.001223302,0.06212613,0.062315498,0.062829956,2.34696269
26760,0.057140853,0.036002275,0.010723614,0.010414968,0.232799456,0.252755135,0.257488132,2.351664543
26770,0.010709283,0.009316652,0.000589393,0.000803237,0.034616712,0.020008687,0.024548071,2.347337723
26780,0.005564425,0.003860588,0.000946258,0.000757578,0.057297237,0.077280775,0.068420775,2.417821646
26790,0.003888371,0.002516814,0.000648776,0.000722781,0.064060971,0.063737288,0.06321644,2.382199287
26800,0.001271622,0.000744675,0.000163208,0.00036374,0.01190793,0.01814666,0.020994563,2.361573219
26810,0.001106352,0.000576323,0.000222082,0.000307948,0.02680441,0.028051704,0.02643019,2.405252218
26820,0.000581795,0.000323585,9.90E-05,0.000159176,0.016957667,0.017624417,0.018004647,2.452978611
26830,0.001670641,0.000526883,0.000156622,0.000987136,0.025401197,0.026784193,0.028642382,2.352634192
26840,0.016257513,0.006230924,0.002113122,0.007913466,0.107836112,0.113622241,0.111005932,2.384185553
26850,0.088602617,0.051749595,0.017259425,0.019593591,0.306760192,0.33352837,0.329053104,2.418325186
26860,0.026574554,0.016149996,0.005536778,0.004887779,0.16380015,0.112843819,0.154325068,2.521574736
26870,0.00833237,0.002817012,0.003525,0.001990359,0.068702772,0.109793358,0.077358365,2.407540798
26880,0.00165448,0.000716904,0.000515635,0.000421941,0.014555031,0.021451056,0.011834037,2.49076581
26890,0.001386302,0.000702348,0.000180371,0.000503582,0.021558544,0.024853326,0.029380204,2.38846755
26900,0.000592226,0.000273065,0.000198175,0.000120986,0.007208319,0.009661903,0.009691819,2.48322773
26910,0.000518899,0.000253402,0.000134647,0.00013085,0.006812241,0.007750168,0.006625467,2.479105711
26920,0.000659319,0.000443481,0.000101345,0.000114494,0.012975425,0.014969479,0.014747595,2.535694361
26930,0.004513375,0.003006011,0.000902357,0.000605007,0.051518068,0.063901775,0.057992633,2.391136885
26940,0.070380434,0.042240143,0.01457682,0.01356347,0.262652814,0.287102878,0.298226088,2.352351904
26950,0.010692575,0.008946753,0.001194847,0.000550976,0.035395991,0.040040258,0.023938619,2.422002316
26960,0.004042498,0.001544139,0.001342972,0.001155387,0.043102905,0.060355783,0.067961849,2.435271025
26970,0.003469804,0.00168114,0.00113519,0.000653474,0.041043051,0.070772402,0.06071002,2.376313448
26980,0.002549546,0.001898436,0.000210079,0.000441031,0.05035938,0.031266484,0.027104679,2.332517624
26990,0.001278157,0.000722223,0.000246979,0.000308955,0.03152997,0.036405496,0.035197195,2.40177393
27000,0.000557462,0.000214228,6.52E-05,0.000278064,0.008479301,0.007850976,0.008032455,2.658766985
27010,0.002316913,0.000251602,0.000100651,0.00196466,0.011688173,0.013544839,0.024462134,2.344086409
27020,0.002841933,0.000255567,0.00011587,0.002470496,0.009666131,0.010383324,0.019845465,2.42190671
27030,0.002082545,0.000730014,0.000191959,0.001160573,0.031902082,0.030338559,0.036769345,2.489639759
27040,0.0093673,0.005734408,0.001588236,0.002044656,0.101928793,0.099707425,0.10047324,2.491068125
27050,0.076375604,0.047629036,0.014424332,0.014322229,0.293851078,0.311985254,0.306379825,2.725357771
27060,0.020074075,0.012840691,0.003743417,0.00348997,0.13540864,0.143910527,0.13669908,2.455563307
27070,0.007266291,0.004258993,0.001654672,0.001352626,0.090449214,0.096361816,0.095595628,2.460599661
27080,0.001529889,0.000968422,0.000251588,0.00030988,0.031885505,0.034311377,0.036017351,2.610520601
27090,0.000754072,0.000346784,0.000276483,0.000130806,0.016252203,0.019964702,0.01804642,2.449053049
27100,0.00271645,0.000536252,0.001995454,0.000184744,0.024438029,0.032507878,0.025580086,2.82212019
27110,0.004607777,0.000573933,0.003283616,0.000750228,0.022558438,0.036084279,0.033239998,2.403753996
27120,0.007748363,0.00296766,0.000758217,0.004022485,0.05147472,0.054899544,0.065400116,2.476934195
27130,0.00781632,0.006477598,0.001042781,0.000295941,0.024200331,0.030822653,0.03242632,2.487944365
27140,0.002487118,0.00202903,9.38E-05,0.000364252,0.021933483,0.016289046,0.014645999,2.406195879
27150,0.009488076,0.005982736,0.001688712,0.001816627,0.106196627,0.107791699,0.103495203,2.403084517
27160,0.134197593,0.082254142,0.026948357,0.024995087,0.377713203,0.39820683,0.388399124,2.404083014
27170,0.036114704,0.021350209,0.006366524,0.008397972,0.173804879,0.191051751,0.218714535,2.479270458
27180,0.007549831,0.005572029,0.00084555,0.001132252,0.110959232,0.081129119,0.09318471,2.396696806
27190,0.004728079,0.004165533,0.000406122,0.000156425,0.045764588,0.032789327,0.026651036,2.416353226
27200,0.002213647,0.00148023,0.000372227,0.000361191,0.012122763,0.024373904,0.01001801,2.412738085
27210,0.00061972,0.000324771,0.000147321,0.000147628,0.016402096,0.009829564,0.014647324,2.431369543
27220,0.000500219,0.000207399,0.000144766,0.000148055,0.006843609,0.010642787,0.008419864,2.404644251
27230,0.000982085,0.000209329,7.15E-05,0.000701208,0.008569403,0.006964264,0.011041478,2.66199398
27240,0.008339218,0.000815443,0.000361915,0.00716186,0.027537055,0.035675645,0.059742808,2.43257165
27250,0.019861624,0.012473506,0.003042772,0.004345348,0.129011974,0.13711898,0.137242645,2.446059465
27260,0.010063468,0.002861597,0.004994618,0.002207255,0.070249312,0.085228726,0.076217458,2.430410385
27270,0.00247732,0.000745645,0.001112401,0.000619273,0.030237854,0.041127712,0.039393868,2.768731356
27280,0.005911968,0.003985397,0.000855842,0.001070729,0.074696146,0.069535635,0.067195646,2.530779362
27290,0.017796207,0.011199457,0.003140999,0.003455754,0.139288068,0.141220838,0.13960287,2.357522488
27300,0.004752811,0.003265325,0.000636923,0.000850562,0.056578584,0.060428135,0.062449656,2.383921623
27310,0.001592887,0.000682295,0.000175622,0.000734969,0.027723067,0.027726397,0.028439537,2.394061565
27320,0.003966535,0.002496171,0.000673474,0.00079689,0.061087333,0.064601533,0.065562949,2.392507076
27330,0.024683127,0.015239724,0.004411249,0.005032158,0.16134268,0.172169358,0.171211094,2.342685938
27340,0.025496893,0.016011739,0.004113292,0.005371862,0.15916957,0.160895869,0.158558875,2.38254261
27350,0.014922433,0.010371515,0.002078332,0.002472586,0.106817804,0.116463587,0.120009072,2.376543283
27360,0.003007146,0.002400904,0.000198368,0.000407875,0.012532672,0.007787864,0.010084173,2.437383413
27370,0.002900592,0.00157263,0.001023142,0.00030482,0.040775195,0.043265861,0.03778328,2.375747442
27380,0.00602602,0.001323236,0.004215049,0.000487735,0.045106392,0.05452583,0.040875971,2.3872087
27390,0.002530495,0.001267729,0.000613619,0.000649147,0.044744402,0.04737537,0.046819516,2.449771404
27400,0.01144561,0.007214977,0.002117162,0.002113471,0.113160968,0.115533516,0.113024741,2.60045433
27410,0.058382351,0.036673542,0.010270057,0.011438751,0.250868499,0.26043117,0.259244204,2.439143658
27420,0.014162102,0.007288986,0.001872838,0.005000276,0.096137598,0.104223616,0.099209659,2.393385649
27430,0.003797705,0.002362958,0.000431841,0.001002906,0.017235326,0.013232965,0.014808335,2.444998741
27440,0.00279199,0.001955183,0.000347024,0.000489782,0.038453765,0.037100472,0.040532112,2.380806446
27450,0.001012793,0.000372403,0.000221545,0.000418845,0.019851193,0.018766122,0.018520243,2.408923388
27460,0.000510817,0.000272689,0.000100072,0.000138057,0.011822388,0.012065493,0.011351824,2.431677818
27470,0.000535441,0.00034135,8.69E-05,0.000107227,0.007356008,0.006625263,0.006795392,2.391205072
27480,0.000399899,0.000236293,7.49E-05,8.87E-05,0.011154304,0.011713411,0.011048834,2.476434708
27490,0.002835383,0.00178913,0.000507234,0.000539019,0.053334281,0.056103539,0.054536603,2.37268734
27500,0.142372578,0.090275869,0.025419433,0.026677258,0.372845292,0.395388424,0.400116295,2.3829422
27510,0.070693545,0.044740655,0.012477505,0.013475392,0.265792042,0.285368323,0.275192857,2.502971411
27520,0.016784579,0.014460519,0.001570113,0.000753948,0.0565474,0.075749546,0.040987313,2.395788908
27530,0.004655124,0.003349755,0.000304277,0.001001092,0.015443834,0.019567644,0.02136793,2.396941185
27540,0.001774825,0.001428227,0.000148837,0.000197761,0.013815667,0.01419943,0.017009348,2.664270878
27550,0.000988154,0.000624149,7.24E-05,0.000291647,0.013003485,0.0081893,0.009671862,2.538536549
27560,0.000539319,0.000325798,9.05E-05,0.000123064,0.016158283,0.016226999,0.01705743,2.396884441
27570,0.000562792,0.000224362,0.000120766,0.000217664,0.007242033,0.007320633,0.009255195,2.328530073
27580,0.004174748,0.000241276,0.000732566,0.003200907,0.011576867,0.020054322,0.026217975,2.35475564
27590,0.009530972,0.001234889,0.007093231,0.001202852,0.046235636,0.062276557,0.042610005,2.342949867
27600,0.002720819,0.00025822,0.002300422,0.000162177,0.013348665,0.024426358,0.007839186,2.466310024
27610,0.001767043,0.000371059,0.00092912,0.000466865,0.019277489,0.026490068,0.025146347,2.693798542
27620,0.000694447,0.000283821,0.00023604,0.000174586,0.013914838,0.014575683,0.012477277,2.547714233
27630,0.000486568,0.000262416,0.000105213,0.000118939,0.013047705,0.013624839,0.01292309,2.493700027
27640,0.001596523,0.001018758,0.000279285,0.00029848,0.040532388,0.041163098,0.040285505,2.333311558
27650,0.036266413,0.023622515,0.00626494,0.006378956,0.209446549,0.211546957,0.206616342,2.414658785
27660,0.009966359,0.006155709,0.001985187,0.001825462,0.091058299,0.099345081,0.09203659,2.426203251
27670,0.001705816,0.001197403,0.00034732,0.000161092,0.030868242,0.030336726,0.018872254,2.436290026
27680,0.003500937,0.001948297,0.000901919,0.000650721,0.058002722,0.065803573,0.05842483,2.328176022
27690,0.00214674,0.001304659,0.000455392,0.000386689,0.042822689,0.042870313,0.040422261,2.379987717
27700,0.000877748,0.000472555,0.00022482,0.000180372,0.022933833,0.02365556,0.023917932,2.389979839
27710,0.000435812,0.000225437,0.000123585,8.68E-05,0.008775422,0.009667324,0.00786669,2.404439449
27720,0.000408222,0.000211884,0.000109879,8.65E-05,0.008453494,0.010375879,0.008975553,2.351962566
27730,0.000411319,0.000222952,0.000100122,8.82E-05,0.01042854,0.011011196,0.011278447,2.395422697
27740,0.000987665,0.000193293,0.000715231,7.91E-05,0.006835719,0.010849836,0.006010251,2.373228788
27750,0.01354311,0.000471009,0.012375143,0.000696957,0.013774261,0.042059846,0.024236245,2.345517397
27760,0.024817869,0.005590945,0.003041561,0.016185362,0.10346622,0.107517138,0.130331397,2.417824268
27770,0.039775833,0.023775551,0.007377164,0.008623119,0.202882022,0.220348835,0.218744248,2.476438522
27780,0.00057748,0.000256927,0.000150315,0.000170238,0.015926583,0.010271369,0.014207594,2.402928114
27790,0.008530185,0.005700548,0.001438526,0.001391111,0.100989483,0.09688168,0.096162036,2.514046431
27800,0.001395736,0.001144746,0.000119277,0.000131713,0.013206078,0.017024351,0.014125763,2.502743244
27810,0.002543431,0.001545331,0.00043868,0.00055942,0.054486744,0.055162847,0.058434639,2.495617151
27820,0.005761695,0.003817454,0.000930701,0.00101354,0.072773047,0.075479776,0.075886399,2.514349937
27830,0.021629244,0.014696201,0.003423615,0.003509426,0.136855453,0.145309418,0.147770748,2.474312544
27840,0.016458962,0.011736807,0.002520479,0.002201676,0.12170665,0.118951067,0.112082757,2.394048452
27850,0.001175528,0.000449159,0.000636131,9.02E-05,0.012488484,0.016580053,0.007609587,2.348199606
27860,0.002495019,0.001473854,0.000651856,0.000369309,0.04833699,0.049847968,0.044997502,2.482970953
27870,0.012386581,0.007486954,0.002573048,0.002326579,0.115602747,0.120821111,0.120079674,2.445007324
27880,0.031633228,0.020452024,0.0060639,0.005117303,0.188380003,0.193826094,0.181813926,2.463708878
27890,0.001817458,0.000676517,0.000775778,0.000365163,0.029173713,0.035731129,0.034430251,2.412073135
27900,0.007227854,0.003932687,0.001764583,0.001530583,0.084352434,0.092872381,0.092112035,2.521968365
27910,0.000562534,0.000281775,0.00010973,0.000171029,0.015038468,0.01790349,0.016363604,2.424088955
27920,0.001081458,0.000571696,0.000263999,0.000245763,0.028737489,0.030956,0.030865401,2.45739603
27930,0.008077949,0.004198438,0.001240628,0.002638882,0.086931892,0.090464391,0.091535531,2.466692686
27940,0.046775542,0.029209094,0.008212298,0.009354152,0.22782129,0.225484729,0.229454786,2.543377876
27950,0.001261747,0.000613313,0.000170303,0.000478131,0.019877575,0.015055981,0.011013354,2.516136169
27960,0.015794534,0.007916776,0.003777648,0.00410011,0.099141136,0.147536382,0.117373154,2.368860483
27970,0.003575177,0.001874602,0.001187072,0.000513504,0.045990188,0.021856599,0.023028202,2.729536057
27980,0.013544235,0.009974134,0.001991788,0.001578313,0.106300175,0.101882026,0.096431494,2.432617903
27990,0.002682226,0.00194387,0.000384488,0.000353869,0.023021767,0.027820768,0.027544793,2.387541056
28000,0.002389306,0.001459518,0.000526748,0.000403041,0.048344836,0.052387536,0.04713545,2.447643518
28010,0.009044551,0.005582512,0.001786737,0.001675302,0.099166006,0.107280299,0.103614382,2.428900957
28020,0.010207559,0.006227629,0.002096498,0.001883431,0.105579764,0.111248031,0.108309306,2.424167633
28030,0.001418162,0.000627154,0.000603676,0.000187332,0.023264918,0.027885498,0.02468469,2.402250767
28040,0.002372316,0.000417474,0.001821619,0.000133222,0.022002377,0.029554596,0.021264002,2.400796175
28050,0.005294241,0.002365829,0.002235153,0.000693259,0.062455446,0.067531444,0.062211312,2.373777151
28060,0.047308959,0.028309977,0.009914067,0.009084919,0.233632475,0.246112868,0.245796621,2.391481876
28070,0.003984101,0.00172987,0.001262765,0.000991467,0.082071349,0.092933483,0.103712633,2.504272223
28080,0.006607989,0.00509843,0.001017576,0.000491983,0.072634414,0.061905183,0.014183244,2.364685535
28090,0.046162974,0.020217843,0.015551993,0.010393134,0.249966696,0.332401246,0.27924031,2.409753323
28100,0.0229309,0.018035455,0.00262275,0.002272693,0.034453638,0.064475819,0.071120456,2.50962925
28110,2.227607965,1.661603808,0.250900924,0.315103084,1.98588562,1.361997247,1.509007215,2.463540077
28120,2.353877544,1.4600842,0.424396187,0.469396889,1.399591923,1.970906973,1.872371912,2.65930295
28130,0.301516622,0.184585661,0.063969001,0.052961931,0.335403025,0.306425095,0.190140978,2.45867753
28140,0.087461956,0.027282799,0.043812189,0.016366964,0.265959054,0.293595433,0.168895066,2.506173849
28150,0.025209688,0.012267435,0.010510321,0.00243193,0.165519252,0.143745244,0.063990116,2.399084568
28160,0.007998999,0.002172116,0.004503003,0.00132388,0.050451767,0.129035801,0.105028585,2.460412979
28170,0.004600293,0.001563635,0.002219834,0.000816823,0.034850795,0.086079165,0.03256312,2.393937111
28180,0.00349672,0.002428122,0.000637568,0.00043103,0.069391832,0.058337756,0.039722003,2.381432056
28190,0.001825991,0.001129351,0.000410189,0.000286452,0.045888171,0.045228884,0.0283462,2.461500168
28200,0.000880367,0.000435448,0.000245154,0.000199765,0.017972603,0.027538624,0.020254187,2.474476814
28210,0.000585925,0.000318425,0.000142193,0.000125307,0.012341563,0.018726123,0.016724898,2.467366695
28220,0.000544627,0.000298898,0.000129223,0.000116506,0.011840854,0.016310729,0.013859533,2.477040291
28230,0.000517312,0.00028839,0.000120171,0.000108751,0.010729861,0.014907725,0.012283444,2.44923377
28240,0.000485381,0.000270776,0.000112099,0.000102505,0.009435415,0.013748899,0.011140184,2.452297688
28250,0.000464095,0.000259555,0.000105208,9.93E-05,0.00874147,0.012888686,0.010220179,2.395600319
28260,0.000450313,0.000253155,0.000100064,9.71E-05,0.008497586,0.012289016,0.009612982,2.415608883
28270,0.000438591,0.000247686,9.56E-05,9.53E-05,0.008346211,0.011783252,0.009205472,2.435614586
28280,0.000428598,0.000243015,9.18E-05,9.38E-05,0.008126395,0.011369042,0.008793786,2.383111238
28290,0.000420145,0.000239131,8.84E-05,9.26E-05,0.007981559,0.011013724,0.008507563,2.340054512
28300,0.000412841,0.00023582,8.55E-05,9.15E-05,0.007864062,0.010711568,0.008250182,2.385098219
28310,0.000406381,0.000232916,8.30E-05,9.05E-05,0.007761782,0.010468911,0.008018317,2.407348394
28320,0.000400597,0.000230345,8.07E-05,8.96E-05,0.007669776,0.010223044,0.007830803,2.344910622
28330,0.000395441,0.000228093,7.86E-05,8.87E-05,0.007586129,0.010015721,0.00764826,2.339118481
28340,0.000390796,0.000226082,7.67E-05,8.80E-05,0.007510393,0.009841827,0.007487976,2.407555342
28350,0.000386541,0.000224276,7.50E-05,8.72E-05,0.007440723,0.009663114,0.007336879,2.488405943
28360,0.000382694,0.000222656,7.35E-05,8.65E-05,0.00737819,0.009518057,0.007208095,2.645210505
28370,0.000379145,0.00022117,7.21E-05,8.59E-05,0.007319369,0.009396596,0.007085639,2.441106081
28380,0.000375845,0.000219799,7.08E-05,8.53E-05,0.007266698,0.009262627,0.006970211,2.442863941
28390,0.000372811,0.000218549,6.96E-05,8.47E-05,0.007216324,0.009138333,0.006868825,2.387026072
28400,0.000369959,0.000217382,6.85E-05,8.41E-05,0.007169059,0.009015414,0.006768813,2.451280594
28410,0.000367326,0.000216317,6.75E-05,8.36E-05,0.007126381,0.008927193,0.006668615,2.417481422
28420,0.000364839,0.000215306,6.65E-05,8.30E-05,0.007085301,0.008821149,0.006587376,2.352473021
28430,0.000362499,0.000214356,6.56E-05,8.25E-05,0.007047303,0.008734014,0.006510036,2.505048513
28440,0.000360294,0.000213474,6.48E-05,8.20E-05,0.00701322,0.008643161,0.006430583,2.513243675
28450,0.00035822,0.000212651,6.40E-05,8.16E-05,0.006979801,0.008541524,0.006368218,2.43783021
28460,0.000356263,0.000211854,6.33E-05,8.11E-05,0.006948486,0.008466162,0.006293043,2.403469801
28470,0.000354358,0.000211076,6.26E-05,8.07E-05,0.006920505,0.008408068,0.006229995,2.490230799
28480,0.000352584,0.000210374,6.19E-05,8.03E-05,0.006895956,0.008329304,0.006169069,2.560478449
28490,0.000350877,0.000209675,6.13E-05,7.99E-05,0.006868837,0.008242705,0.006113025,2.459961176
28500,0.000349275,0.000209038,6.08E-05,7.95E-05,0.006845267,0.008199629,0.006055705,2.44345808
28510,0.000347703,0.000208383,6.02E-05,7.91E-05,0.006823496,0.0081354,0.006015157,2.630351305
28520,0.000346232,0.000207788,5.97E-05,7.87E-05,0.006805593,0.008078825,0.005959318,2.5055511
28530,0.000344772,0.000207182,5.92E-05,7.84E-05,0.006786088,0.008033181,0.005920116,2.418141842
28540,0.000343384,0.000206605,5.88E-05,7.80E-05,0.006766113,0.007982363,0.005878308,2.375404596
28550,0.00034203,0.000206035,5.83E-05,7.77E-05,0.006746808,0.007926435,0.005825034,2.630112648
28560,0.000340718,0.000205478,5.79E-05,7.74E-05,0.006731061,0.007880058,0.005800019,2.390945673
28570,0.000339514,0.000204977,5.75E-05,7.71E-05,0.006718411,0.007843073,0.005761985,2.415795565
28580,0.000338285,0.00020446,5.71E-05,7.67E-05,0.006706363,0.007802651,0.005728894,2.344862223
28590,0.000337098,0.000203936,5.67E-05,7.64E-05,0.006691686,0.007755998,0.005699269,2.440992832
28600,0.000335951,0.000203444,5.64E-05,7.61E-05,0.00667759,0.007719704,0.005665631,2.378312588
28610,0.000334852,0.000202956,5.61E-05,7.58E-05,0.006663531,0.007685763,0.005643454,2.43339324
28620,0.000333758,0.000202474,5.57E-05,7.56E-05,0.006656518,0.007645859,0.005614866,2.322566748
28630,0.000332683,0.00020198,5.54E-05,7.53E-05,0.006643341,0.007619618,0.005583476,2.516480684
28640,0.000331672,0.000201537,5.51E-05,7.50E-05,0.00663204,0.007584328,0.005560939,2.337760448
28650,0.000330672,0.000201088,5.48E-05,7.48E-05,0.006623304,0.007548133,0.005539682,2.436461687
28660,0.000329691,0.00020063,5.46E-05,7.45E-05,0.006613704,0.007517155,0.005521829,2.358161211
28670,0.000328733,0.000200189,5.43E-05,7.42E-05,0.006603462,0.007495142,0.005506529,2.348581791
28680,0.000327799,0.000199753,5.40E-05,7.40E-05,0.006592861,0.007473087,0.005488935,2.692301035
28690,0.000326839,0.0001993,5.38E-05,7.37E-05,0.006585409,0.007447136,0.005458661,2.445236921
28700,0.00032593,0.000198869,5.35E-05,7.35E-05,0.006576713,0.007422556,0.005450668,2.438513041
28710,0.000325056,0.000198454,5.33E-05,7.33E-05,0.006568991,0.007397627,0.005435116,2.424359322
28720,0.000324169,0.000198022,5.31E-05,7.31E-05,0.006560596,0.007371904,0.005421706,2.425403595
28730,0.000323289,0.000197597,5.29E-05,7.28E-05,0.006551252,0.007345214,0.005411863,2.523986816
28740,0.000322575,0.000197294,5.27E-05,7.26E-05,0.006544516,0.007322121,0.005399622,2.415548801
28750,0.000322528,0.000197667,5.25E-05,7.24E-05,0.006536585,0.007306182,0.00538203,2.405149698
28760,0.000358863,0.000234413,5.23E-05,7.22E-05,0.006599654,0.007291953,0.005378295,2.512718439
28770,0.003902249,0.003777169,5.23E-05,7.28E-05,0.011762681,0.007366938,0.005434259,2.375124931
28780,0.000575219,0.000398771,5.33E-05,0.000123194,0.009774039,0.007434016,0.00609774,2.355106115
28790,0.001752303,0.001624208,5.27E-05,7.54E-05,0.012898193,0.007753981,0.006061978,2.41584754
28800,0.001599261,0.001455968,5.33E-05,9.00E-05,0.010061024,0.007372082,0.005719218,2.424397469
28810,0.000831052,0.000689745,5.15E-05,8.98E-05,0.008201051,0.007245945,0.005560451,2.406695843
28820,0.000471277,0.000248196,5.12E-05,0.000171898,0.007122694,0.007180556,0.006635876,2.479951859
28830,0.002148093,0.000221932,5.24E-05,0.001873737,0.007274431,0.007313763,0.016284894,2.45857501
28840,0.002043256,0.00023412,6.46E-05,0.00174452,0.007334534,0.007531164,0.016034622,2.432951927
28850,0.000516802,0.000199331,6.33E-05,0.00025414,0.006773567,0.00738554,0.007274278,2.414086819
28860,0.000326689,0.000199101,5.19E-05,7.57E-05,0.006655511,0.007130167,0.005394923,2.313210487
28870,0.000353024,0.000196676,5.22E-05,0.000104118,0.006644085,0.007110675,0.005855674,2.396493435
28880,0.000335023,0.000195254,5.02E-05,8.95E-05,0.006585677,0.007080595,0.005465164,2.567867279
28890,0.000320014,0.000194668,5.14E-05,7.40E-05,0.006565276,0.007066553,0.00538116,2.433788061
28900,0.000323662,0.00019414,5.82E-05,7.13E-05,0.006546128,0.007140889,0.005333283,2.426568747
28910,0.000508073,0.000193795,0.00023669,7.76E-05,0.006558138,0.008727042,0.005501369,2.338610172
28920,0.007094525,0.000201016,0.006805366,8.81E-05,0.007222611,0.030230088,0.00777969,2.355053902
28930,0.003161783,0.000197444,0.002647617,0.000316722,0.006830017,0.019305395,0.007432041,2.827699184
28940,0.001711213,0.000208953,0.001108393,0.000393867,0.007184605,0.015190631,0.009791622,2.435517788
28950,0.001413681,0.000207436,7.03E-05,0.001135907,0.006854948,0.007519794,0.012772952,2.368780136
28960,0.002073861,0.000269103,0.000186409,0.001618349,0.006925774,0.00820944,0.01515615,2.450127125
28970,0.001107908,0.00092103,8.03E-05,0.0001066,0.00813395,0.007433381,0.005766867,2.491940975
28980,0.005434277,0.005174324,5.24E-05,0.000207599,0.01400904,0.00721947,0.006613003,2.339144945
28990,0.000608035,0.000432194,5.04E-05,0.000125461,0.007466933,0.006973522,0.00590054,2.406298637
29000,0.000579595,0.000198093,5.38E-05,0.000327706,0.006868834,0.007101591,0.007655011,2.518399
29010,0.002015819,0.000396068,5.00E-05,0.001569725,0.007882175,0.007436201,0.015712366,2.485385895
29020,0.002275734,0.00024857,7.33E-05,0.001953828,0.007088786,0.007693659,0.016812555,2.394134998
29030,0.00105419,0.000191591,4.92E-05,0.0008134,0.006743157,0.006952425,0.011815774,2.596409082
29040,0.000397521,0.000189779,8.66E-05,0.000121139,0.006479918,0.007197855,0.005780192,2.565107584
29050,0.000363665,0.000193183,4.87E-05,0.000121819,0.006503242,0.006841464,0.005710993,2.378193378
29060,0.000461948,0.000294735,6.95E-05,9.77E-05,0.006712801,0.007092245,0.005719928,2.392356157
29070,0.004898982,0.004653753,0.000153286,9.19E-05,0.014341558,0.008821561,0.006379758,2.413104296
29080,0.002967557,0.000295141,0.001611601,0.001060815,0.011050722,0.019053409,0.01732422,2.420202017
29090,0.010239526,0.00346329,0.00407456,0.002701677,0.022582576,0.03214179,0.029247336,2.425554752
29100,0.001688331,0.000216976,0.000437046,0.001034309,0.008352064,0.011824902,0.010877708,2.330144405
29110,0.001060233,0.000575545,7.91E-05,0.000405606,0.008623462,0.007552931,0.00762345,2.432037592
29120,0.000473364,0.000213262,0.000161467,9.86E-05,0.007230151,0.008538843,0.006480147,2.486911535
29130,0.000472808,0.0002084,0.000107402,0.000157005,0.006748118,0.007523574,0.005795801,2.475737572
29140,0.000376663,0.000206729,7.39E-05,9.60E-05,0.006753392,0.007159987,0.005733076,2.450605392
29150,0.000335503,0.00019603,5.70E-05,8.25E-05,0.006568009,0.00682775,0.005723515,2.327948809
29160,0.000360354,0.000192111,4.86E-05,0.00011962,0.006559961,0.006675705,0.005908474,2.438535452
29170,0.001745458,0.000190979,4.99E-05,0.001504606,0.007065813,0.0070603,0.014973897,2.520856857
29180,0.005680216,0.000278903,0.000213667,0.005187646,0.011814551,0.012824213,0.029898055,2.432645798
29190,0.00056297,0.000188427,0.000170492,0.000204051,0.006443256,0.007809485,0.006818841,2.480472088
29200,0.000782649,0.000213647,4.92E-05,0.000519764,0.006784311,0.006816723,0.00833571,2.479453325
29210,0.000627737,0.000242268,6.18E-05,0.000323642,0.006511271,0.006761147,0.007169436,2.385131359
29220,0.000915676,0.000560686,0.000268102,8.69E-05,0.008435679,0.009942551,0.006703342,2.354613304
29230,0.012185197,0.006138949,0.005783693,0.000262555,0.025926588,0.038402151,0.020366009,2.456101179
29240,0.002155229,0.000317824,0.000716156,0.001121249,0.007793287,0.011373991,0.013286224,2.417553186
29250,0.00246966,0.000642046,0.000943555,0.000884058,0.0096418,0.015701273,0.011500175,2.460896015
29260,0.001256743,0.000471328,0.000344902,0.000440514,0.008479469,0.010239071,0.008207351,2.41798234
29270,0.000571795,0.000298835,7.66E-05,0.000196349,0.006890441,0.006958807,0.007166419,2.413475752
29280,0.000353319,0.000209098,4.83E-05,9.59E-05,0.006616678,0.006548351,0.005652271,2.405953169
29290,0.000301931,0.000185634,4.80E-05,6.83E-05,0.006496031,0.006528619,0.005318257,2.416169405
29300,0.000322628,0.000196765,4.99E-05,7.60E-05,0.006478403,0.006536184,0.005563171,2.401528597
29310,0.000303765,0.000183844,4.94E-05,7.05E-05,0.006410629,0.00654195,0.005387772,2.391234398
29320,0.000310233,0.000187758,4.93E-05,7.31E-05,0.006471622,0.006511372,0.005438224,2.487445593
29330,0.000459173,0.000259192,4.97E-05,0.000150318,0.007360341,0.006928745,0.007402678,2.408865929
29340,0.008127102,0.003666066,0.000189563,0.004271473,0.027928542,0.021789163,0.038973909,2.51232481
29350,0.011387943,0.003306918,0.007384677,0.000696348,0.058161646,0.073306024,0.054364376,2.376855612
29360,0.008410496,0.0032207,0.004526254,0.000663541,0.02146112,0.026555743,0.018317735,2.472123384
29370,0.000798021,0.000293057,0.000402369,0.000102595,0.011206266,0.011085089,0.009514835,2.449683428
29380,0.001225673,0.000585597,0.000474894,0.000165182,0.015682213,0.013764175,0.013232164,2.510345697
29390,0.000550491,0.000269247,0.000103053,0.000178192,0.00712382,0.007792068,0.006874805,2.372895479
29400,0.000321109,0.00019217,5.45E-05,7.44E-05,0.006800405,0.006503767,0.005315607,2.401519299
29410,0.000350913,0.000206497,6.54E-05,7.90E-05,0.007088201,0.007384623,0.006135555,2.433467865
29420,0.000320296,0.000191924,5.73E-05,7.11E-05,0.006525366,0.006503469,0.005428379,2.427240133
29430,0.000306201,0.00018584,5.17E-05,6.87E-05,0.006455248,0.006418043,0.005284382,2.376174927
29440,0.000310944,0.000185539,4.76E-05,7.78E-05,0.006653092,0.006497847,0.005814006,2.395315886
29450,0.000710071,0.000196489,6.05E-05,0.000453108,0.00870471,0.0088425,0.010514195,2.377727747
29460,0.00866446,0.00099359,0.000597873,0.007072998,0.041565515,0.044310108,0.052699484,2.33861804
29470,0.01720481,0.006121506,0.005575766,0.005507535,0.095659554,0.103674494,0.105233252,2.42709589
29480,0.023085417,0.014194332,0.005467596,0.00342349,0.160368949,0.161430135,0.15558292,2.437458754
29490,0.009122452,0.004254706,0.002798903,0.002068844,0.080939755,0.086043537,0.085353345,2.402788401
29500,0.002038128,0.001172166,0.000398699,0.000467263,0.041711673,0.041465629,0.041437566,2.380282164
29510,0.000529262,0.000283174,0.000149011,9.71E-05,0.012948787,0.014546055,0.013340106,2.442488194
29520,0.001020443,0.000551903,0.000285532,0.000183008,0.02922703,0.030741882,0.02939192,2.422982931
29530,0.000484033,0.000279904,8.65E-05,0.000117678,0.01600831,0.016318969,0.01617288,2.504034281
29540,0.000331117,0.000203403,5.39E-05,7.38E-05,0.009159177,0.009199101,0.008557767,2.472550631
29550,0.000442556,0.000269758,7.49E-05,9.79E-05,0.012939447,0.012925191,0.012609005,2.396255732
29560,0.003760179,0.002372351,0.000698253,0.000689574,0.059004482,0.058801338,0.058516294,2.31830287
29570,0.106107958,0.062326707,0.022331886,0.021449363,0.337755442,0.340366185,0.340278983,2.607701063
29580,0.035270318,0.022340596,0.006203687,0.006726035,0.195854649,0.196604058,0.197143793,2.387159348
29590,0.014420711,0.011190959,0.001540718,0.001689034,0.085871182,0.087422445,0.086678803,2.402946949
29600,0.001601946,0.000991248,0.000333605,0.000277094,0.036561944,0.038245805,0.036422145,2.408947706
29610,0.000434863,0.000263461,5.98E-05,0.000111556,0.012542467,0.012530288,0.013304652,2.393324852
29620,0.0005579,0.00041302,4.96E-05,9.53E-05,0.007590052,0.006291199,0.00587226,2.65840745
29630,0.000440072,0.000305554,5.33E-05,8.12E-05,0.008646915,0.007938056,0.007158763,2.636561632
29640,0.000328417,0.000201091,5.35E-05,7.38E-05,0.008553123,0.008405284,0.008293792,2.366017103
29650,0.000345058,0.000212793,5.07E-05,8.16E-05,0.007892657,0.007578637,0.00707736,2.350662708
29660,0.000299388,0.00018256,4.71E-05,6.97E-05,0.006473854,0.006089208,0.005421237,2.486075401
29670,0.000309499,0.000185088,4.73E-05,7.71E-05,0.006542666,0.00624241,0.005851683,2.419807196
29680,0.000331256,0.000180733,4.70E-05,0.000103554,0.006432878,0.006104711,0.005888439,2.443509102
29690,0.000909772,0.000182592,4.80E-05,0.00067918,0.006788865,0.006946828,0.009596948,2.594759226
29700,0.009675791,0.001035425,0.000332989,0.008307375,0.041226126,0.044512615,0.052825198,2.35447216
29710,0.077943116,0.046210922,0.015867583,0.015864607,0.294752926,0.302965671,0.29844752,2.348868847
29720,0.02477953,0.014831387,0.005138222,0.004809921,0.167901158,0.173691601,0.173593238,2.404544353
29730,0.021562189,0.013631011,0.004274094,0.003657084,0.147624761,0.148888439,0.146441579,2.480840206
29740,0.000442033,0.000207915,7.74E-05,0.000156765,0.009085531,0.00808171,0.009626778,2.385048151
29750,0.002555343,0.001522883,0.000560716,0.000471745,0.048720259,0.050467394,0.049145058,2.505920172
29760,0.00137908,0.000869988,0.00024381,0.000265282,0.035255905,0.035807692,0.035493888,2.483009577
29770,0.000571125,0.000339596,8.71E-05,0.000144395,0.017416533,0.017864132,0.018802645,2.665420532
29780,0.000386512,0.000218546,6.43E-05,0.000103629,0.009343089,0.009500461,0.009473151,2.414069176
29790,0.000334682,0.000191701,5.68E-05,8.62E-05,0.007784116,0.007884284,0.007792486,2.465107203
29800,0.000310232,0.000183174,5.08E-05,7.63E-05,0.007307245,0.007253841,0.006753145,2.402462244
29810,0.000291629,0.000176825,4.68E-05,6.80E-05,0.006204481,0.005921495,0.005457156,2.414978981
29820,0.000295918,0.000181414,4.75E-05,6.70E-05,0.00616931,0.005895641,0.005305268,2.416119814
29830,0.000425668,0.000308425,4.89E-05,6.84E-05,0.00737814,0.006677609,0.006041221,2.342929602
29840,0.007333555,0.007027688,0.000183123,0.000122743,0.030652134,0.022779483,0.02055122,2.487156868
29850,0.017817756,0.009663465,0.005458449,0.002695841,0.119807675,0.130438596,0.124882624,2.418571711
29860,0.042807031,0.025199316,0.006857528,0.010750187,0.211813241,0.21318534,0.213744074,2.50872159
29870,0.010008121,0.005984843,0.001426787,0.002596493,0.094217598,0.096428797,0.098505437,2.496253014
29880,0.001401293,0.000214387,0.000256725,0.000930182,0.007960794,0.00842722,0.011398552,2.353531361
29890,0.002637718,0.00138811,0.00048137,0.000768239,0.045339998,0.04804476,0.047317278,2.443320036
29900,0.000537918,0.000270843,0.000153425,0.000113649,0.014138943,0.015010443,0.014669558,2.356806755
29910,0.000437571,0.00021088,7.12E-05,0.00015546,0.00658471,0.006542449,0.006154012,2.396823406
29920,0.000599737,0.000367117,0.000100678,0.000131943,0.020237938,0.020707007,0.02049524,2.404334545
29930,0.005878824,0.003668598,0.00104751,0.001162716,0.081569836,0.084025428,0.083178774,2.448581457
29940,0.107386813,0.066035129,0.019371372,0.021980317,0.349569142,0.36417982,0.358053356,2.485459089
29950,0.040846698,0.025271975,0.00706829,0.008506434,0.198274389,0.204519838,0.201901242,2.844624519
29960,0.007472528,0.004663426,0.001345561,0.001463541,0.094301626,0.098372877,0.098140463,2.350094557
29970,0.000643591,0.000251322,9.37E-05,0.000298617,0.013282524,0.014133101,0.014797457,2.409889221
29980,0.00086459,0.000236781,7.14E-05,0.000556406,0.012935168,0.013451504,0.015008466,2.428420544
29990,0.000738728,0.000214462,5.98E-05,0.000464449,0.009964433,0.010134519,0.01028111,2.374358892
30000,0.000514321,0.000180993,5.05E-05,0.000282824,0.006843669,0.006656666,0.007563279,2.489738941
30010,0.000362559,0.000174677,4.99E-05,0.000138018,0.006388271,0.006103965,0.005898747,2.3074224
30020,0.00037149,0.000178935,0.000121431,7.11E-05,0.006656193,0.007215149,0.006133067,2.52055788
30030,0.003827103,0.000217037,0.003445769,0.000164296,0.006578808,0.021662097,0.006935484,2.423344851
30040,0.006385687,0.002212799,0.000165461,0.004007427,0.022686623,0.023291036,0.036342658,2.396049023
30050,0.016460788,0.008677983,0.003898807,0.003883998,0.09142895,0.099970862,0.101096861,2.430164337
30060,0.027116604,0.018191552,0.00403108,0.004893973,0.169349849,0.167140484,0.168097243,2.482194662
30070,0.003228836,0.002007587,0.000426532,0.000794717,0.02829247,0.030813878,0.032788843,2.367360353
30080,0.005457981,0.003467479,0.000808608,0.001181894,0.070764184,0.073673114,0.074221998,2.44046092
30090,0.002475029,0.001627765,0.000424627,0.000422637,0.049440295,0.050284594,0.049511649,2.420753002
30100,0.001134497,0.000702262,0.000190202,0.000242034,0.029384788,0.030557737,0.030816099,2.540636063
30110,0.003211325,0.002004896,0.000557491,0.000648937,0.058010194,0.059566468,0.059654668,2.342048168
30120,0.035920449,0.022727694,0.006298898,0.006893858,0.202228844,0.20858258,0.207355425,2.421641588
30130,0.005321241,0.00329209,0.000932928,0.001096222,0.073987767,0.076845214,0.077276096,2.431549549
30140,0.003163418,0.001946989,0.000578157,0.000638272,0.053188592,0.054774776,0.054458357,2.433717251
30150,0.002915551,0.001859765,0.000523756,0.00053203,0.053812787,0.054656379,0.053759884,2.468547106
30160,0.002649346,0.001674444,0.000476387,0.000498515,0.050991215,0.053398639,0.053118996,2.462770462
30170,0.001305645,0.001015374,0.000111553,0.000178717,0.023792077,0.022268828,0.022613533,2.479248762
30180,0.00879133,0.008271527,7.32E-05,0.000446652,0.023762219,0.0123113,0.013976887,2.373040676
30190,0.008376431,0.002639535,0.000309393,0.005427501,0.040983003,0.040933467,0.047003187,2.336501122
30200,0.004245724,0.002842373,0.000482544,0.000920807,0.048366167,0.051118311,0.051729411,2.441530704
30210,0.007449707,0.004507113,0.001352272,0.001590321,0.086052775,0.088893577,0.08722803,2.496030092
30220,0.028216114,0.017712517,0.005286001,0.005217596,0.170682147,0.178671122,0.176470771,2.371317625
30230,0.005738342,0.003543526,0.001054958,0.001139857,0.073547281,0.07621824,0.074283093,2.428150415
30240,0.007296519,0.004531303,0.001407993,0.001357224,0.088553861,0.091908813,0.090526253,2.396500349
30250,0.000559685,0.000331301,9.48E-05,0.000133613,0.017430931,0.017858673,0.018072452,2.381922722
30260,0.001399567,0.000872649,0.000251961,0.000274956,0.03614904,0.037615579,0.036853023,2.499994278
30270,0.005113581,0.003204553,0.000970001,0.000939026,0.073168173,0.076924443,0.074931882,2.417840958
30280,0.030885955,0.017047862,0.008929765,0.004908328,0.171537638,0.183267355,0.174995318,2.508935928
30290,0.005589979,0.002728616,0.00205971,0.000801653,0.062265038,0.069235735,0.064203948,2.428304672
30300,0.007949425,0.00289042,0.00418977,0.000869235,0.064984582,0.076895393,0.070295908,2.381264687
30310,0.004580003,0.003797888,0.000548442,0.000233673,0.02814417,0.030352268,0.030243691,2.397732019
30320,0.002141115,0.00174548,0.000224382,0.000171253,0.026746636,0.02533849,0.02392821,2.352069378
30330,0.004844496,0.00279356,0.000554159,0.001496777,0.056136228,0.058551125,0.061613321,2.424967766
30340,0.025721317,0.012094518,0.003340776,0.010286024,0.142233118,0.143438771,0.148687527,2.357429743
30350,0.030977447,0.016945077,0.005276312,0.00875606,0.163262397,0.174139708,0.171100527,2.359285831
30360,0.005599176,0.003500628,0.001075724,0.001022824,0.076787472,0.080124885,0.079285726,2.38835144
30370,0.001710834,0.000789728,0.00021581,0.000705296,0.033453345,0.034455001,0.035479866,2.405567169
30380,0.001966659,0.00123521,0.000348588,0.000382861,0.042545684,0.044440441,0.043742083,2.541705608
30390,0.003011367,0.001941279,0.000511684,0.000558405,0.054559957,0.055488437,0.054838359,2.432697296
30400,0.007313723,0.004987653,0.001151048,0.001175023,0.084593624,0.08485432,0.083876818,2.609247208
30410,0.022781044,0.014595899,0.004159424,0.004025723,0.155294925,0.160132423,0.157644451,2.405786753
30420,0.012408113,0.008905769,0.00184826,0.001654083,0.089238584,0.095908344,0.094924197,2.362112522
30430,0.002275393,0.001428371,0.000412469,0.000434553,0.047302276,0.049528606,0.049163271,2.351204634
30440,0.003750249,0.002234662,0.000835524,0.000680063,0.059368212,0.062686041,0.062030777,2.430378437
30450,0.003272305,0.002085762,0.000577077,0.000609466,0.057904609,0.059282333,0.058785006,2.464506149
30460,0.008052685,0.004932841,0.001431861,0.001687982,0.089239135,0.093712091,0.093348421,2.368558645
30470,0.030846946,0.017072514,0.005575907,0.008198525,0.172163919,0.177736282,0.177076221,2.44249177
30480,0.004391922,0.001015037,0.000376019,0.003000867,0.040213499,0.043685153,0.049431618,2.426864147
30490,0.00471032,0.002182273,0.000838942,0.001689105,0.058196209,0.061155085,0.063191392,2.410565615
30500,0.002536676,0.001611283,0.000450216,0.000475177,0.048930354,0.051756788,0.050923314,2.409457445
30510,0.003541842,0.002306047,0.000763352,0.000472444,0.046100989,0.051222928,0.048887879,2.377705336
30520,0.014899521,0.009121582,0.003664496,0.00211344,0.095614016,0.107408255,0.103335783,2.423374414
30530,0.031886235,0.020820146,0.005449301,0.005616785,0.18261005,0.186710745,0.18350096,2.410250187
30540,0.002294823,0.000561242,0.001582215,0.000151365,0.017553378,0.024113085,0.018867638,2.438819408
30550,0.005900149,0.003350927,0.001626124,0.000923098,0.06735035,0.072805896,0.072067037,2.367245913
30560,0.000607341,0.000344918,0.000185177,7.72E-05,0.011837058,0.011800269,0.010146199,2.417314053
30570,0.001156619,0.000727759,0.000202453,0.000226407,0.032088056,0.032965973,0.032637704,2.407746315
30580,0.00478418,0.003004909,0.000865272,0.000913999,0.069603965,0.072990589,0.072202399,2.400292873
30590,0.034269758,0.021400072,0.006420285,0.006449399,0.186915845,0.196643323,0.194965571,2.385753155
30600,0.004505506,0.002796242,0.000864152,0.000845113,0.062758006,0.065234311,0.063853025,2.392442703
30610,0.00781173,0.004843932,0.001493365,0.001474433,0.089821592,0.093441248,0.092961133,2.942083359
30620,0.0040575,0.002238154,0.000654558,0.001164787,0.058332041,0.062408991,0.062258136,2.472483635
30630,0.008822569,0.000298425,9.51E-05,0.00842909,0.013007989,0.015588956,0.034573138,2.59115386
30640,0.005459979,0.001494141,0.0011156,0.002850239,0.041270606,0.046228118,0.048085943,2.539797783
30650,0.00658612,0.001727779,0.003797205,0.001061136,0.024341108,0.032890983,0.031139992,2.372240543
30660,0.005179493,0.004984746,9.11E-05,0.000103669,0.019447837,0.009706837,0.009065485,2.433670998
30670,0.006073776,0.004028067,0.000954338,0.001091371,0.073056981,0.076816007,0.077064551,2.394268751
30680,0.07165391,0.045872688,0.013125163,0.012656068,0.278702348,0.286272705,0.280453742,2.368066311
30690,0.013627857,0.008629951,0.002710535,0.002287371,0.121305555,0.127098054,0.123923004,2.362699509
30700,0.008633704,0.005645814,0.001786908,0.001200982,0.080628768,0.082769081,0.078472644,2.426095486
30710,0.003304737,0.002111438,0.000873848,0.000319451,0.042730134,0.044089023,0.041396812,2.486935616
30720,0.00119517,0.000631215,0.000490953,7.30E-05,0.012321571,0.013496261,0.009907968,2.585491657
30730,0.000607974,0.000373809,0.000162033,7.21E-05,0.008490862,0.009840026,0.009167069,2.394472599
30740,0.000368566,0.00021084,8.86E-05,6.91E-05,0.007688587,0.007654058,0.00707673,2.373133659
30750,0.000380679,0.000201964,0.000105568,7.31E-05,0.007420939,0.007371666,0.006707225,2.350040197
30760,0.000465703,0.000228645,9.97E-05,0.000137312,0.007797004,0.008107228,0.008167522,2.354517698
30770,0.003140767,0.000916853,0.000463235,0.001760678,0.029920645,0.032112949,0.034154966,2.389451742
30780,0.035714708,0.019613998,0.009474376,0.00662633,0.156371772,0.167333126,0.167006433,2.476871967
30790,0.02562353,0.013450217,0.006827102,0.00534621,0.138245851,0.147023812,0.13673985,2.483822107
30800,0.011498688,0.007014389,0.002941889,0.00154241,0.069272801,0.07210356,0.064066775,2.327318668
30810,0.002799997,0.001434971,0.000430657,0.000934369,0.044950366,0.045779884,0.046937142,2.384530306
30820,0.002670178,0.001487859,0.000576043,0.000606277,0.039959248,0.043785177,0.043986205,2.468745232
30830,0.001267767,0.000763717,0.000201922,0.000302128,0.030449409,0.032158282,0.031999167,2.333573341
30840,0.000401647,0.000214555,8.62E-05,0.000100932,0.010871101,0.011255019,0.010105458,2.339333057
30850,0.000429035,0.000260645,7.88E-05,8.96E-05,0.012945018,0.013658211,0.013086962,2.412136793
30860,0.000288714,0.000175963,4.65E-05,6.62E-05,0.006210766,0.005753993,0.005177001,2.426025629
30870,0.000299968,0.000183068,4.93E-05,6.76E-05,0.008016222,0.007552175,0.007418359,2.48387289
30880,0.000564619,0.000346779,9.95E-05,0.000118377,0.019140758,0.019571004,0.019442394,2.411814928
30890,0.008871137,0.005620471,0.001606544,0.001644122,0.098346263,0.10117887,0.100210652,2.405230761
30900,0.115482926,0.072287492,0.021471156,0.021724271,0.349604368,0.366441846,0.361934602,2.430790424
30910,0.02319126,0.01440078,0.004163303,0.004627177,0.143866673,0.150506556,0.149516895,2.601741314
30920,0.001633883,0.000745941,0.000176593,0.00071135,0.017293157,0.018059937,0.018774834,2.522449017
30930,0.005292133,0.002754764,0.000819594,0.001717776,0.063895218,0.067357838,0.067744479,2.478627443
30940,0.002604969,0.001422607,0.000363665,0.000818696,0.044752985,0.044567198,0.044456638,2.404047728
30950,0.000800532,0.000500111,0.000139405,0.000161015,0.024468359,0.025017431,0.025335412,2.385928154
30960,0.000577931,0.000267671,7.90E-05,0.000231235,0.014712427,0.015776515,0.015889406,2.608394623
30970,0.001323907,0.000234973,4.97E-05,0.001039208,0.009849044,0.008173143,0.014193695,2.572380781
30980,0.00429715,0.000517706,0.000100855,0.003678591,0.014812253,0.018304754,0.027667947,2.643740654
30990,0.005722798,0.005077152,0.000104576,0.000541071,0.018630607,0.017859627,0.020217741,2.388936758
31000,0.004424904,0.001872002,0.00195786,0.000595043,0.053022798,0.059610054,0.056114949,2.42374754
31010,0.00575646,0.00067423,0.0048712,0.00021103,0.020565605,0.033408154,0.022469858,2.457986116
31020,0.000436852,0.000208107,0.000105798,0.000122946,0.01061306,0.010326967,0.009866796,2.499560595
31030,0.00080598,0.000166753,0.000572847,6.64E-05,0.00656624,0.010127705,0.005370109,2.353875875
31040,0.000585636,0.00022083,0.000296167,6.86E-05,0.008883169,0.01047428,0.007667149,2.360032797
31050,0.000577923,0.000357837,9.17E-05,0.000128374,0.016120344,0.016360844,0.01694537,2.490195036
31060,0.020635575,0.013336053,0.003413348,0.003886174,0.143313423,0.147329941,0.148827791,2.392571688
31070,0.035300959,0.021572504,0.006434154,0.007294299,0.180647463,0.18797496,0.187365741,2.358764172
31080,0.03443392,0.024292199,0.004996699,0.005145021,0.171678603,0.174665987,0.172276974,2.375137568
31090,0.002185337,0.001632443,0.000240424,0.00031247,0.021239925,0.016879236,0.019631885,2.482130527
31100,0.003390862,0.002144507,0.000511486,0.000734868,0.046962153,0.054174207,0.054513901,2.571143866
31110,0.00218194,0.002009883,7.68E-05,9.52E-05,0.010494091,0.012135885,0.012857506,2.399375916
31120,0.000352417,0.000209393,5.93E-05,8.37E-05,0.010539629,0.009605668,0.008902295,2.426636934
31130,0.000464673,0.000330077,5.77E-05,7.69E-05,0.010164306,0.01020664,0.011454536,2.372408152
31140,0.000295662,0.000181267,4.96E-05,6.48E-05,0.007073118,0.006803313,0.007005899,2.403026342
31150,0.000313532,0.000184344,4.74E-05,8.18E-05,0.006723381,0.00669188,0.00615376,2.433606148
31160,0.000784367,0.00016393,4.66E-05,0.000573884,0.006346605,0.006155635,0.009582853,2.414818764
31170,0.012384009,0.000387822,0.000160417,0.01183577,0.020594284,0.025862571,0.047062382,2.413598061
31180,0.003150155,0.000530819,7.04E-05,0.002548919,0.013631763,0.008513253,0.020243494,2.498263359
31190,0.000671415,0.000429129,4.89E-05,0.000193352,0.008270063,0.006576899,0.007356528,2.443594217
31200,0.00106934,0.000473662,0.000120128,0.000475551,0.02441125,0.023067854,0.023988528,2.431779623
31210,0.001851651,0.001415606,0.000227176,0.000208868,0.035846181,0.031909056,0.031124759,2.431393147
31220,0.018286621,0.012100047,0.003837747,0.002348827,0.126821131,0.121609621,0.118476152,2.410710335
31230,0.021765262,0.01217478,0.005920394,0.003670088,0.142713591,0.147202522,0.146745056,2.387174606
31240,0.007729999,0.004705024,0.001479204,0.001545771,0.090717688,0.096864507,0.095809147,2.455623627
31250,0.001694802,0.000324309,0.001267417,0.000103075,0.014677901,0.023251364,0.016323676,2.437589884
31260,0.002104095,0.001243675,0.000492888,0.000367532,0.042794637,0.043378338,0.043562457,2.634805918
31270,0.000564832,0.000265969,0.000106335,0.000192528,0.014683379,0.014681071,0.015214763,2.554863453
31280,0.003036175,0.0001596,0.000117574,0.002759001,0.006172002,0.007169254,0.013462536,2.404181957
31290,0.001240034,0.000390547,0.000141337,0.00070815,0.02128274,0.02216069,0.022751439,2.355737209
31300,0.01028316,0.00609344,0.001870564,0.002319155,0.103001893,0.108293414,0.107292742,2.420111656
31310,0.09373939,0.058790766,0.017615389,0.017333228,0.315269768,0.331318438,0.325981468,2.40956068
31320,0.024773553,0.015981967,0.004283269,0.004508319,0.153219372,0.155984506,0.155046314,2.400202513
31330,0.001913719,0.001132366,0.000431149,0.000350204,0.04399319,0.04339201,0.043492511,2.47601676
31340,0.000556207,0.00024657,0.000185139,0.000124498,0.010568039,0.011435188,0.009755841,2.558404922
31350,0.000597673,0.000336144,0.000133977,0.000127553,0.017199161,0.018086717,0.016947577,2.463638306
31360,0.00039912,0.000226758,7.90E-05,9.33E-05,0.012637192,0.013169942,0.013373528,2.420503139
31370,0.00028354,0.000164656,5.54E-05,6.34E-05,0.006378864,0.006271265,0.005464173,2.418920279
31380,0.000300808,0.000181075,5.40E-05,6.57E-05,0.006784745,0.006877832,0.006162253,2.38479495
31390,0.000516156,0.000358221,7.54E-05,8.26E-05,0.011570783,0.012123261,0.012325883,2.441854239
31400,0.009206443,0.008618984,0.000294724,0.000292736,0.030688439,0.030779175,0.032244392,2.424022675
31410,0.023891225,0.014651265,0.00500892,0.004231042,0.155661494,0.163680807,0.161488235,2.417456627
31420,0.008460696,0.002746023,0.000292101,0.005422571,0.042250589,0.037119851,0.049082335,2.380156517
31430,0.005913769,0.003724874,0.000905247,0.001283647,0.076612383,0.072896197,0.07335531,2.363257408
31440,0.002005351,0.000905068,0.000353192,0.000747091,0.03073331,0.032118529,0.031614199,2.487660408
31450,0.001574703,0.000223644,0.00098611,0.000364949,0.007261129,0.012921033,0.007940505,2.519315243
31460,0.00179136,0.000217389,0.001335614,0.000238357,0.007946517,0.01583462,0.008588606,2.383507252
31470,0.000682405,0.000382176,0.000137327,0.000162902,0.020529386,0.021297762,0.020575976,2.369086742
31480,0.014121831,0.008807149,0.002720453,0.00259423,0.121379599,0.126796156,0.124451786,2.463226318
31490,0.091745362,0.056614414,0.017708922,0.017422028,0.297415733,0.316550136,0.312015951,2.491218567
31500,0.001904575,0.001130844,0.000380922,0.000392809,0.037248299,0.039507236,0.039886035,2.518810272
31510,0.009245715,0.00540552,0.001971085,0.00186911,0.097246647,0.105029926,0.101238981,2.479186296
31520,0.004374821,0.002630225,0.00087104,0.000873555,0.0659284,0.071082883,0.070816584,2.34187746
31530,0.000565119,0.000346698,0.00010347,0.000114951,0.01714929,0.017610978,0.016998228,2.437824488
31540,0.000277878,0.000164607,4.84E-05,6.48E-05,0.007495367,0.007677627,0.007497725,2.445702076
31550,0.00031692,0.000186088,5.38E-05,7.70E-05,0.009089253,0.008841529,0.008090703,2.458625078
31560,0.000431294,0.00016778,7.64E-05,0.000187102,0.007635679,0.008031584,0.009380992,2.771186352
31570,0.005021723,0.000155654,0.001429923,0.003436146,0.006059721,0.015960876,0.02066632,2.473104715
31580,0.008567925,0.000316438,0.005585431,0.002666054,0.011368154,0.026514094,0.016215105,2.327582359
31590,0.001311313,0.000555051,0.000267501,0.00048876,0.010148569,0.010080644,0.007821197,2.356225252
31600,0.003755447,0.002448992,0.000918915,0.00038754,0.018406756,0.014315998,0.011518188,2.460417986
31610,0.002410356,0.002212113,7.81E-05,0.000120143,0.017127745,0.013092623,0.012709904,2.45792222
31620,0.001539129,0.001326805,0.000132339,8.00E-05,0.008842827,0.007154861,0.006340897,2.503705502
31630,0.000450888,0.00026033,6.69E-05,0.000123616,0.010757288,0.009696846,0.009585968,2.411826372
31640,0.001670475,0.000818323,0.000210871,0.000641282,0.033473313,0.034005638,0.034717403,2.423543215
31650,0.039718375,0.022982074,0.006435438,0.010300858,0.197527647,0.203335896,0.203197107,2.411274195
31660,0.016428817,0.003548492,0.000806118,0.012074209,0.063184172,0.052522734,0.068235435,2.317080021
31670,0.008891514,0.005883709,0.001272277,0.001735528,0.085108273,0.078514911,0.082635194,2.365611315
31680,0.009391799,0.005039108,0.001524007,0.002828685,0.094596624,0.099462703,0.104020797,2.370698214
31690,0.002816114,0.001225538,0.0005682,0.001022376,0.049262986,0.058523446,0.059585832,2.409018993
31700,0.000751695,0.000336694,0.000133054,0.000281947,0.017501516,0.015892129,0.015582317,2.397424459
31710,0.000430581,0.000280159,6.41E-05,8.63E-05,0.006918867,0.006708379,0.006534192,2.437586308
31720,0.003500903,0.003365341,5.78E-05,7.78E-05,0.019374058,0.011289687,0.01026713,2.335416079
31730,0.001584446,0.001364837,0.000136471,8.31E-05,0.017868184,0.011989696,0.011153111,2.35341692
31740,0.001476568,0.00129898,0.0001069,7.07E-05,0.00975402,0.008264154,0.007318903,2.35530901
31750,0.001157479,0.001049599,4.56E-05,6.22E-05,0.009613643,0.005809243,0.005154815,2.514925241
31760,0.000340023,0.000220996,5.49E-05,6.41E-05,0.007647584,0.006275417,0.006055427,2.433022976
31770,0.000279019,0.00016567,5.04E-05,6.29E-05,0.006795108,0.005793432,0.005174471,2.491505146
31780,0.000295833,0.000169789,6.43E-05,6.18E-05,0.00629897,0.006025381,0.005489344,2.359873772
31790,0.000587524,0.000188726,0.000331354,6.74E-05,0.009806404,0.011765514,0.009141967,2.458460093
31800,0.00813331,0.001011812,0.006815427,0.000306071,0.042456642,0.056220926,0.042224087,2.327250242
31810,0.06318678,0.037840467,0.014344088,0.01100222,0.25849396,0.268684506,0.263572872,2.425759792
31820,0.021185337,0.012599487,0.004973534,0.003612317,0.12869817,0.13240847,0.12826322,2.454367399
31830,0.02257557,0.012958947,0.005088483,0.004528141,0.155187666,0.174293756,0.170159444,2.347176313
31840,0.001190298,0.000201083,0.000831258,0.000157957,0.011966936,0.029458489,0.025915451,2.44955039
31850,0.002623593,0.001630264,0.000476623,0.000516706,0.052779749,0.054356351,0.053190991,2.347086668
31860,0.001224595,0.00070654,0.000393569,0.000124486,0.027324926,0.021551352,0.019435896,2.471326351
31870,0.000399251,0.000172952,0.00014769,7.86E-05,0.008630297,0.013402106,0.011683083,2.387454987
31880,0.00026011,0.000152969,4.71E-05,6.00E-05,0.005939213,0.005801076,0.00535301,2.435796738
31890,0.000270393,0.000152566,5.24E-05,6.54E-05,0.006148698,0.006674216,0.006023678,2.470633745
31900,0.000411885,0.000153614,4.68E-05,0.000211423,0.005968618,0.005654202,0.006259331,2.467307091
31910,0.007197192,0.000233191,4.97E-05,0.006914309,0.006876063,0.005958208,0.028137537,2.377870798
31920,0.00657975,0.004160373,5.91E-05,0.002360301,0.011212613,0.007031432,0.017128676,2.365548849
31930,0.004517311,0.002521316,0.000753009,0.001242987,0.058411643,0.059607007,0.060522802,2.438057184
31940,0.002732727,0.00251001,7.55E-05,0.000147217,0.011031337,0.006176167,0.006607063,2.436632872
31950,0.001276978,0.000958223,0.000134241,0.000184514,0.018696643,0.019544,0.019338988,2.410146952
31960,0.001885152,0.001147242,0.00034623,0.00039168,0.039545335,0.04198882,0.042139404,2.369136333
31970,0.011121714,0.006915802,0.002130424,0.002075488,0.110933304,0.113345265,0.112353534,2.600094557
31980,0.047605988,0.02969994,0.009088398,0.00881765,0.216578901,0.227589265,0.226137549,2.358036995
31990,0.008867601,0.005562516,0.001652945,0.001652139,0.096000187,0.100436546,0.099406987,2.363140106
32000,0.000537064,0.000322686,0.000107639,0.000106739,0.015711745,0.016400401,0.015778963,2.904827118
32010,0.001820128,0.001102527,0.000353053,0.000364549,0.041125499,0.043816917,0.043284379,2.618841171
32020,0.001046871,0.000623632,0.000198117,0.000225123,0.029238179,0.031097937,0.031231178,2.491431713
32030,0.001198444,0.000603707,0.000170002,0.000424735,0.028396606,0.028740639,0.029663395,2.37261796
32040,0.007819994,0.000390177,8.75E-05,0.007342281,0.021543514,0.016980076,0.033057801,2.30544591
32050,0.004341029,0.000337442,0.001274265,0.002729322,0.018540174,0.024914656,0.02936266,2.436277628
32060,0.012226061,0.002597494,0.007787653,0.001840913,0.056371771,0.058911104,0.057834692,2.430764437
32070,0.05272337,0.032304764,0.010270922,0.01014768,0.233823389,0.257816225,0.253894717,2.358519793
32080,0.007059384,0.004708488,0.001827115,0.000523781,0.031023405,0.029691311,0.028369594,2.369958639
32090,0.002989587,0.001792013,0.000861771,0.000335803,0.032188956,0.048008207,0.045857124,2.494538307
32100,0.001976509,0.001685492,0.000186758,0.000104259,0.036445625,0.022268903,0.023795895,2.393270969
32110,0.001506886,0.001168192,0.000192873,0.000145822,0.038725138,0.030215912,0.0292845,2.397431374
32120,0.000601797,0.000374469,0.000144731,8.26E-05,0.012813222,0.012944477,0.012168711,2.43981719
32130,0.000300201,0.00017339,6.45E-05,6.23E-05,0.007359411,0.008983857,0.008449107,2.428221703
32140,0.000387565,0.000282748,4.62E-05,5.86E-05,0.006825324,0.005780685,0.004958587,2.530060768
32150,0.000331763,0.000206491,5.47E-05,7.05E-05,0.010210448,0.009836229,0.00940027,2.4268713
32160,0.000403539,0.000258753,6.50E-05,7.98E-05,0.014660805,0.013898699,0.01331658,2.379308939
32170,0.002099424,0.001562463,0.000262534,0.000274427,0.042708755,0.039751135,0.038466003,2.402696609
32180,0.040665932,0.028982049,0.005848515,0.00583537,0.203671485,0.198386461,0.193343222,2.388809919
32190,0.016144935,0.014068143,0.001048737,0.001028055,0.059478231,0.057287656,0.057574298,2.403714418
32200,0.003125956,0.001819638,0.000739911,0.000566407,0.05467426,0.057370268,0.056771621,2.464836359
32210,0.003790717,0.002691386,0.000610756,0.000488574,0.058260418,0.057528611,0.055818699,2.369159937
32220,0.002111895,0.001302347,0.000410175,0.000399372,0.040921547,0.042902976,0.043004289,2.450132847
32230,0.000891734,0.000597292,0.000131174,0.000163268,0.020902399,0.021949597,0.022404255,2.520076036
32240,0.00041814,0.000189909,5.22E-05,0.000176043,0.009667061,0.009538515,0.010142524,2.484240532
32250,0.004144323,0.000283515,8.17E-05,0.003779132,0.014255745,0.015886165,0.02647529,2.320954323
32260,0.001678376,0.000626379,0.000197926,0.000854071,0.029626764,0.030154504,0.031738002,2.497025967
32270,0.004997145,0.002291964,0.000698202,0.00200698,0.061500564,0.063296676,0.063520446,2.590753794
32280,0.02977946,0.018518975,0.005664619,0.00559587,0.179128557,0.186662376,0.182849497,2.474244356
32290,0.007796173,0.004102626,0.002332299,0.001361248,0.080158733,0.085530385,0.085312888,2.413952827
32300,0.008931114,0.004860125,0.002547945,0.001523045,0.085713118,0.091400474,0.088610828,2.311335087
32310,0.004758152,0.002727879,0.0012198,0.000810473,0.065126114,0.068274394,0.066466115,2.428309679
32320,0.00054462,0.00021855,0.000213724,0.000112345,0.013504235,0.015138684,0.014330382,2.443605185
32330,0.000962136,0.000575495,0.000184099,0.000202543,0.027084742,0.029056903,0.028487705,2.41753459
32340,0.000746448,0.000228807,0.000420597,9.70E-05,0.011865538,0.01428731,0.012565335,2.356102943
32350,0.001881734,0.000551458,0.001175537,0.00015474,0.022106867,0.027033202,0.023534101,2.634542227
32360,0.012421234,0.007338841,0.003155105,0.001927289,0.096718296,0.102914713,0.102215171,2.453197479
32370,0.061911162,0.038438983,0.011641782,0.011830399,0.248207062,0.262140363,0.258881122,2.36226058
32380,0.017770004,0.01180723,0.002610597,0.003352174,0.111590907,0.115113229,0.116746351,2.457254648
32390,0.004495077,0.002230617,0.000791277,0.001473183,0.057473361,0.059004728,0.061297558,2.565872192
32400,0.0015169,0.001105098,0.000123547,0.000288255,0.01470294,0.010207451,0.010165358,2.380605221
32410,0.001004104,0.000686957,0.000150483,0.000166664,0.021597482,0.023543239,0.023517467,2.411062717
32420,0.000716963,0.000279187,0.000115472,0.000322303,0.015524559,0.015255534,0.015546959,2.354244709
32430,0.001414697,0.000201997,0.000191305,0.001021395,0.010892732,0.010733135,0.013403283,2.372070789
32440,0.003868459,0.000180473,0.001259504,0.002428482,0.009569915,0.018079098,0.018974386,2.940050364
32450,0.005527219,0.001427698,0.003651762,0.000447759,0.04953206,0.057010457,0.048909172,2.381320953
32460,0.0299026,0.017993897,0.00654242,0.005366285,0.176191419,0.181503832,0.180184245,2.480512619
32470,0.011977955,0.007008242,0.002625998,0.002343714,0.105007008,0.110069759,0.10744752,2.490272999
32480,0.005343919,0.003232964,0.001053391,0.001057565,0.068186216,0.072097562,0.070718914,2.345240831
32490,0.003288757,0.001997095,0.000630441,0.000661221,0.055132322,0.058696792,0.05806879,2.322279692
32500,0.002220348,0.001378606,0.000418852,0.00042289,0.046789862,0.049092904,0.047653619,2.355886698
32510,0.000795266,0.000494494,0.000116743,0.000184029,0.021819437,0.022032544,0.021422047,2.39410162
32520,0.000397145,0.000188428,7.89E-05,0.000129786,0.009665204,0.009214224,0.009470794,2.46105814
32530,0.000348233,0.000195618,6.95E-05,8.31E-05,0.010084584,0.010308708,0.010036007,2.430014133
32540,0.000842541,0.00034237,7.85E-05,0.000421679,0.015272005,0.014620688,0.015748555,2.369015217
32550,0.012845245,0.003019786,0.000186991,0.009638469,0.037889641,0.030820511,0.046285905,2.450820684
32560,0.009587731,0.004255982,0.000932497,0.004399252,0.066117257,0.071934372,0.073935866,2.360142231
32570,0.049236335,0.029599449,0.011062591,0.008574296,0.224974245,0.229547545,0.22560361,2.47242713
32580,0.005607329,0.002610099,0.00209965,0.000897582,0.038512133,0.039018013,0.037980553,2.36851716
32590,0.005830935,0.001540154,0.003396436,0.000894346,0.042560104,0.056717925,0.053717941,2.380230188
32600,0.005048128,0.002323019,0.002014029,0.000711079,0.039838791,0.038584344,0.041881837,2.357847214
32610,0.001245389,0.000389482,0.000582715,0.000273192,0.023259655,0.023815122,0.024317738,2.42250514
32620,0.000464695,0.000196774,9.95E-05,0.000168406,0.006239914,0.007134584,0.006651197,2.337428093
32630,0.000365152,0.000195424,8.16E-05,8.82E-05,0.00954826,0.012315989,0.012844991,2.356275797
32640,0.000304928,0.000164149,5.85E-05,8.23E-05,0.007156117,0.007027777,0.006499302,2.4446702
32650,0.000271762,0.000143974,5.59E-05,7.19E-05,0.005755295,0.005625334,0.00501729,2.416452408
32660,0.000285869,0.000145126,4.37E-05,9.71E-05,0.006014484,0.005865439,0.005661123,2.550591469
32670,0.000498101,0.000188966,5.60E-05,0.000253121,0.010758398,0.011253353,0.012446267,2.412912607
32680,0.00478226,0.001715561,0.00071435,0.002352349,0.053635474,0.059677832,0.062004797,2.38506031
32690,0.078070693,0.048037257,0.016743444,0.013289987,0.282176614,0.291564763,0.2800349,2.387531519
32700,0.020810936,0.011006858,0.005804806,0.003999268,0.137042925,0.150207952,0.138830155,2.407261372
32710,0.010635064,0.005772785,0.003058381,0.001803899,0.086833589,0.101455286,0.094840094,2.479219437
32720,0.004540001,0.002295679,0.001228732,0.00101559,0.053249858,0.046598438,0.04495493,2.36273098
32730,0.001716344,0.000770299,0.000733471,0.000212574,0.030148119,0.035416394,0.03146679,2.412351131
32740,0.000600358,0.000288203,0.000160834,0.000151321,0.013981892,0.012719454,0.010962412,2.401865959
32750,0.000270551,0.000147827,4.97E-05,7.30E-05,0.005968931,0.006591608,0.005913134,2.428512096
32760,0.000349346,0.000196131,7.22E-05,8.10E-05,0.011133406,0.012312236,0.011639417,2.420293093
32770,0.000737421,0.000622432,4.49E-05,7.01E-05,0.0069291,0.006577735,0.006446239,2.641126394
32780,0.010823225,0.010325202,0.000244504,0.000253517,0.023097739,0.023510106,0.025106493,2.389982939
32790,0.019880932,0.013237488,0.003465717,0.003177728,0.146830767,0.146145597,0.142742053,2.402814388
32800,0.017438957,0.010189062,0.00251584,0.004734055,0.103568889,0.109510124,0.111391544,2.396113634
32810,0.005764256,0.003058935,0.000933732,0.001771589,0.071634956,0.074147902,0.075437412,2.394663811
32820,0.002961498,0.001864907,0.000511697,0.000584893,0.047913969,0.049540333,0.049673535,2.371256351
32830,0.00080268,0.000512948,0.000110921,0.000178811,0.019089408,0.019701982,0.019878685,2.39403224
32840,0.00253167,0.001557005,0.000487026,0.00048764,0.049925178,0.051217977,0.050715458,2.516916275
32850,0.012855687,0.007461603,0.002282974,0.003111111,0.108555786,0.114337564,0.114420816,2.332968473
32860,0.03198085,0.019634375,0.005985121,0.006361356,0.175407529,0.183099851,0.181656256,2.374618292
32870,0.00463611,0.001987302,0.000722181,0.001926627,0.057166334,0.061301362,0.060467333,2.404155731
32880,0.002964464,0.001054357,0.000515487,0.001394621,0.038963713,0.040935628,0.043970492,2.459868908
32890,0.001770022,0.000634921,0.000821873,0.000313228,0.026584975,0.029064707,0.0291132,2.456455946
32900,0.005498057,0.001388404,0.003509898,0.000599754,0.043722872,0.048082739,0.045466743,2.410943985
32910,0.004162602,0.002555311,0.000847096,0.000760195,0.062540948,0.066210836,0.064460248,2.327891588
32920,0.015473718,0.009617001,0.002811352,0.003045365,0.124198675,0.128445238,0.12741828,2.430598974
32930,0.021376956,0.013222415,0.00390375,0.004250791,0.142872572,0.146778226,0.145541951,2.423101664
32940,0.003015559,0.001766839,0.000644033,0.000604687,0.052117921,0.053291585,0.053723864,2.769483805
32950,0.003716414,0.002360901,0.000706174,0.00064934,0.054389559,0.058504075,0.057742901,2.343963385
32960,0.008974205,0.00839107,4.80E-05,0.000535185,0.023643151,0.009541726,0.010198012,2.517225981
32970,0.005725919,0.003334064,0.000358662,0.002033194,0.01980604,0.021653008,0.026809823,2.371503592
32980,0.004517349,0.003424846,0.000546433,0.000546069,0.063433498,0.061438557,0.059266545,2.544536114
32990,0.030308429,0.018136568,0.005533369,0.006638491,0.170597777,0.180758268,0.178979903,2.535526037
33000,0.010138763,0.005840532,0.00172712,0.00257111,0.08657077,0.091021426,0.090695873,2.401697397
33010,0.007855483,0.004696906,0.001409999,0.001748579,0.080229789,0.087250009,0.089004301,2.431100607
33020,0.004589689,0.002900288,0.000784881,0.00090452,0.062484659,0.065925866,0.066983283,2.374938011
33030,0.000997442,0.000510638,0.000286369,0.000200436,0.020940747,0.023451641,0.022514671,2.390491962
33040,0.004020642,0.000341682,0.003457132,0.000221829,0.019499922,0.028127033,0.01854749,2.374805212
33050,0.001525774,0.000778867,0.000274833,0.000472074,0.031640846,0.031299889,0.031842574,2.378281355
33060,0.003295189,0.001324577,0.000679593,0.001291019,0.044622347,0.046251085,0.045783427,2.360510588
33070,0.007026528,0.003179255,0.001041713,0.00280556,0.070606306,0.071644515,0.071909368,2.398271561
33080,0.022184223,0.012750986,0.004307887,0.005125349,0.141463697,0.151659757,0.150596648,2.356537104
33090,0.013233799,0.008025017,0.002251303,0.00295748,0.108039901,0.111153595,0.112222403,2.380409002
33100,0.006587253,0.004025429,0.001228308,0.001333516,0.082227543,0.086360678,0.087104991,2.476491451
33110,0.00134502,0.000725814,0.000262584,0.000356623,0.032082677,0.033461634,0.033268191,2.393978596
33120,0.001257157,0.000836834,0.00018375,0.000236573,0.028917503,0.029245961,0.029978871,2.366885424
33130,0.006916129,0.005733341,0.000533658,0.000649131,0.046737492,0.048045117,0.049484938,2.407399893
33140,0.005523166,0.003203623,0.001192637,0.001126906,0.071801074,0.077548854,0.076853558,2.404541969
33150,0.02399114,0.014409632,0.004642172,0.004939335,0.155670136,0.165506184,0.163964689,2.382171154
33160,0.007698118,0.004802878,0.001608863,0.001286377,0.082406193,0.085258052,0.083440587,2.397664309
33170,0.00715245,0.004707389,0.001166356,0.001278705,0.086899273,0.085048363,0.084027708,2.432700157
33180,0.001011949,0.000457232,0.000377849,0.000176868,0.020141318,0.019753277,0.019465301,2.43070817
33190,0.001828201,0.000644096,0.000276446,0.000907659,0.031456403,0.037613116,0.038704865,2.420186758
33200,0.018547142,0.005055539,0.001756425,0.011735179,0.092256762,0.102238014,0.106464475,2.404880047
33210,0.016744282,0.009654676,0.00314005,0.003949558,0.128333122,0.134521633,0.134004205,2.542318106
33220,0.003667399,0.000771773,0.001814405,0.00108122,0.031463698,0.033008035,0.029359376,2.401229858
33230,0.003505185,0.001293147,0.001758959,0.000453079,0.045096643,0.054662231,0.04413018,2.38069272
33240,0.007916171,0.004571689,0.001964213,0.001380271,0.083651885,0.084008679,0.083384663,2.542190552
33250,0.016602913,0.010298413,0.003227172,0.003077328,0.128395125,0.13847889,0.13473171,2.488465309
33260,0.004032445,0.002585363,0.000723102,0.00072398,0.06301643,0.063817978,0.063501552,2.393653154
33270,0.001602641,0.000978789,0.00032918,0.000294673,0.035250753,0.036495529,0.036000788,2.46518755
33280,0.005603353,0.003448058,0.001125393,0.001029902,0.072158314,0.077508777,0.075812556,2.396406651
33290,0.016252918,0.010278486,0.003178798,0.002795635,0.121306941,0.125180215,0.124377906,2.398377657
33300,0.010371551,0.006682453,0.001827624,0.001861474,0.092775077,0.097171262,0.098498702,2.442019939
33310,0.002901453,0.00217727,0.000436832,0.000287351,0.043914359,0.041211203,0.039282754,2.463988781
33320,0.020774625,0.016205277,0.002369627,0.00219972,0.129917324,0.125783771,0.121117532,2.417198658
33330,0.010333695,0.005512313,0.00332509,0.001496293,0.067640506,0.073077828,0.066853419,2.39020443
33340,0.001409675,0.000476177,0.000352344,0.000581153,0.022760145,0.025721384,0.027931793,2.516444921
33350,0.006978181,0.004147537,0.001357525,0.001473119,0.074949667,0.08150202,0.081578933,2.518684864
33360,0.016520636,0.009724883,0.003653324,0.003142427,0.128326342,0.130913079,0.131467238,2.46094799
33370,0.006138642,0.003520083,0.001106739,0.00151182,0.074937977,0.078525409,0.07960248,2.404083252
33380,0.001238807,0.000683982,0.000321714,0.000233112,0.030181505,0.02992877,0.029505569,2.411710024
33390,0.005312806,0.003382391,0.000955339,0.000975075,0.071962714,0.072379373,0.071145639,2.395109653
33400,0.015474493,0.009370329,0.00286317,0.003240993,0.124309808,0.130367979,0.130160496,2.487054586
33410,0.009957727,0.005743269,0.001861088,0.002353369,0.093089841,0.099417172,0.09815082,2.399372816
33420,0.001261192,0.000523837,0.000521608,0.000215747,0.025270255,0.028576586,0.025598437,2.700895309
33430,0.005329729,0.002998682,0.001312387,0.001018661,0.070607007,0.075621195,0.07260073,2.470774412
33440,0.012339475,0.006704135,0.001877245,0.003758092,0.102247745,0.102908865,0.102088526,2.450566053
33450,0.013344698,0.005600891,0.004235626,0.003508182,0.090521082,0.095560759,0.096188173,2.421470404
33460,0.004268142,0.001106191,0.000877719,0.002284232,0.024217935,0.026543742,0.033297181,2.407503843
33470,0.002722092,0.00172453,0.000641117,0.000356445,0.021628946,0.030316476,0.02497565,2.325726509
33480,0.003317386,0.002025376,0.000769813,0.000522197,0.049460009,0.053480364,0.047824927,2.354640484
33490,0.039845955,0.025018103,0.006957836,0.007870016,0.204941228,0.204874009,0.21004051,2.438081026
33500,0.002224263,0.001072913,0.000942223,0.000209127,0.036765702,0.042170964,0.022303903,2.48872757
33510,0.015535948,0.007491379,0.001515246,0.006529326,0.099831253,0.092072278,0.143290639,2.343178034
33520,0.006403623,0.003028294,0.001088569,0.002286759,0.085723981,0.093775123,0.108389929,2.460984707
33530,0.000597794,0.000178355,0.000280759,0.00013868,0.006535931,0.012960399,0.006263491,2.485931396
33540,0.004872439,0.003118808,0.00064463,0.001109001,0.072092697,0.065587074,0.072544724,2.536122084
33550,0.001401699,0.000863285,0.000178984,0.000359431,0.032412007,0.030080656,0.035891075,2.460958004
33560,0.002538774,0.001729724,0.000392269,0.000416781,0.035494477,0.036471765,0.037958071,2.349523544
33570,0.000653885,0.000196118,0.000151737,0.000306031,0.005872157,0.006762908,0.007083047,2.444615841
33580,0.001492132,0.000496151,0.000207446,0.000788535,0.025829881,0.02936231,0.028474733,2.459843159
33590,0.003120478,0.000988202,0.00037179,0.001760486,0.035860237,0.039794199,0.041254286,2.391657352
33600,0.00525226,0.003158512,0.001242197,0.000851551,0.060946897,0.065733343,0.064341612,2.392977715
33610,0.025488129,0.015537955,0.004725481,0.005224693,0.1483071,0.154162228,0.153864011,2.384475946
33620,0.014371483,0.005516348,0.006641061,0.002214074,0.092107266,0.098148055,0.094410062,2.335627794
33630,0.00787033,0.003510216,0.00327837,0.001081744,0.071467325,0.075827695,0.073159277,2.338053942
33640,0.00186381,0.000370209,0.001199463,0.000294138,0.01893975,0.025221467,0.021211408,2.411696672
33650,0.001565853,0.0009256,0.000275233,0.00036502,0.030636694,0.034438312,0.033930399,2.384324789
33660,0.001888629,0.001152288,0.000349817,0.000386524,0.040222704,0.043740198,0.043212052,2.454750299
33670,0.00589704,0.003415114,0.001052852,0.001429075,0.074252188,0.076844975,0.077215798,2.379996538
33680,0.034181848,0.019844012,0.005411786,0.008926054,0.179279476,0.18589884,0.185397029,2.342265129
33690,0.005048947,0.000685907,0.000150268,0.004212773,0.024611736,0.023557533,0.03342412,2.398483038
33700,0.007418523,0.003171021,0.0008971,0.003350402,0.062828489,0.064235404,0.068281204,2.405288696
33710,0.004541165,0.004123775,0.000111133,0.000306256,0.011842047,0.010334023,0.012955174,2.465765476
33720,0.002262826,0.001549152,0.000297088,0.000416586,0.043100622,0.044816691,0.042774722,2.406463861
33730,0.002259053,0.001714988,0.000203537,0.000340528,0.027207298,0.027432553,0.028903933,2.492718935
33740,0.012033502,0.007691604,0.002186833,0.002155065,0.105878368,0.108997986,0.108979732,2.419373989
33750,0.042677391,0.027639609,0.007308869,0.007728916,0.191236496,0.197343469,0.197902262,2.358962297
33760,0.009944808,0.006498346,0.001632841,0.001813621,0.0974558,0.096091613,0.097145781,2.33112812
33770,0.001131468,0.000687061,0.000185277,0.00025913,0.010053149,0.018575355,0.017896028,2.438471317
33780,0.002093158,0.001285845,0.000411364,0.000395949,0.039576713,0.043922968,0.042193711,2.418469667
33790,0.000594427,0.000314997,0.000132803,0.000146626,0.019504605,0.018753052,0.018683195,2.446439028
33800,0.001187954,0.000612579,0.000392883,0.000182492,0.027711842,0.026907321,0.02637849,2.3887012
33810,0.002756936,0.00067174,0.001799363,0.000285833,0.029912028,0.033103649,0.030673537,2.417571783
33820,0.005243503,0.001936823,0.002585991,0.000720688,0.052482903,0.057490543,0.05528865,2.375746012
33830,0.030402593,0.017164169,0.007113922,0.006124503,0.169936925,0.18114908,0.175840974,2.569947481
33840,0.011529506,0.006931082,0.002234147,0.002364276,0.099500768,0.095035538,0.097180173,2.522364855
33850,0.007250045,0.004293298,0.001329043,0.001627704,0.060791858,0.072882377,0.073197991,2.368404388
33860,0.004120492,0.001911005,0.000442676,0.001766811,0.056698103,0.054059822,0.057876784,2.441076756
33870,0.002112121,0.001032963,0.000137709,0.000941449,0.030651027,0.026935045,0.028651111,2.474246264
33880,0.000646017,0.000275699,6.79E-05,0.000302373,0.005957274,0.007159197,0.008684997,2.568284988
33890,0.000658156,0.00027696,6.70E-05,0.000314175,0.01116042,0.011568964,0.013772127,2.454642534
33900,0.001780975,0.001434086,0.000131142,0.000215747,0.020873882,0.021281565,0.022908904,2.435293913
33910,0.012199571,0.010055469,0.000940564,0.001203538,0.059508227,0.063668676,0.066957951,2.388570786
33920,0.035664011,0.021898596,0.005325379,0.008440033,0.189914912,0.186451048,0.188532457,2.578063488
33930,0.00343653,0.002103917,0.000468017,0.000864596,0.010279151,0.017623827,0.019658584,2.413905859
33940,0.007612666,0.004696612,0.001182969,0.001733085,0.08236032,0.078293644,0.081061915,2.41890192
33950,0.001106582,0.000352554,0.000326006,0.000428022,0.020296654,0.026090026,0.025690805,2.435652256
33960,0.003984969,0.002073566,0.001261601,0.000649802,0.05685075,0.057711963,0.05634385,2.432243586
33970,0.004162833,0.001109314,0.00265818,0.000395338,0.041594967,0.04990676,0.043234035,2.428606033
33980,0.002050893,0.001161331,0.000485115,0.000404447,0.041556485,0.046093881,0.045462422,2.443991423
33990,0.009528255,0.005598158,0.002377463,0.001552634,0.091801964,0.091938496,0.091777392,2.420275927
34000,0.037476629,0.023106212,0.00726834,0.007102072,0.195035324,0.200673223,0.200617075,2.384501457
34010,0.001928132,0.000777352,0.0006944,0.00045638,0.022792848,0.039895892,0.034794625,2.389546156
34020,0.002899722,0.001611973,0.000688299,0.00059945,0.035228901,0.04674603,0.044992793,2.458503723
34030,0.002930007,0.001635514,0.000662673,0.000631821,0.051779736,0.057895802,0.057161663,2.412566662
34040,0.001824741,0.000807353,0.000627571,0.000389817,0.034434088,0.035323054,0.034971181,2.40313673
34050,0.002589412,0.000189716,0.000566917,0.001832779,0.009392448,0.008826092,0.015352525,2.378554821
34060,0.002445462,0.000693227,9.37E-05,0.00165851,0.007395693,0.006601423,0.014798403,2.403547287
34070,0.013062879,0.01214548,0.000127907,0.000789491,0.019654026,0.006262112,0.00960499,2.433958054
34080,0.014889308,0.009102214,0.003608759,0.002178334,0.126319438,0.126329035,0.122808069,2.415560007
34090,0.094363362,0.052766293,0.021556802,0.020040262,0.318119407,0.37880215,0.355536282,2.470493078
34100,8.882918358,4.975542068,1.976051927,1.931324959,2.835412025,3.158502102,3.173466444,2.383931637
34110,0.183637589,0.11261043,0.039154071,0.031873096,0.169999585,0.23331356,0.197074443,2.374245405
34120,1.365765452,0.848280728,0.238883585,0.278600901,1.199403048,1.220526457,1.153599977,2.51244688
34130,0.106431581,0.054943308,0.027935209,0.023553062,0.284440637,0.301153779,0.294595271,2.381177187
34140,0.197398514,0.095951878,0.057229448,0.044217173,0.276468873,0.295999348,0.288007617,2.423403502
34150,0.029815074,0.020388629,0.003913279,0.005513167,0.131716728,0.114397749,0.105581753,2.388395309
34160,0.016669758,0.01149476,0.002088452,0.003086546,0.133900613,0.118298814,0.127955467,2.542191744
34170,0.010909393,0.006207288,0.002279377,0.002422729,0.138474643,0.142705604,0.14758037,2.534963131
34180,0.00358149,0.002047469,0.000734563,0.000799458,0.048474982,0.051426113,0.056783825,2.501232386
34190,0.001771566,0.000929571,0.000406899,0.000435096,0.032926966,0.03846452,0.041034311,2.569369793
34200,0.001439661,0.000762885,0.000319149,0.000357628,0.028645694,0.03474566,0.036985807,2.59009409
34210,0.001184826,0.000611921,0.000280376,0.00029253,0.023830298,0.031806178,0.032861158,2.51043272
34220,0.000975601,0.000508001,0.00023092,0.00023668,0.018529192,0.026520539,0.026755035,2.388067722
34230,0.000845488,0.000441546,0.000204424,0.000199518,0.016955849,0.024132296,0.023917522,2.52760005
34240,0.000765496,0.00040368,0.000185873,0.000175943,0.015670888,0.021968488,0.021871481,2.398361921
34250,0.000709348,0.000377596,0.000172065,0.000159686,0.014935739,0.020269621,0.020362049,2.467188835
34260,0.000665053,0.000356819,0.000160729,0.000147505,0.014275328,0.018753609,0.019059196,2.371470451
34270,0.00062867,0.000339454,0.000151152,0.000138065,0.013765566,0.017493717,0.018074784,2.390551805
34280,0.000598339,0.000324791,0.000142868,0.00013068,0.013249928,0.016398467,0.017166201,2.457669973
34290,0.000572617,0.000312177,0.000135642,0.000124798,0.012809211,0.015481251,0.016431499,2.384750366
34300,0.000550475,0.00030121,0.000129262,0.000120004,0.012415551,0.01469094,0.015801301,2.439370871
34310,0.00053121,0.000291584,0.00012358,0.000116046,0.012054306,0.014004024,0.015228616,2.426503181
34320,0.00051421,0.000283012,0.000118497,0.000112701,0.011730355,0.013401778,0.014734868,2.461467981
34330,0.000499114,0.000275376,0.000113911,0.000109827,0.011432998,0.012866875,0.0142878,2.594080687
34340,0.000485613,0.000268533,0.000109746,0.000107335,0.011152033,0.012388755,0.013864929,2.423545599
34350,0.000473433,0.000262344,0.000105965,0.000105125,0.010893007,0.011964818,0.013467891,2.410429716
34360,0.000462366,0.000256729,0.000102495,0.000103142,0.010643974,0.011575321,0.013101701,2.395907164
34370,0.000452323,0.000251659,9.93E-05,0.000101354,0.010415813,0.011232725,0.012744848,2.408123016
34380,0.000443109,0.00024702,9.64E-05,9.97E-05,0.010201143,0.010918014,0.01241141,2.409131527
34390,0.000434646,0.000242773,9.36E-05,9.82E-05,0.009999949,0.01063804,0.012102021,2.414930105
34400,0.000426803,0.000238855,9.11E-05,9.68E-05,0.009809856,0.010382256,0.011799263,2.434533358
34410,0.000419578,0.000235277,8.88E-05,9.55E-05,0.00963112,0.010141969,0.011509518,2.51411438
34420,0.000412865,0.000231986,8.66E-05,9.43E-05,0.009466037,0.009927625,0.011239108,2.481842279
34430,0.000406607,0.000228919,8.45E-05,9.32E-05,0.009309028,0.009727375,0.01098281,2.385346413
34440,0.000400743,0.000226073,8.26E-05,9.21E-05,0.009161292,0.009548603,0.010730733,2.394733429
34450,0.00039528,0.00022344,8.08E-05,9.11E-05,0.009026242,0.009381006,0.010511,2.403656006
34460,0.000390165,0.00022101,7.91E-05,9.01E-05,0.008901638,0.00923082,0.010279644,2.392230272
34470,0.000385329,0.000218708,7.74E-05,8.92E-05,0.008778327,0.00908415,0.010061104,2.459868431
34480,0.000380784,0.000216569,7.59E-05,8.83E-05,0.008665067,0.008943429,0.009862151,2.438938856
34490,0.000376491,0.000214553,7.45E-05,8.74E-05,0.008557407,0.008821432,0.009668405,2.474069357
34500,0.000372447,0.000212675,7.31E-05,8.66E-05,0.008456826,0.008703691,0.009480938,2.40586853
34510,0.000368611,0.0002109,7.19E-05,8.59E-05,0.008364998,0.008597249,0.009304587,2.459594965
34520,0.000364966,0.000209226,7.06E-05,8.51E-05,0.008275242,0.00848859,0.009132631,2.467693567
34530,0.000361508,0.000207656,6.95E-05,8.44E-05,0.008193829,0.008386328,0.008973223,2.413342714
34540,0.000358224,0.000206163,6.84E-05,8.37E-05,0.00811594,0.008294552,0.008816687,2.435904026
34550,0.00035509,0.000204741,6.74E-05,8.30E-05,0.008040535,0.008208394,0.008662893,2.344624996
34560,0.000352097,0.000203389,6.64E-05,8.24E-05,0.00796945,0.008127077,0.008515559,2.426641226
34570,0.000349241,0.000202119,6.54E-05,8.17E-05,0.007904675,0.00804964,0.008379318,2.473823309
34580,0.000346507,0.00020089,6.45E-05,8.11E-05,0.007841598,0.007975902,0.008249102,2.424571276
34590,0.000343888,0.000199728,6.37E-05,8.05E-05,0.00778295,0.007900964,0.008121816,2.691942215
34600,0.000341398,0.000198621,6.29E-05,7.99E-05,0.00772665,0.007832963,0.008012679,2.538803339
34610,0.000338979,0.000197551,6.21E-05,7.94E-05,0.007672193,0.007767281,0.007880389,2.383177519
34620,0.000336666,0.000196531,6.13E-05,7.88E-05,0.00762029,0.007705019,0.00776574,2.407311201
34630,0.000334451,0.000195555,6.06E-05,7.83E-05,0.007572158,0.007648264,0.007652719,2.417921782
34640,0.000332315,0.000194617,5.99E-05,7.78E-05,0.007526777,0.007591876,0.00755687,2.405752182
34650,0.000330254,0.000193703,5.93E-05,7.73E-05,0.007482022,0.007535699,0.00745104,2.406737804
34660,0.000328251,0.000192812,5.87E-05,7.68E-05,0.007438745,0.007484932,0.007352473,2.39275074
34670,0.00032633,0.000191973,5.81E-05,7.63E-05,0.007398502,0.007435513,0.00725709,2.470013142
34680,0.000324478,0.000191157,5.75E-05,7.58E-05,0.007363233,0.007390995,0.007171536,2.449486017
34690,0.000322668,0.000190354,5.69E-05,7.54E-05,0.007322329,0.00734155,0.007083493,2.458000422
34700,0.000320926,0.000189585,5.64E-05,7.49E-05,0.007286898,0.00729761,0.006990463,2.442337036
34710,0.000319239,0.000188832,5.59E-05,7.45E-05,0.007253124,0.007251744,0.006916782,2.34683609
34720,0.000317597,0.000188107,5.54E-05,7.41E-05,0.007218992,0.007214687,0.006828015,2.406531811
34730,0.000316012,0.000187397,5.50E-05,7.37E-05,0.007185637,0.007171314,0.006763523,2.429078817
34740,0.000314467,0.000186709,5.45E-05,7.32E-05,0.007156844,0.007139101,0.006688207,2.391821623
34750,0.00031295,0.00018602,5.41E-05,7.29E-05,0.007123408,0.007099858,0.006615394,2.450846434
34760,0.000311491,0.000185371,5.37E-05,7.25E-05,0.007095725,0.007062968,0.006549461,2.408395052
34770,0.000310067,0.000184731,5.33E-05,7.21E-05,0.007065679,0.007031709,0.006474634,2.38229084
34780,0.000308694,0.000184112,5.29E-05,7.17E-05,0.007039734,0.006997079,0.006417291,2.420973778
34790,0.000307327,0.000183484,5.25E-05,7.13E-05,0.007011427,0.006967742,0.006355029,2.406278372
34800,0.000306011,0.000182888,5.21E-05,7.10E-05,0.006987232,0.006930534,0.006301213,2.652894974
34810,0.000304724,0.000182296,5.18E-05,7.06E-05,0.006962371,0.006908872,0.006241337,2.404367208
34820,0.000303442,0.000181698,5.15E-05,7.03E-05,0.006935433,0.006877391,0.006185214,2.425470591
34830,0.000302223,0.000181137,5.11E-05,7.00E-05,0.006910473,0.00685131,0.006126481,2.520592213
34840,0.000301008,0.000180569,5.08E-05,6.96E-05,0.006886131,0.006826231,0.006075903,2.401609182
34850,0.000299824,0.000180018,5.05E-05,6.93E-05,0.006864231,0.00679998,0.006031132,2.428376436
34860,0.000298662,0.000179464,5.02E-05,6.90E-05,0.00684097,0.006776797,0.00598147,2.441807747
34870,0.000297538,0.000178939,4.99E-05,6.87E-05,0.006818212,0.006754818,0.005928629,2.374551058
34880,0.00029641,0.000178399,4.96E-05,6.84E-05,0.006794979,0.006728826,0.005888065,2.500527382
34890,0.000295323,0.000177884,4.94E-05,6.81E-05,0.006774481,0.00670204,0.005844637,2.392072201
34900,0.000294243,0.00017736,4.91E-05,6.78E-05,0.006750993,0.006685036,0.00579524,2.378694773
34910,0.000293196,0.000176861,4.89E-05,6.75E-05,0.006730278,0.006660831,0.005759956,2.520099401
34920,0.00029216,0.000176354,4.86E-05,6.72E-05,0.006711976,0.006644761,0.00572147,2.468008757
34930,0.000291138,0.000175854,4.84E-05,6.69E-05,0.006689505,0.006623658,0.005685854,2.382609129
34940,0.000290133,0.000175365,4.81E-05,6.66E-05,0.006670503,0.006603433,0.005636067,2.407961845
34950,0.000289156,0.000174883,4.79E-05,6.64E-05,0.006651404,0.006588599,0.005607328,2.410675526
34960,0.000288185,0.000174404,4.77E-05,6.61E-05,0.006633124,0.006570772,0.005577538,2.497249365
34970,0.000287212,0.000173917,4.75E-05,6.58E-05,0.00661227,0.006551078,0.005537766,2.465510368
34980,0.000286284,0.000173459,4.73E-05,6.56E-05,0.006594739,0.006533004,0.005509516,2.440523386
34990,0.00028548,0.00017311,4.71E-05,6.53E-05,0.006578465,0.006519584,0.005478335,2.402230978
35000,0.000289326,0.000177419,4.69E-05,6.50E-05,0.00657984,0.006503747,0.005439985,2.42442584
35010,0.000700891,0.000589419,4.67E-05,6.48E-05,0.007346377,0.00648396,0.005407893,2.572025299
35020,0.013114886,0.013003279,4.66E-05,6.50E-05,0.016322821,0.00645297,0.005369031,2.512746811
35030,0.000433161,0.000322426,4.64E-05,6.44E-05,0.007512441,0.006495688,0.005386962,2.41574645
35040,0.000729424,0.000618739,4.61E-05,6.45E-05,0.008098423,0.006512612,0.005387726,2.569862127
35050,0.000722475,0.000612352,4.59E-05,6.42E-05,0.007424845,0.006451735,0.005327235,2.37365675
35060,0.000369412,0.000260005,4.57E-05,6.37E-05,0.006829642,0.006425649,0.005303205,2.474407911
35070,0.000284533,0.000175555,4.56E-05,6.34E-05,0.006647221,0.006410646,0.005282591,2.425059795
35080,0.000300584,0.000191988,4.54E-05,6.32E-05,0.006549511,0.006389689,0.005234193,2.483730078
35090,0.000278171,0.000170001,4.52E-05,6.29E-05,0.006457759,0.006379929,0.005221254,2.456267834
35100,0.000280041,0.000172258,4.51E-05,6.27E-05,0.00646007,0.00636699,0.005188093,2.437412024
35110,0.000276465,0.000169065,4.49E-05,6.25E-05,0.006433226,0.006350025,0.005162587,2.432866335
35120,0.000275419,0.000168392,4.47E-05,6.23E-05,0.006413789,0.006341756,0.00513865,2.47561574
35130,0.000274614,0.000167951,4.46E-05,6.21E-05,0.006390135,0.006329015,0.005122356,2.427806139
35140,0.000273726,0.000167428,4.44E-05,6.19E-05,0.006370836,0.006310561,0.005097697,2.416971207
35150,0.000272893,0.00016695,4.43E-05,6.17E-05,0.006349404,0.006299996,0.005082306,2.460467815
35160,0.000272086,0.000166496,4.41E-05,6.15E-05,0.006330706,0.006292706,0.005060504,2.414829731
35170,0.000271303,0.00016606,4.40E-05,6.12E-05,0.006312922,0.006280597,0.005039264,2.42680788
35180,0.000270542,0.000165646,4.38E-05,6.10E-05,0.006294867,0.006266255,0.00501908,2.431444645
35190,0.000269797,0.000165238,4.37E-05,6.09E-05,0.006277696,0.006256567,0.005005092,2.444820404
35200,0.000269061,0.000164842,4.36E-05,6.07E-05,0.006263491,0.006240293,0.004985687,2.445099354
35210,0.000268329,0.000164444,4.34E-05,6.05E-05,0.006245583,0.006232693,0.004967529,2.4596982
35220,0.000267641,0.000164082,4.33E-05,6.03E-05,0.006232213,0.006220303,0.004956793,2.445857048
35230,0.000268567,0.000165332,4.32E-05,6.01E-05,0.00622707,0.00621178,0.00493593,2.408644676
35240,0.000421399,0.000318347,4.30E-05,6.00E-05,0.006578601,0.006199498,0.004922008,2.460159779
35250,0.016662491,0.016540255,4.31E-05,7.91E-05,0.018023215,0.006185778,0.005320752,2.441667557
35260,0.00346024,0.002531566,4.36E-05,0.000885116,0.0107302,0.006233259,0.010809701,2.437648058
35270,0.002455141,0.001648384,4.32E-05,0.000763592,0.009889747,0.006308137,0.009954137,2.513454914
35280,0.001283199,0.00085276,4.26E-05,0.000387809,0.007738701,0.006232737,0.007558261,2.407417059
35290,0.000703007,0.000448078,4.25E-05,0.000212386,0.007082429,0.006185064,0.006543048,2.428807259
35300,0.000428328,0.000262337,4.24E-05,0.000123545,0.006624556,0.006173559,0.005465542,2.498645067
35310,0.000292521,0.000177017,4.22E-05,7.34E-05,0.006236661,0.006135495,0.005090656,2.451725006
35320,0.000266313,0.000164277,4.20E-05,6.00E-05,0.006224374,0.006125707,0.004883741,2.40844655
35330,0.0002731,0.000167218,4.19E-05,6.40E-05,0.006258453,0.006110951,0.00485125,2.445715189
35340,0.000268373,0.000162685,4.18E-05,6.39E-05,0.006195796,0.006102732,0.004840551,2.442046881
35350,0.000277253,0.000161861,4.17E-05,7.37E-05,0.006163024,0.006088594,0.004915753,2.424605846
35360,0.000468651,0.000161055,4.16E-05,0.000266032,0.006133726,0.006084505,0.006536495,2.480280399
35370,0.003605354,0.000160525,4.19E-05,0.003402914,0.006098743,0.006103568,0.01876634,2.541826963
35380,0.001223203,0.000159984,4.14E-05,0.001021837,0.006102259,0.006057132,0.011166546,2.400877953
35390,0.000727045,0.000159803,4.18E-05,0.000525466,0.006067039,0.00605893,0.00815026,2.409192801
35400,0.000392349,0.000159594,4.18E-05,0.000190932,0.006068496,0.006059775,0.006243593,2.404528379
35410,0.00028691,0.000159114,4.11E-05,8.67E-05,0.006035226,0.006034067,0.004994045,2.359150648
35420,0.000265959,0.000158383,4.10E-05,6.66E-05,0.006027746,0.006021203,0.00492957,2.393573523
35430,0.000261647,0.000157797,4.08E-05,6.30E-05,0.006006621,0.006008182,0.004762535,2.394928217
35440,0.000259373,0.000157503,4.08E-05,6.10E-05,0.005989991,0.005995218,0.004808307,2.456424236
35450,0.000259579,0.000157132,4.48E-05,5.77E-05,0.005980849,0.00602038,0.004711309,2.357227325
35460,0.000490911,0.000156788,0.00027684,5.73E-05,0.005993145,0.007831948,0.004775851,2.427774906
35470,0.008307454,0.000166731,0.008074056,6.67E-05,0.006711724,0.030006159,0.006857367,2.385579348
35480,0.001459704,0.000331621,0.0009818,0.000146283,0.006365754,0.012475361,0.006019741,2.546126842
35490,0.006042185,0.004646955,0.000701466,0.000693764,0.01073949,0.010512779,0.00933139,2.335555077
35500,0.002193849,0.000335753,7.25E-05,0.001785603,0.006797525,0.006268958,0.014132785,2.62171793
35510,0.002026506,0.001507496,0.000155817,0.000363193,0.008929364,0.007065564,0.007179813,2.567638159
35520,0.0007001,0.000596451,4.53E-05,5.83E-05,0.007203825,0.00604543,0.004787909,2.453678131
35530,0.000324533,0.000164496,4.87E-05,0.000111387,0.006158256,0.006027041,0.005393289,2.454989433
35540,0.000299443,0.000170589,4.35E-05,8.53E-05,0.006080034,0.005950054,0.004890681,2.560143709
35550,0.000283831,0.00016846,4.01E-05,7.53E-05,0.005973558,0.005886961,0.00478852,2.506566763
35560,0.000261763,0.000160246,3.99E-05,6.16E-05,0.005935499,0.005882929,0.004664965,2.419479132
35570,0.000271032,0.00015476,3.98E-05,7.65E-05,0.005933754,0.005865817,0.00477716,2.364495516
35580,0.000646975,0.000154074,3.98E-05,0.000453081,0.005900655,0.005867788,0.007606719,2.353220701
35590,0.005196792,0.000166155,4.06E-05,0.004990024,0.005917916,0.005909063,0.02230357,2.448451996
35600,0.001774049,0.000180998,3.94E-05,0.001553618,0.005919861,0.005838985,0.013223123,2.655390978
35610,0.000442653,0.00016449,4.12E-05,0.000236924,0.005867022,0.005856862,0.006059038,2.595825195
35620,0.000316526,0.000217664,3.92E-05,5.96E-05,0.005952588,0.005835011,0.004652285,2.437724829
35630,0.001659286,0.001537837,3.93E-05,8.21E-05,0.007782079,0.005836883,0.005014417,2.36613512
35640,0.007381895,0.007190973,9.32E-05,9.78E-05,0.012678925,0.006426466,0.005174635,2.470680475
35650,0.0020167,0.000702027,0.001230395,8.43E-05,0.008004634,0.012792617,0.005424422,2.446784735
35660,0.002069324,0.000296733,0.001711718,6.09E-05,0.006850338,0.014957051,0.005412288,2.498009443
35670,0.001181224,0.00041382,0.000711901,5.55E-05,0.006736765,0.010721494,0.005011463,2.417329788
35680,0.000580892,0.000245114,0.0002806,5.52E-05,0.006331169,0.007983691,0.004749076,2.40760231
35690,0.000376998,0.000176201,0.000145976,5.48E-05,0.005891236,0.006888792,0.004630217,2.449550629
35700,0.000307417,0.000161199,9.12E-05,5.50E-05,0.005901813,0.006310189,0.004573935,2.552841663
35710,0.000265222,0.000157988,5.18E-05,5.54E-05,0.005857306,0.005926531,0.004563655,2.692627668
35720,0.00026669,0.000153163,3.95E-05,7.40E-05,0.005828646,0.005750634,0.004689115,2.524324656
35730,0.000996591,0.000150251,4.06E-05,0.000805742,0.005793463,0.005738662,0.009455894,2.748153925
35740,0.004899716,0.000182668,4.10E-05,0.004676052,0.005884553,0.005827026,0.021609848,2.401721001
35750,0.000485153,0.000299119,9.23E-05,9.38E-05,0.006047305,0.006361329,0.005042706,2.582485914
35760,0.00235372,0.001008754,0.000757366,0.0005876,0.007245035,0.010918334,0.008933989,2.42048645
35770,0.008849365,0.004751319,0.003935181,0.000162865,0.011827582,0.022692505,0.007280129,2.406210184
35780,0.002138478,0.00064911,0.001418864,7.05E-05,0.007420816,0.014159646,0.005378808,2.511344194
35790,0.000793591,0.000159232,0.000552095,8.23E-05,0.006204845,0.010136009,0.00539605,2.408495665
35800,0.000527891,0.000234014,0.000233009,6.09E-05,0.006085865,0.007606012,0.004748099,2.42221117
35810,0.000413399,0.000237099,0.000121532,5.48E-05,0.006096073,0.006674283,0.004681819,2.437360764
35820,0.000288009,0.000167485,6.67E-05,5.38E-05,0.005827487,0.005984462,0.00455104,2.392275572
35830,0.000244819,0.000148835,4.23E-05,5.37E-05,0.005722201,0.005702305,0.004542206,2.398025513
35840,0.00026004,0.000166814,3.94E-05,5.39E-05,0.00575368,0.005651628,0.004505344,2.44141984
35850,0.00064311,0.000547491,4.22E-05,5.34E-05,0.006409633,0.005684287,0.004515229,2.40919137
35860,0.011097979,0.010928367,0.00010794,6.17E-05,0.014903201,0.006770197,0.005210154,2.391045094
35870,0.005804787,0.004480699,0.001209723,0.000114365,0.01173198,0.012798687,0.005044413,2.395300388
35880,0.001795461,0.000440157,0.001236823,0.000118481,0.007504923,0.013747936,0.006144795,2.411962271
35890,0.001178966,0.000466864,0.000451233,0.000260869,0.006982516,0.009459686,0.006666987,2.429470778
35900,0.003280985,0.000321864,4.74E-05,0.00291175,0.00642633,0.005834594,0.016901758,2.408589125
35910,0.000340125,0.000163845,9.52E-05,8.11E-05,0.005865194,0.006293478,0.004950795,2.617005587
35920,0.000274322,0.000148348,5.99E-05,6.61E-05,0.005775636,0.005843952,0.004564475,2.450153828
35930,0.00025564,0.000147522,4.88E-05,5.93E-05,0.005819272,0.005707476,0.004653744,2.421897173
35940,0.000308916,0.000146687,0.000108546,5.37E-05,0.005788769,0.006402633,0.004589028,2.441631317
35950,0.001796851,0.000156098,0.001576401,6.44E-05,0.006498495,0.015404973,0.006047684,2.462279797
35960,0.002052652,0.000180803,0.001707659,0.00016419,0.007316933,0.016811669,0.007944425,2.56560874
35970,0.000889886,0.000145836,0.000151017,0.000593033,0.00580573,0.006840659,0.006525315,2.409189463
35980,0.000958804,0.000174028,6.80E-05,0.000716754,0.005786498,0.006011237,0.00667427,2.537635803
35990,0.000574729,0.000235198,0.000104439,0.000235092,0.005953911,0.006344351,0.005419702,2.407579899
36000,0.001096271,0.000897933,9.25E-05,0.000105869,0.007196005,0.006412726,0.005589426,2.556643724
36010,0.008660196,0.008238536,3.90E-05,0.000382676,0.013935653,0.005853116,0.008231512,2.393402815
36020,0.004382549,0.002458427,4.57E-05,0.001878431,0.009588339,0.005652798,0.013881014,2.533653259
36030,0.001441672,0.001154191,6.42E-05,0.000223281,0.00811044,0.005842074,0.005877543,2.598303318
36040,0.000985801,0.000498897,5.38E-05,0.000433084,0.006578051,0.005757844,0.007130021,2.493236303
36050,0.000458055,0.000287748,3.93E-05,0.000130991,0.006162819,0.005536025,0.005218014,2.393876076
36060,0.000323224,0.000199834,3.78E-05,8.56E-05,0.005749592,0.005463814,0.004883006,2.648430347
36070,0.00025796,0.000153082,3.69E-05,6.80E-05,0.005710253,0.005443263,0.004526451,2.426475525
36080,0.000409656,0.000147421,4.17E-05,0.000220522,0.00568565,0.005520906,0.005220884,2.440725565
36090,0.003209044,0.00014563,0.000353148,0.002710266,0.006150994,0.009746377,0.013380887,2.386668921
36100,0.012038118,0.000265392,0.009142194,0.002630532,0.014744202,0.042010989,0.021685448,2.496379137
36110,0.005292222,0.001953273,0.002995484,0.000343465,0.009607183,0.017862877,0.008299179,2.393483162
36120,0.005599637,0.004590575,0.000500595,0.000508467,0.012397094,0.014104923,0.010009159,2.479932547
36130,0.002361502,0.001837388,0.000267782,0.000256332,0.009109499,0.008698935,0.006072538,2.448725224
36140,0.000924706,0.000722298,0.000149982,5.24E-05,0.006890784,0.006552258,0.004626497,2.433587551
36150,0.000437058,0.000262686,6.37E-05,0.00011072,0.006083148,0.005869387,0.004812339,2.493252993
36160,0.000264839,0.00014403,4.56E-05,7.52E-05,0.00566769,0.005582088,0.004632642,2.406764746
36170,0.000309318,0.000196954,3.99E-05,7.24E-05,0.005700139,0.005451709,0.004568404,2.478434324
36180,0.000451526,0.000156322,3.80E-05,0.000257166,0.005634804,0.005423313,0.006093958,2.39525342
36190,0.004205847,0.000166915,3.70E-05,0.004001943,0.005751897,0.005446457,0.019441949,2.481540203
36200,0.00110941,0.00060232,3.74E-05,0.000469655,0.006526376,0.005447978,0.007774883,2.482855082
36210,0.00901805,0.008281142,0.000164109,0.000572798,0.014882748,0.010077953,0.010822678,2.504834652
36220,0.003213936,0.002172501,0.000690275,0.00035116,0.009580616,0.010795704,0.007514242,2.417896271
36230,0.001763691,0.001528849,7.17E-05,0.000163175,0.008345421,0.005886707,0.0055195,2.434249163
36240,0.000801398,0.000544991,0.00015747,9.89E-05,0.007974733,0.00869699,0.006897829,2.638335228
36250,0.000647429,0.000195076,0.000378924,7.34E-05,0.006804684,0.009980001,0.006053633,2.833852053
36260,0.001498867,0.000226812,0.001195708,7.63E-05,0.009955101,0.018019401,0.01030047,2.522943258
36270,0.001734292,0.000184917,0.001416489,0.000132887,0.011610353,0.02075376,0.012548858,2.679839134
36280,0.000594752,0.000162083,0.000193702,0.000238967,0.006383681,0.008144193,0.006597088,2.541328907
36290,0.000619581,0.000233288,0.000114267,0.000272027,0.006507545,0.00733998,0.006790323,2.422567844
36300,0.00058674,0.00020902,4.28E-05,0.000334922,0.005710611,0.00551379,0.006293493,2.41384697
36310,0.000691485,0.000156481,7.77E-05,0.000457272,0.005998692,0.006608407,0.008151615,2.544337034
36320,0.002423632,0.000160645,0.00040846,0.001854527,0.008772975,0.012579124,0.016161876,2.524708033
36330,0.006346954,0.000469138,0.00432778,0.001550037,0.023851551,0.040027313,0.028294694,2.555620909
36340,0.018114127,0.017467625,9.31E-05,0.000553431,0.021583991,0.009986665,0.01257409,2.520442486
36350,0.005896961,0.005339759,0.000278755,0.000278447,0.022417052,0.015728462,0.01740488,2.405054092
36360,0.001833853,0.001621405,7.17E-05,0.000140777,0.011059782,0.007818928,0.008232124,2.36604929
36370,0.000430525,0.000237297,7.99E-05,0.00011336,0.014431991,0.013001093,0.013830168,2.510633945
36380,0.000599467,0.000403896,7.92E-05,0.000116416,0.014946127,0.013482548,0.01421188,2.481316805
36390,0.000893199,0.000149187,4.04E-05,0.000703637,0.005902979,0.005450535,0.00868487,2.408253193
36400,0.0023894,0.000249364,0.000224437,0.001915598,0.015273269,0.017136537,0.021283086,2.349714279
36410,0.003260458,0.00041763,0.002539252,0.000303576,0.027750704,0.039182,0.028805841,2.413403511
36420,0.001916898,0.000646905,0.001082686,0.000187307,0.033616442,0.03929887,0.033369683,2.450535536
36430,0.001187505,0.00039188,0.000602426,0.000193199,0.022875626,0.027386554,0.023480665,2.421938896
36440,0.000354449,0.000160891,7.08E-05,0.000122708,0.0093226,0.009987905,0.009386891,2.370382547
36450,0.000633774,0.000196843,0.000151264,0.000285667,0.01284457,0.014406489,0.013939024,2.400441408
36460,0.00580078,0.00043832,0.000481091,0.004881369,0.026547842,0.02893471,0.03571295,2.378274441
36470,0.00672205,0.002306217,0.003063707,0.001352126,0.064699255,0.074087188,0.065686271,2.389717102
36480,0.009651633,0.00563611,0.002028025,0.001987497,0.085875355,0.087880865,0.085620619,2.391690731
36490,0.000637751,0.000256055,5.35E-05,0.000328148,0.006115302,0.005680112,0.00676269,2.626648188
36500,0.002114678,0.001095262,0.000720978,0.000298438,0.046255797,0.048729345,0.045708597,2.4862535
36510,0.001697951,0.001032515,0.000430222,0.000235214,0.037199013,0.038574934,0.036796167,2.405857801
36520,0.002671853,0.00154628,0.000785391,0.000340183,0.049697768,0.05180195,0.049076397,2.387228727
36530,0.01187342,0.006918166,0.003397041,0.001558213,0.110221162,0.114146724,0.108661875,2.504779577
36540,0.013335509,0.007690079,0.003346657,0.002298774,0.122048184,0.124670655,0.121226251,2.455302715
36550,0.003719899,0.002200511,0.000987322,0.000532067,0.065376878,0.067020327,0.064715542,2.428844452
36560,0.000639772,0.000239749,7.66E-05,0.000323445,0.016259458,0.016356779,0.017192654,2.373468399
36570,0.001179751,0.000688105,0.000281548,0.000210099,0.033411887,0.033756338,0.033070028,2.511463404
36580,0.001316357,0.00069502,0.000258047,0.00036329,0.032823257,0.03308586,0.03321505,2.37214756
36590,0.002441816,0.001361469,0.000549835,0.000530512,0.049352866,0.049942993,0.049433164,2.4628613
36600,0.014532396,0.008645346,0.003343495,0.002543554,0.124763049,0.126369894,0.124036446,2.439334869
36610,0.017454481,0.009579546,0.00405432,0.003820615,0.141176686,0.143085048,0.141315877,2.374943972
36620,0.007876338,0.004271816,0.002456679,0.001147842,0.094920933,0.096552826,0.094241545,2.453618526
36630,0.001789142,0.000871687,0.000473264,0.000444192,0.03822156,0.038534556,0.038745236,2.445129395
36640,0.001752156,0.000292534,0.000132581,0.001327041,0.018786665,0.018847652,0.021445652,2.415346384
36650,0.001959059,0.000467891,0.000195034,0.001296135,0.028258722,0.029107075,0.03135445,2.395726204
36660,0.00167921,0.00071236,0.000370035,0.000596815,0.030227721,0.032070894,0.03213948,2.382636309
36670,0.002770624,0.001795718,0.000492136,0.00048277,0.049184769,0.049865745,0.049286053,2.475663424
36680,0.013312543,0.008466279,0.002869266,0.001976997,0.123873636,0.125664532,0.123764992,2.411041021
36690,0.017449779,0.009866167,0.004226536,0.003357074,0.152409062,0.154313445,0.15285106,2.403448582
36700,0.007001193,0.003731415,0.001359673,0.001910103,0.082263589,0.082830377,0.083346188,2.430141449
36710,0.000611428,0.000195897,0.000159483,0.000256047,0.010688035,0.012071313,0.012164324,2.458682537
36720,0.001797283,0.001069882,0.000443932,0.000283469,0.040008854,0.040953223,0.040173635,2.397076607
36730,0.000503897,0.000336628,5.88E-05,0.00010849,0.008178787,0.008104308,0.007955389,2.566924334
36740,0.001462706,0.000994957,0.000111564,0.000356186,0.018177794,0.016636221,0.01758004,2.42882967
36750,0.012488874,0.007892933,0.000734985,0.003860956,0.065380923,0.061280712,0.064839937,2.403629541
36760,0.02765074,0.016301012,0.006749604,0.004600124,0.184782773,0.186441779,0.18442519,2.522084475
36770,0.002682919,0.001520557,0.00065377,0.000508592,0.039744388,0.040079452,0.038697824,2.436935425
36780,0.00297819,0.001556342,0.000604241,0.000817607,0.052990653,0.053698465,0.053669911,2.439714193
36790,0.002551686,0.00140616,0.00053146,0.000614066,0.053159274,0.053783283,0.053604938,2.386327505
36800,0.000983293,0.00051298,0.000202536,0.000267777,0.029792979,0.030138489,0.029843483,2.39998889
36810,0.000378417,0.000188981,5.43E-05,0.000135108,0.012777774,0.012988428,0.012989942,2.42909956
36820,0.001009404,0.000247496,7.68E-05,0.000685101,0.015853018,0.015395031,0.017677609,2.406074047
36830,0.004846383,0.000724836,0.000241539,0.003880009,0.035738111,0.035070442,0.041564714,2.352997065
36840,0.006835173,0.003858158,0.001438168,0.001538848,0.090710938,0.091171175,0.090810552,2.490065336
36850,0.031855009,0.018782545,0.007321681,0.005750783,0.203136936,0.203758031,0.202240497,2.430049419
36860,0.004204992,0.003416143,0.000384354,0.000404494,0.050806046,0.048575312,0.048190795,2.452539921
36870,0.002135759,0.00198573,9.46E-05,5.54E-05,0.009518172,0.006085521,0.004888471,2.373225212
36880,0.001903522,0.001161524,0.000431739,0.000310259,0.044904232,0.044309683,0.044126507,2.391088247
36890,0.000842593,0.000596481,0.00012324,0.000122872,0.023748143,0.022742791,0.022221008,2.38207078
36900,0.001124317,0.000883089,0.00014391,9.73E-05,0.019184083,0.019203264,0.018774606,2.40190649
36910,0.002018742,0.001168194,0.00047612,0.000374428,0.047922961,0.048477609,0.048016436,2.388780594
36920,0.014684375,0.00900626,0.002986109,0.002692006,0.125699937,0.127234489,0.12716423,2.482715368
36930,0.025605636,0.014520697,0.004967028,0.00611791,0.161689699,0.164475739,0.165559471,2.407185078
36940,0.011089211,0.006368481,0.00264516,0.002075571,0.106184289,0.107627377,0.107515574,2.400267124
36950,0.003460605,0.00193698,0.000852488,0.000671137,0.059279211,0.060084511,0.059816495,2.40971756
36960,0.000539759,0.000271834,6.11E-05,0.000206871,0.007927681,0.007458804,0.008240181,2.482263327
36970,0.000781499,0.000374558,0.000189228,0.000217714,0.020678855,0.02010911,0.020514004,2.332025528
36980,0.000419243,0.000206492,0.000114675,9.81E-05,0.013729454,0.014419423,0.01355168,2.401372194
36990,0.00163101,0.000555758,0.00086913,0.000206122,0.03039318,0.033686657,0.030660715,2.430073738
37000,0.006829494,0.003825044,0.001493936,0.001510513,0.088787414,0.089495771,0.089422941,2.418096304
37010,0.049668819,0.023996359,0.009633455,0.016039005,0.221584454,0.220867783,0.224226952,2.548576593
37020,0.007716097,0.004289212,0.001901081,0.001525805,0.085990287,0.086232759,0.086239487,2.429251909
37030,0.002049632,0.000869013,0.000351823,0.000828796,0.037776493,0.038996987,0.04141904,2.433418512
37040,0.004562645,0.003882225,0.000106582,0.000573837,0.013527593,0.012829935,0.015083916,2.407540321
37050,0.00077948,0.000605102,5.15E-05,0.000122885,0.012763684,0.010313055,0.010851899,2.38759923
37060,0.002747406,0.002628128,4.00E-05,7.93E-05,0.010825011,0.006449946,0.006025703,2.439814568
37070,0.000628532,0.000502698,3.99E-05,8.60E-05,0.009423218,0.007009646,0.006814768,2.434954405
37080,0.000377484,0.000287084,3.76E-05,5.28E-05,0.006108482,0.005108471,0.004285664,2.469702482
37090,0.000396175,0.000290893,4.28E-05,6.25E-05,0.010217509,0.009360918,0.009123197,2.488870144
37100,0.000869405,0.000549138,0.000161162,0.000159105,0.027955972,0.028234407,0.028028047,2.433908224
37110,0.028453141,0.017609306,0.005750162,0.005093671,0.186184213,0.188524187,0.187038973,2.428192377
37120,0.003309371,0.001002953,0.001800023,0.000506395,0.029339828,0.031319577,0.029820248,2.421195269
37130,0.017394224,0.009477152,0.003547382,0.004369688,0.124949366,0.126832038,0.12708506,2.392756224
37140,0.004481623,0.002753112,0.000825227,0.000903284,0.068199329,0.068605833,0.067457244,2.450216532
37150,0.00062475,0.000302747,0.000246915,7.51E-05,0.013579461,0.013832996,0.012086984,2.454736233
37160,0.001001513,0.000608019,0.000206897,0.000186597,0.029061113,0.028811399,0.028421927,2.428273439
37170,0.000624805,0.000344485,0.000143833,0.000136488,0.0205344,0.021557551,0.0206699,2.380134344
37180,0.000327104,0.00019306,5.53E-05,7.88E-05,0.011968955,0.011781074,0.01172931,2.40509963
37190,0.000263303,0.00014973,5.57E-05,5.78E-05,0.00844431,0.008621675,0.008182635,2.388380289
37200,0.000335226,0.00014385,0.000137238,5.41E-05,0.007811309,0.008311877,0.007560131,2.346862316
37210,0.003112735,0.00013383,0.002920878,5.80E-05,0.005797115,0.016353613,0.005512658,2.400493622
37220,0.001219575,0.000557558,0.000236252,0.000425765,0.027823802,0.028544847,0.02903869,2.37275815
37230,0.004760291,0.000673697,0.000499009,0.003587585,0.007842231,0.008817007,0.013721026,2.56793046
37240,0.014511143,0.012776411,0.000479041,0.001255691,0.016690733,0.009986859,0.011177825,2.455882311
37250,0.006109631,0.005373642,0.000344663,0.000391325,0.039313331,0.034972407,0.035157815,2.371006012
37260,0.003154495,0.002017194,0.000556669,0.000580632,0.055294275,0.056142122,0.056071218,2.382509708
37270,0.020027062,0.012767509,0.00364464,0.003614915,0.146844625,0.148422018,0.149124861,2.458924055
37280,0.010990972,0.006777863,0.002158921,0.002054188,0.107747227,0.108347677,0.108612567,2.445791245
37290,0.008561022,0.004670058,0.001507896,0.002383067,0.09049809,0.092323668,0.093576476,2.361250877
37300,0.004917758,0.001407119,0.000404557,0.003106082,0.046456989,0.046350945,0.051716916,2.327422857
37310,0.001302008,0.000744507,0.000238478,0.000319023,0.033997543,0.034449372,0.034794427,2.358565331
37320,0.000829616,0.0004776,0.000155058,0.000196958,0.026060347,0.02646317,0.026530979,2.349270105
37330,0.001532704,0.000949088,0.000282148,0.000301468,0.038232069,0.03901808,0.038933054,2.974387169
37340,0.00336055,0.002037851,0.0006432,0.000679499,0.059000142,0.059592906,0.059756801,2.391402006
37350,0.019311689,0.011586422,0.003729129,0.003996138,0.142446756,0.14417623,0.145037442,2.400703669
37360,0.010850105,0.006552457,0.002283458,0.002014192,0.104166016,0.106326677,0.106832743,2.393968821
37370,0.007773391,0.004716552,0.001422747,0.001634091,0.086971968,0.088305615,0.088347383,2.44754982
37380,0.000955413,0.000583331,0.000157535,0.000214547,0.027724372,0.027540788,0.027384602,2.422070503
37390,0.001457368,0.000849613,0.00027563,0.000332126,0.035970706,0.036703359,0.036282614,2.399186134
37400,0.000661466,0.000191276,0.000419279,5.09E-05,0.005413369,0.008966664,0.004236214,2.407475471
37410,0.005100915,0.001009346,0.003795657,0.000295913,0.013360199,0.02425864,0.013359313,2.489221096
37420,0.015444905,0.009107333,0.000680647,0.005656925,0.021350205,0.014024725,0.025238931,2.404033184
37430,0.007274516,0.004241975,0.000929169,0.002103373,0.057233144,0.054333657,0.055054825,2.419675827
37440,0.047866873,0.029491046,0.008602096,0.009773738,0.22103399,0.227584541,0.228333354,2.440551281
37450,0.004811043,0.002785331,0.001145714,0.000879998,0.058189347,0.059943244,0.058802709,2.444947481
37460,0.007793535,0.004549183,0.001756436,0.001487916,0.089129686,0.092550546,0.090548962,2.486302614
37470,0.004526504,0.00264772,0.001071201,0.000807583,0.066056915,0.067556813,0.066481404,2.394999027
37480,0.001835644,0.001006735,0.000477859,0.000351051,0.038673382,0.039580896,0.038712598,2.552932978
37490,0.00081009,0.000414003,0.000228829,0.000167258,0.023196291,0.02443257,0.024047326,2.397542238
37500,0.000392969,0.000228354,8.44E-05,8.02E-05,0.013200834,0.013665003,0.013221644,2.484554291
37510,0.000263477,0.000173136,3.88E-05,5.16E-05,0.006484577,0.006174127,0.005678975,2.679321289
37520,0.000216802,0.000131082,3.56E-05,5.01E-05,0.006187952,0.006135239,0.005563611,2.480638266
37530,0.000236667,0.000152771,3.50E-05,4.89E-05,0.00548986,0.005106729,0.004411917,2.433665037
37540,0.000312637,0.000202791,5.61E-05,5.37E-05,0.005584429,0.005491451,0.004717854,2.37177825
37550,0.002880279,0.001302619,0.001242906,0.000334753,0.019388635,0.022837764,0.021236127,2.487588882
37560,0.043917619,0.023661686,0.009182471,0.011073464,0.14536567,0.15154478,0.155123681,2.424450397
37570,0.020352317,0.011304804,0.004536735,0.004510777,0.112531744,0.112071559,0.109332576,2.5206635
37580,0.007216332,0.003453968,0.001012378,0.002749986,0.072925374,0.075582884,0.07643427,2.443775415
37590,0.004786735,0.002822653,0.000631574,0.001332507,0.052607842,0.053846311,0.056842081,2.426989794
37600,0.001891427,0.000964853,0.000454199,0.000472375,0.03698552,0.037234612,0.037360817,2.441577911
37610,0.000455448,0.000226402,0.000105204,0.000123841,0.011575118,0.011281123,0.011396101,2.417605639
37620,0.000504667,0.000326287,7.59E-05,0.000102443,0.015676938,0.01577007,0.015802573,2.416195631
37630,0.000228599,0.000139025,3.81E-05,5.14E-05,0.005402828,0.005065963,0.004322833,2.432350397
37640,0.000258111,0.000154898,4.50E-05,5.82E-05,0.009135189,0.009076742,0.008821302,2.388461828
37650,0.000650816,0.000406213,0.00011538,0.000129223,0.022155119,0.022412103,0.02252597,2.378241301
37660,0.010994921,0.006936415,0.002031117,0.002027387,0.107614517,0.109399803,0.109699324,2.378298759
37670,0.060295414,0.037591651,0.011442924,0.011260834,0.24353385,0.250274986,0.251755655,2.376283646
37680,0.009753847,0.006087252,0.001886603,0.001779991,0.089940891,0.094037183,0.094103724,2.421671391
37690,0.000303452,0.000192553,4.90E-05,6.19E-05,0.007380235,0.00752419,0.006923501,2.466800451
37700,0.001156347,0.000692525,0.000232805,0.000231017,0.030948456,0.031770214,0.031827394,2.392689466
37710,0.000939687,0.000566453,0.000172638,0.000200597,0.027297836,0.027437631,0.027694803,2.417337418
37720,0.000642568,0.000305363,9.31E-05,0.000244103,0.018610718,0.019759983,0.020134233,2.409118414
37730,0.003771434,0.000168673,5.69E-05,0.003545895,0.009533303,0.008347003,0.020038811,2.424855709
37740,0.000989462,0.000545414,0.000376215,6.78E-05,0.007538237,0.010336765,0.006519166,2.382836819
37750,0.009338674,0.006679406,0.002106241,0.000553027,0.012765422,0.018452318,0.008345896,2.359633923
37760,0.001961779,0.00101995,0.000471689,0.000470139,0.009659798,0.009986456,0.009094457,2.42203021
37770,0.001312284,0.001007296,0.000109082,0.000195906,0.009506579,0.007198594,0.007086691,2.461647272
37780,0.000733641,0.000607026,3.86E-05,8.80E-05,0.006703611,0.005042723,0.004928764,2.4804039
37790,0.00047116,0.000336724,6.79E-05,6.65E-05,0.009827675,0.0092809,0.00848468,2.371339321
37800,0.000738479,0.000473761,0.000129784,0.000134933,0.021368923,0.02219234,0.022311699,2.416495085
37810,0.018293345,0.0114363,0.003517832,0.003339211,0.137706622,0.140712202,0.140290484,2.344710588
37820,0.026765019,0.016669437,0.005167934,0.004927647,0.152314037,0.158384025,0.158254251,2.469524145
37830,0.003722005,0.002490532,0.000630994,0.000600479,0.052477948,0.0533741,0.052053332,2.414600849
37840,0.008825494,0.005561275,0.001641623,0.001622596,0.092389271,0.094170973,0.093106955,2.517349243
37850,0.001422937,0.000888561,0.000267772,0.000266603,0.035750091,0.037317906,0.037485112,2.394155979
37860,0.00022845,0.000135397,3.95E-05,5.35E-05,0.007370495,0.007424988,0.007380106,2.44933486
37870,0.000393252,0.000243794,6.92E-05,8.03E-05,0.014723442,0.015295821,0.014920941,2.356773615
37880,0.000323444,0.00019382,5.84E-05,7.13E-05,0.01195519,0.012056931,0.011844069,2.362704039
37890,0.000268811,0.000149813,5.68E-05,6.22E-05,0.008751881,0.008772457,0.008734796,2.466599464
37900,0.001205581,0.000129539,0.000918803,0.000157239,0.006316052,0.012881126,0.006705137,2.415487766
37910,0.010508969,0.000356481,0.006252743,0.003899747,0.006617282,0.026381012,0.020695355,2.403789043
37920,0.015143066,0.013818881,0.001006652,0.000317533,0.016850604,0.013200628,0.00908628,2.426329613
37930,0.009428966,0.007454881,0.000496442,0.001477643,0.048495792,0.043375563,0.046169288,2.445089817
37940,0.001440998,0.000942857,0.000285058,0.000213082,0.01359147,0.01402502,0.01332994,2.397436619
37950,0.000955812,0.000611891,0.000194751,0.00014917,0.024129532,0.023961417,0.023168694,2.421789169
37960,0.000966692,0.000664195,0.000126643,0.000175855,0.024614103,0.023817379,0.023606839,2.371357918
37970,0.002498349,0.001553979,0.000457962,0.000486409,0.049233243,0.050223541,0.050482243,2.381590605
37980,0.032768909,0.02058688,0.006032939,0.006149087,0.184501499,0.188696295,0.189210534,2.431193829
37990,0.000717908,0.000416755,0.000166797,0.000134357,0.023600036,0.024548963,0.024713749,2.452477694
38000,0.000392053,0.000222631,0.000102752,6.67E-05,0.008480962,0.007840967,0.007436777,2.425280333
38010,0.000394328,0.000217245,0.000101166,7.59E-05,0.012152311,0.012745925,0.012403648,2.402455807
38020,0.000739136,0.00043465,0.000160641,0.000143846,0.023875427,0.024537371,0.024900256,2.445319653
38030,0.000832853,0.000501116,0.000167526,0.000164211,0.024836686,0.025205277,0.024963748,2.485527277
38040,0.000326981,0.000197906,5.82E-05,7.09E-05,0.012364503,0.012744192,0.012843638,2.398582697
38050,0.000301657,0.000180366,5.55E-05,6.58E-05,0.011062687,0.011382645,0.0113451,2.55322051
38060,0.000216197,0.000118669,3.29E-05,6.47E-05,0.005324122,0.005185592,0.004630528,2.388548613
38070,0.002211259,0.000118878,3.42E-05,0.002058214,0.005426982,0.004957628,0.00932664,2.427488804
38080,0.003151588,0.000123732,6.97E-05,0.002958191,0.005414744,0.005327165,0.017742734,2.400749445
38090,0.001703413,0.000264545,0.000722214,0.000716654,0.015745509,0.017541748,0.019482553,2.504066706
38100,0.019946134,0.00900196,0.008289763,0.002654412,0.116577476,0.119654067,0.118918404,2.464638948
38110,0.046435975,0.029201578,0.008970552,0.008263844,0.204104409,0.212894469,0.212304994,2.396011353
38120,0.006048612,0.002409975,0.002777273,0.000861364,0.062276874,0.067112014,0.065123387,2.40765667
38130,0.009720325,0.00526886,0.002809925,0.001641539,0.087971784,0.093126431,0.092566147,2.45250845
38140,0.001140186,0.000203391,0.000850458,8.63E-05,0.01110283,0.015541667,0.011147542,2.409547567
38150,0.000809947,0.000394974,0.000258105,0.000156868,0.020928323,0.022564609,0.021624718,2.443077087
38160,0.000681223,0.000330954,0.000236454,0.000113816,0.017304637,0.018394187,0.017985569,2.476457357
38170,0.000406861,0.00026953,6.42E-05,7.31E-05,0.013561592,0.013481788,0.013231717,2.58359313
38180,0.002391915,0.00230461,3.74E-05,4.99E-05,0.009263723,0.005097769,0.004391457,2.549844503
38190,0.005522205,0.005268077,0.000104218,0.00014991,0.030436909,0.023289401,0.023007965,2.420745134
38200,0.000496492,0.000292836,8.16E-05,0.000122104,0.01781575,0.017556485,0.017679723,2.389377356
38210,0.000842039,0.000720608,5.40E-05,6.74E-05,0.010492119,0.010450301,0.010475973,2.430076361
38220,0.000531456,0.000439699,3.33E-05,5.84E-05,0.006362379,0.004918773,0.004209752,2.457740068
38230,0.000490171,0.000219866,3.85E-05,0.000231819,0.008852905,0.008024076,0.008979542,2.501012325
38240,0.005806712,0.00018574,4.97E-05,0.005571289,0.011532642,0.01028208,0.025824307,2.42135334
38250,0.002748978,0.000778276,0.000275515,0.001695188,0.033119176,0.034743767,0.037988931,2.43491888
38260,0.008242212,0.004118572,0.001525123,0.002598518,0.081645995,0.082964212,0.084328346,2.43804884
38270,0.036792189,0.022383779,0.007967813,0.006440592,0.188788772,0.193229958,0.191870749,2.475661516
38280,0.003484504,0.002053272,0.000735283,0.000695948,0.056943372,0.057486173,0.057382878,2.450864792
38290,0.000647669,0.000389879,9.48E-05,0.000162967,0.015430025,0.016795829,0.016623383,2.400219202
38300,0.001964095,0.001228159,0.000367634,0.000368301,0.043057583,0.043817446,0.043596409,2.409400225
38310,0.000739813,0.00056671,8.90E-05,8.41E-05,0.016820427,0.015968772,0.015630608,2.396464348
38320,0.000818938,0.000622937,9.88E-05,9.72E-05,0.019901279,0.019361813,0.018653281,2.438925743
38330,0.000641952,0.000522933,6.79E-05,5.11E-05,0.009197531,0.008062295,0.006994632,2.394067526
38340,0.002774387,0.002543386,0.000147514,8.35E-05,0.01265616,0.012815624,0.013071405,2.440714359
38350,0.015050516,0.009967642,0.002882648,0.002200225,0.102533244,0.107725427,0.108139634,2.464129686
38360,0.050841976,0.031337563,0.009818436,0.009685973,0.220454916,0.227472156,0.225959122,2.448199272
38370,0.00925701,0.005552871,0.002008433,0.001695707,0.090299815,0.092073515,0.093240425,2.457983017
38380,0.001995191,0.001776683,9.96E-05,0.000118874,0.017216526,0.018546812,0.01885641,2.390393496
38390,0.001727614,0.00155866,0.000118726,5.02E-05,0.011222037,0.009090457,0.008439073,2.449954987
38400,0.000910443,0.000774547,8.70E-05,4.89E-05,0.007554074,0.00620704,0.004581972,2.365654469
38410,0.000401548,0.000316708,3.48E-05,5.00E-05,0.006028161,0.005212204,0.00462284,2.406971455
38420,0.000302547,0.000183652,6.79E-05,5.10E-05,0.006834316,0.006785718,0.005709263,2.494005203
38430,0.000274364,0.000148397,4.28E-05,8.32E-05,0.005639285,0.005516462,0.005257616,2.444418669
38440,0.001401938,0.000130956,4.92E-05,0.001221749,0.005128734,0.005245052,0.011920308,2.454387903
38450,0.005345002,0.000236597,0.000112696,0.004995708,0.010722556,0.013718054,0.026618391,2.438607454
38460,0.004995553,0.00246881,0.001840829,0.000685914,0.053550325,0.059873171,0.054662369,2.467602253
38470,0.060709242,0.039522644,0.010682154,0.010504439,0.222088635,0.230962873,0.230083227,2.411987305
38480,0.012515758,0.008742131,0.001865375,0.001908251,0.09558244,0.099393204,0.101452202,2.519339085
38490,0.004991562,0.002759316,0.001449718,0.000782528,0.049560606,0.05271408,0.05292736,2.455734968
38500,0.000684316,0.000394882,0.00015356,0.000135873,0.021025734,0.021047767,0.021491285,2.449157
38510,0.0003344,0.000160404,0.000101417,7.26E-05,0.007055952,0.008189635,0.007983925,2.493182182
38520,0.000589113,0.000333668,0.000135359,0.000120086,0.018152133,0.018748429,0.018685253,2.451700211
38530,0.000268835,0.000161586,4.81E-05,5.91E-05,0.009135618,0.009615871,0.009582384,2.417685747
38540,0.000307019,0.000188988,5.23E-05,6.57E-05,0.01205714,0.01200195,0.011919989,2.394998312
38550,0.000336387,0.000206674,5.82E-05,7.15E-05,0.013163866,0.013267554,0.013111645,2.497912169
38560,0.001196015,0.000742574,0.000218714,0.000234726,0.032500006,0.033079874,0.032983501,2.406442165
38570,0.020160886,0.01267808,0.003709305,0.0037735,0.143150449,0.146032274,0.145213991,2.466760874
38580,0.016255645,0.010004384,0.00311446,0.003136802,0.122234032,0.12677978,0.126977324,2.421900272
38590,0.001788799,0.001128231,0.000349395,0.000311173,0.031426616,0.032987293,0.033057541,2.686897278
38600,0.000670836,0.000521483,8.92E-05,6.02E-05,0.012476532,0.011760446,0.011099622,2.466461658
38610,0.000810954,0.000633067,8.76E-05,9.02E-05,0.017230317,0.016311904,0.015369334,2.36321187
38620,0.000479558,0.000336356,6.48E-05,7.84E-05,0.015393686,0.015212316,0.015231505,2.411988974
38630,0.000331034,0.000156862,7.16E-05,0.000102614,0.009634562,0.009866733,0.009633069,2.380216122
38640,0.00262135,0.000114728,0.000894239,0.001612384,0.005535861,0.010214787,0.008397495,2.372603893
38650,0.002915903,0.000354738,0.00021928,0.002341885,0.019462587,0.018636264,0.02468814,2.416176558
38660,0.005142423,0.002809535,0.00087901,0.001453877,0.023582399,0.024887722,0.028235462,2.440493822
38670,0.020265559,0.013546949,0.003949687,0.002768924,0.114717379,0.119355455,0.119515091,2.329900026
38680,0.003902617,0.002212118,0.00080624,0.000884259,0.056205049,0.058957141,0.059093352,2.397444725
38690,0.004534157,0.00277924,0.00099009,0.000764827,0.057809491,0.059813365,0.060469236,2.4275527
38700,0.000864343,0.000280142,0.000459251,0.00012495,0.014312493,0.017061593,0.014172751,2.428943157
38710,0.000700854,0.000327506,0.000262241,0.000111107,0.019454669,0.019643452,0.019674547,2.37261796
38720,0.001206341,0.000659609,0.000337724,0.000209007,0.027569607,0.030363165,0.029127467,2.426761627
38730,0.010214571,0.005663036,0.002776328,0.001775208,0.091244049,0.09849444,0.095249899,2.397301435
38740,0.043354392,0.027280908,0.007786522,0.00828696,0.194587559,0.202840164,0.203563169,2.444645643
38750,0.011049217,0.006806018,0.002065004,0.002178194,0.101410083,0.10496296,0.104462773,2.436392546
38760,0.002554782,0.001528827,0.000552335,0.00047362,0.046690047,0.048541717,0.047844149,2.385703802
38770,0.000726422,0.000128201,9.95E-05,0.000498752,0.005126901,0.005594544,0.007821393,2.425558805
38780,0.004373602,0.000271146,0.00011547,0.003986987,0.014145646,0.015859362,0.025806036,2.399539232
38790,0.001601897,0.000775168,0.000253154,0.000573575,0.031986397,0.032482173,0.033162504,2.403152227
38800,0.000747887,0.000472138,7.90E-05,0.000196745,0.017762555,0.016855238,0.016914617,2.4269557
38810,0.002196005,0.002055507,5.87E-05,8.18E-05,0.018850517,0.014478935,0.014094721,2.454699278
38820,0.003902382,0.003589283,0.000152403,0.000160697,0.03607437,0.031306621,0.030192668,2.409045219
38830,0.009683387,0.006466793,0.001418945,0.001797648,0.081988446,0.085040905,0.085909307,2.400260925
38840,0.07079231,0.042781208,0.014206259,0.013804847,0.257115424,0.263320148,0.262676775,2.513368845
38850,0.020046841,0.012215897,0.003834556,0.003996385,0.139159039,0.142362028,0.141387925,2.431794405
38860,0.00443246,0.002693875,0.00082426,0.000914326,0.061729196,0.064929694,0.064702615,2.365113735
38870,0.000983662,0.000662797,0.000136137,0.000184728,0.020930666,0.02121415,0.020891875,2.412039995
38880,0.000476347,0.000328424,6.34E-05,8.46E-05,0.008878106,0.009533477,0.010112369,2.515296221
38890,0.000251602,0.000149729,4.61E-05,5.58E-05,0.00576398,0.005823358,0.005071173,2.604055643
38900,0.000282196,0.000123338,0.000110743,4.81E-05,0.005032395,0.005614027,0.004282083,2.466437817
38910,0.001713943,0.000174222,0.001491,4.87E-05,0.007908146,0.015672266,0.006936242,2.387709141
38920,0.002625738,0.000129507,0.002415052,8.12E-05,0.008677789,0.019568063,0.008605067,2.409921408
38930,0.00157646,0.000273537,0.000385186,0.000917737,0.010309588,0.01258073,0.015806532,2.469458818
38940,0.013309909,0.004818782,0.000626273,0.007864853,0.049011711,0.053959783,0.064856783,2.425038576
38950,0.027543033,0.017413555,0.005089119,0.005040359,0.162811309,0.168708831,0.167404383,2.437011957
38960,0.00199515,0.000610015,0.000163037,0.001222098,0.017137138,0.016766399,0.020051403,2.422979116
38970,0.003218194,0.002328548,0.000461104,0.000428541,0.037429556,0.040223807,0.040425181,2.335746765
38980,0.002104735,0.001322933,0.000325982,0.00045582,0.033179358,0.035843514,0.036237683,2.396359921
38990,0.000745406,0.00045898,0.000136635,0.000149791,0.024225617,0.024622839,0.024204997,2.38170743
39000,0.000224517,0.000118538,4.05E-05,6.54E-05,0.005029326,0.004807269,0.004557016,2.490390301
39010,0.000284888,0.000160653,6.54E-05,5.88E-05,0.009325147,0.009910168,0.00963123,2.420423508
39020,0.001586401,0.000826417,0.000491225,0.000268759,0.034358256,0.036757894,0.03584072,2.399368525
39030,0.036150716,0.022161316,0.007354027,0.006635376,0.183012515,0.190002427,0.189542681,2.476207256
39040,0.001143655,0.000259262,0.000813461,7.09E-05,0.009041294,0.013503651,0.008865548,2.569272995
39050,0.00733368,0.00397366,0.002112519,0.001247502,0.074625954,0.076504707,0.073696949,2.506423235
39060,0.005937327,0.003062081,0.001784514,0.001090732,0.070525087,0.077592954,0.076231793,2.43040061
39070,0.0023369,0.001372846,0.00051825,0.000445804,0.044506352,0.045793653,0.044835415,2.442809343
39080,0.000838702,0.000465689,0.000207941,0.000165072,0.023555422,0.026322864,0.025979703,2.40316844
39090,0.000418878,0.000249339,8.03E-05,8.92E-05,0.015629528,0.016018573,0.015471388,2.429626465
39100,0.000314162,0.000176049,5.48E-05,8.33E-05,0.011436426,0.011913544,0.012094248,2.486126661
39110,0.001047534,0.000133897,3.72E-05,0.000876472,0.008346438,0.00781904,0.009970726,2.467862606
39120,0.002882061,0.0001594,6.08E-05,0.002661895,0.00502654,0.005644868,0.011510011,2.452774048
39130,0.006859983,0.004848018,0.000996984,0.001014982,0.017971171,0.014739851,0.012543085,2.492605209
39140,0.007940564,0.002333601,0.005399749,0.000207216,0.0169384,0.024100788,0.008708378,2.415174961
39150,0.001385156,0.000829381,0.000359277,0.000196498,0.011548854,0.011535533,0.009619942,2.456668854
39160,0.00197532,0.001443232,0.000404184,0.000127904,0.015956709,0.018357936,0.016817804,2.625005722
39170,0.004341846,0.002717655,0.000910828,0.000713363,0.054640763,0.056864735,0.057556137,2.469377995
39180,0.045602649,0.028357178,0.00837793,0.008867543,0.215347916,0.220943898,0.221117318,2.513965368
39190,0.004044147,0.002476142,0.000770501,0.000797505,0.063256718,0.065497786,0.065382078,2.435433149
39200,0.001615335,0.000971517,0.000329239,0.000314579,0.034591325,0.035132889,0.035001192,2.42972827
39210,0.000371483,0.000222677,6.96E-05,7.92E-05,0.013808399,0.014718613,0.014649265,2.434524775
39220,0.000268098,0.000160475,4.61E-05,6.15E-05,0.010192875,0.010782577,0.010579245,2.758937597
39230,0.000627174,0.000364695,0.000107665,0.000154815,0.020284437,0.020457689,0.020526115,2.465630054
39240,0.001051232,0.000209885,6.59E-05,0.000775423,0.013245679,0.014727429,0.017644469,2.541370869
39250,0.007978322,0.000193025,7.00E-05,0.007715285,0.011765132,0.015235372,0.031555928,2.466943264
39260,0.001449492,0.000117108,3.16E-05,0.001300745,0.006210801,0.00528641,0.012071645,2.510940552
39270,0.00025219,0.000109838,3.05E-05,0.000111814,0.004859993,0.004667682,0.005050562,2.352778912
39280,0.000477109,0.000108826,3.11E-05,0.000337224,0.005055469,0.005120891,0.006735197,2.617664099
39290,0.000287054,0.000136013,3.79E-05,0.000113152,0.008261202,0.008058287,0.008332575,2.391278505
39300,0.003673898,0.002313978,0.000692097,0.000667823,0.059456829,0.06066905,0.059930239,2.521435261
39310,0.152934447,0.094207078,0.029947849,0.028779507,0.374512374,0.392818093,0.391737103,2.432193041
39320,0.00503087,0.00327684,0.000862093,0.000891936,0.05574587,0.0598584,0.060216695,2.607933044
39330,0.017158605,0.010274901,0.003505803,0.003377901,0.121587262,0.130194008,0.130387023,2.404308319
39340,0.003183112,0.002006924,0.000584393,0.000591796,0.054237302,0.0556226,0.05529929,2.336535215
39350,0.000667885,0.000416778,0.00012353,0.000127577,0.020211656,0.020224337,0.018465005,2.443782806
39360,0.000982531,0.000599281,0.000184494,0.000198757,0.028120745,0.028112542,0.027456805,2.44230485
39370,0.000196915,0.000115837,3.45E-05,4.65E-05,0.005745601,0.005725857,0.005448531,2.472832441
39380,0.000284629,0.000169912,5.19E-05,6.28E-05,0.011176473,0.011360919,0.011361122,2.417418003
39390,0.00022336,0.000117526,5.90E-05,4.68E-05,0.006207482,0.006080153,0.005678988,2.408173084
39400,0.000855653,0.000106083,0.000705434,4.41E-05,0.004856762,0.009555303,0.00418982,2.462423801
39410,0.006950921,0.000120313,0.00677773,5.29E-05,0.005984157,0.027268598,0.00553927,2.413897991
39420,0.002078978,0.00076822,0.001222279,8.85E-05,0.006338734,0.01177799,0.004468124,2.383405447
39430,0.013041998,0.012419969,9.76E-05,0.000524386,0.019265845,0.005980766,0.007687245,2.491434336
39440,0.005987577,0.003197079,0.000234886,0.002555612,0.01300665,0.007392269,0.014927721,2.482108116
39450,0.000910325,0.000143509,8.12E-05,0.000685647,0.00821311,0.007996059,0.00912891,2.424434185
39460,0.000923101,0.000556545,3.59E-05,0.000330696,0.009158721,0.007845137,0.008185873,2.430461168
39470,0.000552435,0.000259127,3.13E-05,0.000261973,0.005681076,0.004707453,0.006623741,2.385745525
39480,0.00055919,0.00012252,3.08E-05,0.000405857,0.005335625,0.004730866,0.00639765,2.423400879
39490,0.001851092,0.000123314,3.29E-05,0.001694907,0.007564158,0.006060272,0.013238219,2.439659357
39500,0.001055247,0.000190492,5.28E-05,0.000811938,0.013346187,0.01206457,0.014945885,2.487635612
39510,0.001941164,0.00090681,0.000277192,0.000757162,0.036645561,0.037678983,0.038728032,2.43536973
39520,0.024530236,0.015342832,0.004557959,0.004629445,0.156336546,0.158405364,0.158780605,2.406479836
39530,0.00745777,0.004572662,0.001502577,0.001382531,0.076834306,0.080224648,0.08025901,2.378731728
39540,0.00102085,0.000578844,0.000189106,0.000252899,0.016499985,0.01829383,0.018650644,2.386693954
39550,0.000352699,0.000155631,4.18E-05,0.000155244,0.006257967,0.005050719,0.005464232,2.556026459
39560,0.000260207,0.000107712,3.65E-05,0.000116027,0.005182794,0.005285965,0.005161827,2.384912014
39570,0.000255878,0.00013548,5.97E-05,6.07E-05,0.007718361,0.0083789,0.008368852,2.482474327
39580,0.000421188,0.000210234,0.000130102,8.09E-05,0.01280286,0.013958843,0.012983039,2.573867559
39590,0.001790458,0.000168605,0.001513624,0.00010823,0.007561885,0.010146596,0.006156273,2.478843927
39600,0.003990577,0.000988348,0.002486668,0.00051556,0.016755294,0.02815347,0.02124482,2.422023296
39610,0.01907507,0.010114936,0.000578416,0.008381719,0.016676575,0.010808582,0.030233949,2.480000734
39620,0.006751817,0.003477942,0.00034147,0.002932406,0.022546252,0.015304093,0.021480763,2.517341137
39630,0.001088272,0.000820787,8.03E-05,0.000187164,0.010374581,0.006302835,0.006095998,2.482153416
39640,0.000629455,0.000131645,8.73E-05,0.000410471,0.00548239,0.00624325,0.007645078,2.510178804
39650,0.000753713,0.000450007,0.000156989,0.000146717,0.024265412,0.025228716,0.024920886,2.466681004
39660,0.04034216,0.024871392,0.007765921,0.007704848,0.210412055,0.216217697,0.214495659,2.48085618
39670,0.012542543,0.007943503,0.00239993,0.00219911,0.096480362,0.095127523,0.093104802,2.549330473
39680,0.017845521,0.010382252,0.00369662,0.003766647,0.137174383,0.147124246,0.146117166,2.437272787
39690,0.003519763,0.002683852,0.000457158,0.000378753,0.045131959,0.043527413,0.042537615,2.439609766
39700,0.001749428,0.001097415,0.000323893,0.00032812,0.043087453,0.041650008,0.041574907,2.487769842
39710,0.000652908,0.000496948,8.07E-05,7.53E-05,0.015238678,0.014004294,0.014027147,2.518106461
39720,0.000512461,0.000379034,6.21E-05,7.13E-05,0.016871136,0.015257109,0.014860071,2.458943605
39730,0.000199048,0.000115091,4.03E-05,4.37E-05,0.004906383,0.004904276,0.004296683,2.752019405
39740,0.000214276,0.000120462,4.54E-05,4.84E-05,0.007616535,0.007647525,0.007495483,2.468374968
39750,0.000402792,0.000117503,0.000238507,4.68E-05,0.006236884,0.007449829,0.005751124,2.455977917
39760,0.006518456,0.000114126,0.006347221,5.71E-05,0.005205335,0.025935806,0.00459716,2.375769854
39770,0.003206439,0.000241515,0.002424962,0.000539962,0.012550894,0.021350095,0.013072622,2.398042917
39780,0.005544141,0.000143799,0.000860756,0.004539586,0.006912692,0.010480866,0.01628924,2.388814926
39790,0.001472772,0.000344577,6.32E-05,0.001065018,0.009320483,0.01088021,0.013046684,2.454733849
39800,0.001568526,0.001112701,0.000125543,0.000330282,0.00661219,0.006185193,0.00626818,2.393255949
39810,0.005708729,0.004738398,0.000508732,0.000461599,0.039180394,0.039710514,0.040792227,2.684660196
39820,0.009730017,0.00610914,0.001698547,0.00192233,0.095330402,0.097419843,0.098366618,2.441731453
39830,0.002418635,0.001484462,0.000429594,0.000504579,0.044997126,0.046825387,0.047081433,2.427357435
39840,0.000430339,0.000285595,6.48E-05,8.00E-05,0.015781304,0.01565307,0.015520869,2.486927986
39850,0.001973094,0.001336391,0.00029553,0.000341173,0.034977332,0.036891475,0.0372352,2.445494175
39860,0.015550518,0.010001317,0.002689167,0.002860034,0.112400979,0.117396906,0.117734149,2.407409906
39870,0.022096818,0.013644701,0.00417856,0.004273557,0.139194086,0.14357388,0.143188775,2.398283243
39880,0.009985406,0.006132741,0.001811972,0.002040692,0.092173286,0.095758289,0.095797308,2.495301485
39890,0.002763732,0.001612009,0.000423162,0.000728561,0.042899955,0.044992242,0.04612498,2.390830755
39900,0.002645444,0.000173841,7.70E-05,0.002394633,0.011948064,0.01282962,0.021342035,2.382488251
39910,0.000758736,0.000462824,0.000112148,0.000183763,0.019145485,0.02029983,0.020415647,2.410848141
39920,0.000774048,0.000357317,6.41E-05,0.000352642,0.005398403,0.005778719,0.007572964,2.440651894
39930,0.00379703,0.00333575,0.000190141,0.00027114,0.026323788,0.020986352,0.019770965,2.439058781
39940,0.00683903,0.003480472,0.002406275,0.000952284,0.077634528,0.081666738,0.076200731,2.43762207
39950,0.027594388,0.016783809,0.005437665,0.005372912,0.167227894,0.171841621,0.170701206,2.378547907
39960,0.003040888,0.000756398,0.002115421,0.000169069,0.015279949,0.018439952,0.014947733,2.41001296
39970,0.005452924,0.002870776,0.001892616,0.000689534,0.049380548,0.053585432,0.051726263,2.520144939
39980,0.001120979,0.000743804,0.000209782,0.000167392,0.022930935,0.02515202,0.025170686,2.520849466
39990,0.001260557,0.000755051,0.00027208,0.000233426,0.0337753,0.034433585,0.033885121,2.456894636
40000,0.000439362,0.000246823,9.33E-05,9.93E-05,0.012085861,0.012908954,0.012742958,2.398478508
40010,0.00113534,0.000197818,5.43E-05,0.000883209,0.013842715,0.013096539,0.016164802,2.385737181
40020,0.008959313,0.001292403,0.000325207,0.007341703,0.045678914,0.041671738,0.050455477,2.340265036
40030,0.033465467,0.020416642,0.006176741,0.006872085,0.173813581,0.181779206,0.180806547,2.446693897
40040,0.003327344,0.000760835,0.000219532,0.002346977,0.015531164,0.015918426,0.019748926,2.448073864
40050,0.000821762,0.000197414,0.000135548,0.000488801,0.011017613,0.007705975,0.009447361,2.412794113
40060,0.000835161,0.000128618,5.67E-05,0.000649795,0.005108209,0.005409146,0.008593773,2.412400246
40070,0.000496685,0.00012314,3.10E-05,0.000342565,0.005888083,0.004992133,0.006339205,2.39994359
40080,0.0005082,0.000214696,6.36E-05,0.000229943,0.012445541,0.013511389,0.013989324,2.350376606
40090,0.000683399,0.000448814,7.66E-05,0.000157943,0.017272396,0.01709803,0.01690837,2.414506912
40100,0.00660139,0.006487845,4.85E-05,6.51E-05,0.019362129,0.008612008,0.007149838,2.461517811
40110,0.00217353,0.001584848,0.000543176,4.55E-05,0.013313613,0.009845426,0.006977033,2.409032822
40120,0.007040683,0.001896791,0.005077033,6.69E-05,0.019450407,0.027904347,0.012544801,2.439389706
40130,0.002051661,0.000493252,0.001505531,5.29E-05,0.014042047,0.018685905,0.011806522,2.591225624
40140,0.001035045,0.000237555,0.000714719,8.28E-05,0.012620874,0.014611849,0.012692884,2.391070843
40150,0.006211982,0.003726716,0.001238056,0.001247209,0.079460159,0.079792663,0.079146594,2.503060341
40160,0.088566616,0.054045036,0.016903508,0.017618071,0.283265918,0.293935567,0.290144324,2.419638395
40170,0.022585329,0.011297096,0.0053377,0.005950532,0.125071272,0.157272279,0.156457335,2.483777523
40180,0.002548701,0.001618806,0.000223778,0.000706118,0.049811959,0.040509306,0.042348213,2.463809252
40190,0.001379671,0.000467086,0.00016878,0.000743805,0.015175784,0.027359273,0.026559748,2.464157104
40200,0.000792026,0.000371436,0.000118516,0.000302075,0.011225242,0.018638378,0.019079559,2.470338583
40210,0.000580687,0.000237764,5.02E-05,0.000292682,0.00940643,0.010029341,0.010119908,2.545430422
40220,0.000294841,0.00014392,3.56E-05,0.000115278,0.008905717,0.008462797,0.009373428,2.46841526
40230,0.000204924,0.000119509,3.16E-05,5.38E-05,0.006383994,0.00591298,0.005664842,2.444987297
40240,0.00017894,0.000104112,2.94E-05,4.54E-05,0.004828201,0.00460278,0.004143917,2.414235592
40250,0.000188112,0.000110679,3.03E-05,4.71E-05,0.005109204,0.005184216,0.00484838,2.418255329
40260,0.000260345,0.000173093,3.16E-05,5.56E-05,0.004839085,0.004900877,0.004652071,2.418961048
40270,0.002500893,0.001997737,0.000112228,0.000390928,0.011626486,0.014218926,0.016869655,2.400328875
40280,0.027245026,0.013966313,0.003987054,0.009291659,0.097837821,0.11343582,0.12242575,2.383389711
40290,0.013109808,0.005535999,0.002720938,0.00485287,0.079194739,0.091134071,0.093689494,2.44107008
40300,0.007905385,0.005342034,0.000917463,0.001645889,0.059107766,0.059411317,0.059719112,2.399172306
40310,0.002013688,0.000768464,0.000846813,0.000398411,0.024158046,0.025866853,0.024183862,2.43977499
40320,0.001082841,0.000351589,0.000611236,0.000120016,0.006770663,0.007599067,0.004880069,2.427798986
40330,0.000370145,0.00017316,7.55E-05,0.000121487,0.005624703,0.006018621,0.005627761,2.458844185
40340,0.000394159,0.000117481,0.000214161,6.25E-05,0.007787236,0.010064967,0.008682312,2.451091766
40350,0.000978525,0.000454583,0.000358761,0.000165181,0.025849752,0.029057885,0.027462203,2.398365736
40360,0.013456569,0.007231946,0.00395955,0.002265072,0.105326712,0.115397312,0.110436566,2.411165714
40370,0.034957238,0.021390529,0.006887527,0.006679184,0.16794017,0.178586543,0.176631898,2.387276649
40380,0.012704649,0.007833275,0.002642101,0.002229273,0.10982468,0.109506384,0.109099284,2.451743841
40390,0.005502424,0.003223877,0.001377831,0.000900716,0.060141727,0.062445432,0.062650345,2.420025587
40400,0.002179786,0.001236872,0.000573347,0.000369566,0.040390842,0.042154551,0.04171484,2.469838381
40410,0.000524064,0.000287496,0.00013831,9.83E-05,0.016109683,0.016770285,0.016496886,2.498455048
40420,0.000239156,0.000146703,4.38E-05,4.86E-05,0.006790902,0.006934848,0.006727469,2.402706146
40430,0.000318348,0.000192298,5.74E-05,6.86E-05,0.01237276,0.012762735,0.012738811,2.410976887
40440,0.0002761,0.000171826,4.84E-05,5.59E-05,0.009261992,0.009423007,0.009357304,2.429547071
40450,0.000367145,0.000246097,5.33E-05,6.77E-05,0.011185288,0.011676446,0.011550985,2.424469948
40460,0.002275798,0.001651567,0.000288239,0.000335992,0.033293441,0.034821704,0.035110578,2.38943553
40470,0.036770288,0.023526261,0.005808437,0.007435591,0.15727672,0.168176055,0.16928494,2.423777819
40480,0.010139321,0.00904745,0.000294342,0.000797531,0.044216365,0.04350847,0.044878311,2.385192394
40490,0.001797533,0.000192093,7.22E-05,0.001533193,0.007964496,0.00580975,0.012786776,2.438706398
40500,0.00373459,0.001210711,9.65E-05,0.002427333,0.028427081,0.026546972,0.027828025,2.399034023
40510,0.000990879,0.000137007,3.63E-05,0.000817596,0.007134792,0.007682849,0.01340194,2.489786625
40520,0.000386033,0.000249752,6.42E-05,7.20E-05,0.010526503,0.010826049,0.010354836,2.416513205
40530,0.000489304,0.000153333,0.00019729,0.000138681,0.007095043,0.008643047,0.007593825,2.447548389
40540,0.004218921,0.000113042,0.003991502,0.000114377,0.007243658,0.021887949,0.00988527,2.390934944
40550,0.000905253,0.000240888,0.000494559,0.000169806,0.015086539,0.016842322,0.016933957,2.426296711
40560,0.005873029,0.001281195,0.00117564,0.003416193,0.041798063,0.049334452,0.053612776,2.405714035
40570,0.02649032,0.01549026,0.004527058,0.006473002,0.154196039,0.151115283,0.155193895,2.503537416
40580,0.003816931,0.002232613,0.000510267,0.001074051,0.046889506,0.043265864,0.043452717,2.415158033
40590,0.006222297,0.003470152,0.00112019,0.001631955,0.071398273,0.072442681,0.074019305,2.589018106
40600,0.003319619,0.001869294,0.000730338,0.000719987,0.048010409,0.054565847,0.053017888,2.522930861
40610,0.000306444,0.000165,7.61E-05,6.53E-05,0.012645817,0.013746187,0.01320949,2.43302393
40620,0.000713385,0.000415272,0.000131225,0.000166888,0.02311033,0.024582125,0.024184488,2.454428434
40630,0.000184145,0.000102428,3.34E-05,4.83E-05,0.005016264,0.004903458,0.004483155,2.414649963
40640,0.000251834,0.000144004,5.26E-05,5.53E-05,0.010223174,0.010713037,0.010420388,2.411284685
40650,0.00099219,0.000580395,0.000226036,0.000185758,0.028063443,0.029172095,0.028523767,2.456831217
40660,0.017816892,0.011080816,0.00364718,0.003088896,0.126844138,0.129417047,0.127631441,2.489062071
40670,0.027107114,0.016157085,0.006098529,0.004851501,0.13027373,0.140854672,0.138245061,2.815378904
40680,0.012106904,0.010513647,0.00096772,0.000625539,0.036696501,0.03465474,0.033870637,2.497023582
40690,0.001995714,0.001136871,0.000389302,0.000469542,0.029166151,0.032088358,0.032631736,2.444136858
40700,0.000920067,0.000493363,0.000238575,0.000188129,0.032412253,0.030886486,0.030242415,2.526211023
40710,0.000695249,0.000461917,0.00014494,8.84E-05,0.019224063,0.019364804,0.018339939,2.414131641
40720,0.000356073,0.000233662,5.74E-05,6.50E-05,0.00558349,0.004888741,0.004362292,2.481489182
40730,0.000227932,0.000118842,5.70E-05,5.21E-05,0.007249612,0.007929548,0.007550629,2.423693895
40740,0.000356204,0.000162013,4.88E-05,0.000145389,0.010997571,0.011832993,0.012735682,2.393488884
40750,0.002906067,0.000969054,0.000296225,0.001640789,0.032676935,0.036335565,0.040960953,2.439466953
40760,0.034644522,0.021042455,0.00646726,0.007134803,0.175137743,0.17995882,0.175116494,2.649458885
40770,0.001143474,0.000657159,0.000123339,0.000362975,0.032705814,0.02441689,0.023856815,2.597698927
40780,0.001459961,0.000442034,8.00E-05,0.000937965,0.014017858,0.016274929,0.015953876,2.411378384
40790,0.001575332,0.000721438,0.000336626,0.000517268,0.045314409,0.048162583,0.047496125,2.476706028
40800,0.001179238,0.000317814,0.000647935,0.000213489,0.01069131,0.016669601,0.014111355,2.400718451
40810,0.001006117,0.000500213,0.000259902,0.000246003,0.027658779,0.02922006,0.028504519,2.383406162
40820,0.00079573,0.000151519,0.000580117,6.41E-05,0.009828452,0.011744611,0.008999596,2.485715628
40830,0.00120143,0.000211386,0.000916853,7.32E-05,0.012450203,0.015866736,0.012369824,2.399124146
40840,0.002472077,0.000932984,0.001257268,0.000281825,0.034152322,0.037192803,0.034746133,2.413396358
40850,0.003728234,0.002134698,0.000947477,0.000646059,0.053086098,0.055338569,0.054925986,2.355185509
40860,0.007432352,0.00442996,0.001670452,0.001331939,0.075975761,0.079532057,0.079346538,2.445179939
40870,0.011154547,0.006627102,0.002556902,0.001970546,0.094122991,0.097547755,0.097045824,2.504629374
40880,0.002165598,0.001357129,0.000394721,0.000413748,0.041014224,0.04290266,0.042668432,2.392133236
40890,0.000397129,0.000233483,8.02E-05,8.34E-05,0.014121054,0.014714908,0.014543162,2.395898819
40900,0.002634497,0.00163734,0.000476287,0.00052087,0.045995202,0.047940318,0.047696769,2.360221148
40910,0.019147674,0.011757835,0.003606533,0.003783308,0.128054291,0.133063376,0.132785484,2.519124746
40920,0.010110662,0.00610614,0.002076317,0.001928205,0.08916457,0.092870131,0.092941135,2.802350044
40930,0.008178582,0.00486833,0.001494904,0.001815347,0.083907425,0.086134762,0.086072005,2.44128871
40940,0.002208505,0.001352713,0.000409711,0.000446082,0.038482223,0.041349091,0.041251384,2.379798651
40950,0.003259261,0.000704564,0.000150749,0.002403947,0.016618557,0.020881545,0.02547038,2.395150185
40960,0.004826923,0.003531111,0.000160224,0.001135587,0.014241608,0.009147074,0.011109818,2.423757076
40970,0.003504268,0.001068058,0.001199715,0.001236496,0.044010051,0.041530482,0.041901819,2.479507923
40980,0.008755286,0.001897968,0.006306984,0.000550334,0.053120367,0.05706992,0.052048393,2.487597704
40990,0.008369664,0.00300735,0.004130266,0.001232048,0.07328555,0.08725182,0.076965868,2.434836149
41000,0.018695647,0.011733822,0.003485629,0.003476198,0.12805216,0.127774805,0.128599316,2.384756804
41010,0.002600751,0.001253853,0.000792186,0.000554712,0.027529759,0.032485172,0.031737439,2.459070683
41020,0.003797405,0.002249411,0.000748768,0.000799226,0.060930699,0.064279251,0.065102316,2.372300625
41030,0.001630866,0.0010269,0.000304129,0.000299837,0.039298344,0.0393866,0.038928762,2.404524326
41040,0.000249404,0.000134792,4.80E-05,6.66E-05,0.009585656,0.009330351,0.009059597,2.45151329
41050,0.00043888,0.000104298,3.03E-05,0.000304325,0.005773213,0.00537105,0.006685637,2.436533928
41060,0.005802164,0.000235422,5.72E-05,0.005509573,0.016706513,0.014648622,0.025567863,2.370039701
41070,0.007698248,0.003818944,0.001154423,0.002724881,0.079965204,0.081690282,0.082229726,2.381552696
41080,0.09040989,0.057028614,0.016569637,0.016811647,0.283179522,0.282383502,0.274626672,2.429695606
41090,0.021460278,0.013794241,0.004149575,0.003516459,0.125965476,0.146035582,0.133031562,2.400831461
41100,0.001080841,0.000630123,0.000176346,0.000274372,0.033027664,0.031240545,0.021684593,2.415641785
41110,0.00305223,0.002375726,0.000215886,0.000460618,0.051438853,0.046204261,0.048395969,2.40319109
41120,0.001037874,0.000864207,6.49E-05,0.000108758,0.015081167,0.013769832,0.016333181,2.519862413
41130,0.000216546,0.000111311,3.26E-05,7.26E-05,0.004809084,0.005100729,0.004575317,2.440479517
41140,0.000240009,0.000146506,3.81E-05,5.55E-05,0.007290673,0.006592949,0.006343467,2.37821269
41150,0.000218152,0.000129725,3.60E-05,5.24E-05,0.009290274,0.009131077,0.009128384,2.527548075
41160,0.000187098,0.000112478,3.06E-05,4.40E-05,0.004585789,0.004580849,0.004034006,2.484927654
41170,0.000217078,9.70E-05,7.84E-05,4.17E-05,0.005077562,0.005341301,0.004521052,2.392775059
41180,0.00245115,0.00010024,0.002308127,4.28E-05,0.004676193,0.013375424,0.00459166,2.344393969
41190,0.001814284,0.00120046,0.000362979,0.000250845,0.02452643,0.025416702,0.027315911,2.42465663
41200,0.026288899,0.017882703,0.004926933,0.003479261,0.106476963,0.115019754,0.113479629,2.454904318
41210,0.004423726,0.003267476,0.000494709,0.000661541,0.037412103,0.038069345,0.03755486,2.476360798
41220,0.006423547,0.003760838,0.001501154,0.001161555,0.08891806,0.08549425,0.083925419,2.441957474
41230,0.002020248,0.001136319,0.000469467,0.000414462,0.030246612,0.03638221,0.035219647,2.37757206
41240,0.000841637,0.000505584,0.000144477,0.000191576,0.019519323,0.02095429,0.0209799,2.439515352
41250,0.000978633,0.000174606,6.67E-05,0.000737282,0.01646314,0.016116969,0.018648403,2.353772402
41260,0.002108742,0.000162174,4.45E-05,0.001902068,0.012219344,0.011928208,0.018892601,2.445453882
41270,0.000330696,9.87E-05,3.10E-05,0.000201,0.005797525,0.005625659,0.006369452,2.413351059
41280,0.000384478,0.000146543,3.94E-05,0.000198581,0.008504697,0.008637286,0.008979434,2.398500443
41290,0.002614412,0.001610113,0.0004456,0.000558699,0.04631627,0.047944158,0.047365591,2.36145401
41300,0.100341298,0.06280975,0.018212408,0.019319132,0.294826239,0.305535495,0.301946431,2.344035625
41310,0.050243936,0.031883933,0.008513542,0.009846466,0.220238179,0.231349483,0.250605226,2.363868713
41320,0.024187429,0.013727481,0.004196537,0.006263412,0.121386983,0.112011388,0.143480524,2.355301857
41330,0.008564176,0.003578307,0.001828821,0.003157048,0.099594176,0.111713171,0.137086526,2.526222229
41340,0.01388051,0.009166915,0.00139828,0.003315314,0.093666352,0.097219914,0.118021138,2.38470912
41350,0.00641358,0.00203358,0.000907127,0.003472873,0.033246882,0.087846398,0.074843436,2.434309244
41360,0.583763838,0.350431114,0.124704465,0.108628213,0.807492137,0.67305994,0.6965698,2.364452839
41370,0.817737103,0.400863588,0.22415258,0.192720875,0.461534977,0.739238203,0.595646322,2.397986412
41380,0.172262028,0.126843229,0.012701618,0.032717183,0.279494107,0.292088389,0.33411628,2.449774027
41390,0.04688875,0.03597264,0.002616142,0.008299966,0.126854956,0.110697001,0.095628038,2.415572166
41400,0.021242425,0.008833266,0.007267405,0.005141756,0.127212942,0.150206,0.136019826,2.382726669
41410,0.004070425,0.001937917,0.000846598,0.00128591,0.045769665,0.04205196,0.041713405,2.366175652
41420,0.002996803,0.001222435,0.001000633,0.000773735,0.051832199,0.064532951,0.055587731,2.379920959
41430,0.000734538,0.000255407,0.000271473,0.000207658,0.017097013,0.012162641,0.012340661,2.397117853
41440,0.000630077,0.000419154,8.92E-05,0.000121708,0.025482368,0.022448171,0.02265669,2.415632248
41450,0.000259296,0.000147106,5.10E-05,6.12E-05,0.009125577,0.008811946,0.00831385,2.478139877
41460,0.000279647,0.000165254,5.17E-05,6.27E-05,0.011535957,0.010988328,0.01216697,2.441855192
41470,0.000224102,0.000125757,4.45E-05,5.38E-05,0.006189805,0.005892635,0.007144922,2.483546495
41480,0.000218655,0.000123628,4.22E-05,5.29E-05,0.006794604,0.007179002,0.006845196,2.402277946
41490,0.000210618,0.000119922,3.97E-05,5.10E-05,0.005641739,0.005609308,0.005616719,2.421402693
41500,0.000204874,0.000116478,3.86E-05,4.98E-05,0.005433511,0.005474574,0.005354512,2.447615623
41510,0.00020157,0.000114714,3.77E-05,4.92E-05,0.005342161,0.005413527,0.005140368,2.416340351
41520,0.000198427,0.000113047,3.69E-05,4.85E-05,0.005216091,0.005302394,0.005011045,2.332714081
41530,0.000195763,0.000111667,3.62E-05,4.79E-05,0.005136078,0.005276343,0.004852443,2.329999447
41540,0.000193485,0.000110493,3.56E-05,4.74E-05,0.005078415,0.005272524,0.004741501,2.342981815
41550,0.000191411,0.000109438,3.51E-05,4.69E-05,0.004997034,0.005204481,0.004649885,2.32597971
41560,0.000189569,0.000108513,3.46E-05,4.64E-05,0.004934411,0.005167254,0.004568725,2.393169641
41570,0.000187892,0.000107676,3.42E-05,4.60E-05,0.004891789,0.005136656,0.004504924,2.387083292
41580,0.000186353,0.00010692,3.38E-05,4.56E-05,0.004854618,0.005121068,0.004450418,2.370234013
41590,0.000184956,0.000106234,3.34E-05,4.53E-05,0.004820155,0.005093371,0.004400598,2.397055864
41600,0.000183651,0.000105596,3.31E-05,4.50E-05,0.004785522,0.005064317,0.004353918,2.489745378
41610,0.000182453,0.000105011,3.28E-05,4.46E-05,0.004758439,0.005050588,0.004317631,2.415857077
41620,0.000181324,0.000104463,3.25E-05,4.43E-05,0.004737374,0.005026218,0.004286479,2.42361021
41630,0.000180263,0.000103949,3.23E-05,4.40E-05,0.004716631,0.005015453,0.004257485,2.431171417
41640,0.000179263,0.00010346,3.20E-05,4.38E-05,0.004694985,0.004996169,0.004235837,2.369776487
41650,0.000178315,0.000103001,3.18E-05,4.35E-05,0.004677092,0.004976082,0.004202792,2.423062325
41660,0.000177434,0.000102573,3.16E-05,4.33E-05,0.00466209,0.00496743,0.004188115,2.400345087
41670,0.000176579,0.000102155,3.14E-05,4.30E-05,0.004647297,0.004955262,0.00416701,2.373027802
41680,0.000175761,0.000101754,3.12E-05,4.28E-05,0.004632008,0.004937439,0.004136495,2.384263277
41690,0.000174995,0.000101373,3.10E-05,4.26E-05,0.004623363,0.004929178,0.004145135,2.363774776
41700,0.000174234,0.000101007,3.09E-05,4.24E-05,0.004608043,0.004918213,0.004119718,2.367283344
41710,0.000173526,0.000100658,3.07E-05,4.22E-05,0.004596105,0.004901935,0.004102942,2.413598061
41720,0.000172834,0.000100311,3.06E-05,4.20E-05,0.00458455,0.004893973,0.00408988,2.383631468
41730,0.000172167,1.00E-04,3.04E-05,4.18E-05,0.004573599,0.004881004,0.00408178,2.422216654
41740,0.000171527,9.97E-05,3.03E-05,4.16E-05,0.004563146,0.004871421,0.004058076,2.416599035
41750,0.000170903,9.94E-05,3.01E-05,4.14E-05,0.004558159,0.004862691,0.004062691,2.463085175
41760,0.000170291,9.91E-05,3.00E-05,4.12E-05,0.004543118,0.004844099,0.004034977,2.430427313
41770,0.000169711,9.88E-05,2.99E-05,4.11E-05,0.004537037,0.00484184,0.004034568,2.369214058
41780,0.00016913,9.85E-05,2.98E-05,4.09E-05,0.004528145,0.004830672,0.004025651,2.360940218
41790,0.000168573,9.82E-05,2.96E-05,4.07E-05,0.004518455,0.004822624,0.004011109,2.413738251
41800,0.000168026,9.79E-05,2.95E-05,4.06E-05,0.004511437,0.004812913,0.004001479,2.464611292
41810,0.000167504,9.77E-05,2.94E-05,4.04E-05,0.004500611,0.004803215,0.003989111,2.338110685
41820,0.000166977,9.74E-05,2.93E-05,4.03E-05,0.004495191,0.004793275,0.00398373,2.333037138
41830,0.000166483,9.71E-05,2.92E-05,4.01E-05,0.004488988,0.004790334,0.003985481,2.413262129
41840,0.000166026,9.69E-05,2.92E-05,4.00E-05,0.004481165,0.004781975,0.003971357,2.353057146
41850,0.000166056,9.66E-05,2.96E-05,3.99E-05,0.004471928,0.004791191,0.00396678,2.455493927
41860,0.00018393,9.64E-05,4.78E-05,3.97E-05,0.004479022,0.005153202,0.004007415,2.379239559
41870,0.001510184,9.85E-05,0.001371469,4.02E-05,0.004635085,0.014872218,0.004430522,2.397703648
41880,0.000473672,0.000152726,0.000275842,4.51E-05,0.004884636,0.007570803,0.00463084,2.366145134
41890,0.001497646,0.000159451,0.001293472,4.47E-05,0.004848041,0.01318551,0.004522177,2.383232117
41900,0.00021827,0.000103782,7.51E-05,3.94E-05,0.004490605,0.005472604,0.003940256,2.354059935
41910,0.000347201,0.000100379,0.0002061,4.07E-05,0.004465169,0.006666813,0.003931008,2.389552116
41920,0.000170447,9.62E-05,3.53E-05,3.90E-05,0.004430081,0.004844368,0.003925636,2.330009699
41930,0.000184834,9.92E-05,4.57E-05,4.00E-05,0.004426857,0.004919568,0.003897518,2.34105587
41940,0.000208217,0.000122784,3.68E-05,4.86E-05,0.004473517,0.004798081,0.003911806,2.421387196
41950,0.001143275,0.000823253,2.92E-05,0.000290834,0.005958087,0.00477866,0.006505576,2.480898619
41960,0.016463045,0.010278648,7.61E-05,0.006108255,0.016280811,0.008053238,0.027575864,2.489848375
41970,0.004099123,0.001642478,6.69E-05,0.002389761,0.009816101,0.006830211,0.017679166,2.736716509
41980,0.000491138,0.000258185,8.72E-05,0.000145794,0.005460106,0.005488614,0.004952501,2.472817183
41990,0.000665229,0.000363532,5.73E-05,0.000244382,0.005559461,0.005179135,0.006034662,2.364436388
42000,0.000298745,0.000113913,3.05E-05,0.000154357,0.004619877,0.004681297,0.005510143,2.483178854
42010,0.000169917,9.84E-05,2.95E-05,4.20E-05,0.00460084,0.004660281,0.003882768,2.343158484
42020,0.000172092,9.95E-05,2.96E-05,4.29E-05,0.004513422,0.004679183,0.00387461,2.421577692
42030,0.000169297,9.72E-05,2.85E-05,4.36E-05,0.004503082,0.004672546,0.004072925,2.603668928
42040,0.000164774,9.48E-05,2.93E-05,4.07E-05,0.004427301,0.004665408,0.003858481,2.344179392
42050,0.000174247,9.41E-05,4.09E-05,3.92E-05,0.004420301,0.004865234,0.003958872,2.3865695
42060,0.00056081,9.99E-05,0.000421893,3.90E-05,0.004565412,0.008534363,0.004260435,2.468266487
42070,0.007442096,0.000282491,0.007098998,6.06E-05,0.007486938,0.03001833,0.008208664,2.509488821
42080,0.002515658,0.000892406,0.001533057,9.02E-05,0.006070228,0.013241438,0.004707379,2.416816473
42090,0.000331142,0.000191581,2.94E-05,0.000110114,0.004863836,0.004724781,0.005240818,2.348685503
42100,0.000521578,9.88E-05,0.000259517,0.000163235,0.004691489,0.007045905,0.006064639,2.440488577
42110,0.000872307,0.000185027,8.96E-05,0.000597688,0.004735881,0.005327121,0.008747337,2.438477039
42120,0.005474912,0.00294441,5.67E-05,0.002473836,0.010887639,0.007243535,0.018684663,2.359039783
42130,0.00127456,0.001030008,0.000153472,9.11E-05,0.009616993,0.009097572,0.00873832,2.512576818
42140,0.000807492,0.000398999,0.000249898,0.000158595,0.006667053,0.006938425,0.005187818,2.476878643
42150,0.000979213,0.000602202,0.000177732,0.000199279,0.006570258,0.006441433,0.005933109,2.395740509
42160,0.000345818,0.000217744,8.29E-05,4.52E-05,0.005236294,0.00524772,0.004158939,2.634092331
42170,0.000221751,0.000106309,4.38E-05,7.17E-05,0.004503068,0.004740125,0.004101834,2.351513386
42180,0.000187248,9.50E-05,2.92E-05,6.30E-05,0.004557344,0.004553058,0.004020919,2.356163025
42190,0.000254238,9.84E-05,2.92E-05,0.00012666,0.004446133,0.004557771,0.004640548,2.456449032
42200,0.001440251,9.33E-05,3.09E-05,0.001316128,0.004434718,0.004571773,0.011440633,2.655133247
42210,0.002423411,0.00020515,7.73E-05,0.002140911,0.005315728,0.005632752,0.01517905,2.442346334
42220,0.001944321,0.000194987,0.001089691,0.000659643,0.005751257,0.012396149,0.009491291,2.429844379
42230,0.003535215,0.000843218,0.002369596,0.000322401,0.010847323,0.019343123,0.012609771,2.39663887
42240,0.002604749,0.00213005,0.000395735,7.90E-05,0.009531111,0.008809225,0.00695184,2.371155024
42250,0.000684965,0.000289481,0.000322517,7.30E-05,0.005253408,0.007260197,0.004215774,2.397925615
42260,0.000660271,0.000243944,0.000313694,0.000102633,0.006338886,0.008824252,0.007248244,2.535389662
42270,0.00032056,0.000245799,3.15E-05,4.32E-05,0.005370159,0.004944929,0.00476734,2.476564169
42280,0.000418465,0.000335781,3.45E-05,4.82E-05,0.006028548,0.005643289,0.005763738,2.469675303
42290,0.002736193,0.002151303,0.000376847,0.000208042,0.013893855,0.013840208,0.014180616,2.475802898
42300,0.009954421,0.005142462,0.002904329,0.001907631,0.030669175,0.035782717,0.037465524,2.44529438
42310,0.00308879,0.000911388,0.00074683,0.001430572,0.016525347,0.019968908,0.021955701,2.367006779
42320,0.000654155,0.000180446,0.000318197,0.000155513,0.00856898,0.011270357,0.010571735,2.482337236
42330,0.000457398,0.000108402,0.000145747,0.000203248,0.00468462,0.006164594,0.005334115,2.432199717
42340,0.00041531,0.000219583,6.21E-05,0.000133593,0.005796753,0.005707511,0.006465486,2.889647245
42350,0.000313375,0.000107468,6.19E-05,0.000144016,0.004707341,0.005131647,0.005030098,2.463310719
42360,0.001397913,0.000142254,0.000451164,0.000804495,0.005887562,0.008617721,0.010008579,2.540960789
42370,0.005611658,0.000522294,0.001814413,0.003274951,0.011378201,0.017308306,0.020931926,2.520640135
42380,0.006474753,0.004673934,0.000236408,0.001564412,0.025504351,0.022651654,0.030116864,2.396285772
42390,0.00308846,0.000718613,0.001750467,0.00061938,0.020713177,0.027219871,0.02475623,2.39870882
42400,0.001550655,0.000430925,0.000867879,0.000251852,0.014036251,0.018798402,0.016300973,2.356466293
42410,0.000310823,0.000174815,8.15E-05,5.45E-05,0.005561623,0.005987922,0.005237815,2.412401915
42420,0.000385195,0.000266092,3.57E-05,8.34E-05,0.008295262,0.008084877,0.009036696,2.398967505
42430,0.000655518,0.000412882,0.00010947,0.000133166,0.011052419,0.011383356,0.012449851,2.474626064
42440,0.002746549,0.001732721,0.000558228,0.000455601,0.02426441,0.025572581,0.027209681,2.432296038
42450,0.01440648,0.008574971,0.003124915,0.002706593,0.064019166,0.067702465,0.071926393,2.394765854
42460,0.000388828,0.000214279,6.00E-05,0.000114587,0.011002505,0.011203969,0.011513444,2.501367331
42470,0.001078069,0.000723447,0.000156919,0.000197703,0.018842034,0.019240312,0.019835241,2.362272024
42480,0.00121378,0.000724817,0.000151403,0.00033756,0.019965326,0.020143695,0.022381604,2.405962229
42490,0.001411763,9.65E-05,4.02E-05,0.001275046,0.004557896,0.004697431,0.011718332,2.364003658
42500,0.00275324,0.000237917,0.000114085,0.002401237,0.011390871,0.012561321,0.019438498,2.332417011
42510,0.001692427,0.000508015,0.000124233,0.001060178,0.014800867,0.015022065,0.019214146,2.310176849
42520,0.003553263,0.002070643,0.000678911,0.000803708,0.034795653,0.036710553,0.037497967,2.37810874
42530,0.018956862,0.011403453,0.004178067,0.003375343,0.092410281,0.097317472,0.100072496,2.429559708
42540,0.000279879,0.00011257,3.22E-05,0.000135083,0.007163162,0.007207196,0.007535848,2.387098074
42550,0.002293314,0.00144345,0.000442212,0.000407652,0.032777507,0.0339,0.034795325,2.452252388
42560,0.001439282,0.000881014,0.000292182,0.000266086,0.027123809,0.028533578,0.028743602,2.38743782
42570,0.00021121,0.00013047,3.64E-05,4.44E-05,0.006824031,0.006945927,0.006558876,2.401774883
42580,0.000403281,0.000247166,7.43E-05,8.18E-05,0.01231472,0.012677315,0.013169399,2.468735218
42590,0.000893577,0.000545892,0.000175136,0.000172548,0.021037463,0.021862071,0.022582527,2.449837446
42600,0.00530214,0.003244901,0.001104299,0.000952941,0.053984012,0.05612836,0.057537213,2.429630518
42610,0.033833042,0.019988868,0.007596211,0.006247958,0.144341335,0.149873391,0.153093442,2.458363771
42620,0.004931399,0.002290724,0.001905321,0.000735353,0.052117106,0.05549401,0.054277048,2.416812181
42630,0.001489037,0.000156578,0.001219286,0.000113173,0.009862126,0.015137205,0.010219048,2.417154312
42640,0.001253995,0.000260469,0.000607759,0.000385767,0.014362327,0.017714463,0.016530387,2.405821323
42650,0.003485817,0.000269568,0.000337206,0.002879043,0.015839905,0.018025624,0.024194323,2.377945662
42660,0.000394632,0.000209894,0.000115611,6.91E-05,0.012173083,0.013127031,0.012517474,2.393043995
42670,0.000203238,9.04E-05,4.09E-05,7.20E-05,0.004520909,0.004690934,0.004396705,2.586912394
42680,0.000244418,0.000115546,3.81E-05,9.08E-05,0.00580318,0.005981087,0.006465144,2.49255681
42690,0.000717012,0.000399932,0.000132341,0.000184738,0.019811442,0.020570312,0.020970661,2.444563627
42700,0.016237462,0.010425253,0.003030898,0.002781312,0.105046794,0.108568996,0.109588005,2.37976408
42710,0.024078444,0.014744002,0.004623498,0.004710943,0.139390588,0.144602284,0.144840851,2.415822268
42720,0.001883008,0.001627794,0.000165199,9.00E-05,0.017432753,0.016345719,0.015124958,2.38342309
42730,0.002802319,0.00176118,0.000525079,0.00051606,0.04412334,0.04509607,0.045358606,2.406606436
42740,0.002335237,0.00142562,0.000473003,0.000436614,0.042338207,0.043882415,0.044435605,2.54924345
42750,0.001053136,0.000668461,0.00019598,0.000188694,0.026444916,0.026431188,0.026041854,2.446603537
42760,0.000451356,0.000274179,8.73E-05,8.99E-05,0.016023496,0.016297955,0.016681895,2.454639673
42770,0.000267117,0.000157167,5.14E-05,5.86E-05,0.010704784,0.010843933,0.010698663,2.379319429
42780,0.000197176,0.000115346,3.61E-05,4.58E-05,0.007626635,0.007680122,0.007853571,2.529436588
42790,0.000156699,9.10E-05,2.67E-05,3.91E-05,0.004712085,0.004640044,0.004152367,2.498394966
42800,0.000213929,9.46E-05,2.73E-05,9.20E-05,0.005048085,0.004979629,0.005074488,2.469640732
42810,0.004084933,8.99E-05,2.58E-05,0.003969185,0.004390646,0.004212941,0.019401947,2.366442919
42820,0.00188085,0.000217442,4.44E-05,0.001618989,0.00465986,0.004520426,0.013067395,2.445545912
42830,0.002372634,0.000195732,0.000956647,0.001220255,0.004646549,0.010447624,0.011283284,2.392328262
42840,0.006368799,0.000768341,0.00493667,0.000663789,0.022649573,0.035090566,0.024132604,2.407506466
42850,0.015325343,0.010329921,0.002575099,0.002420323,0.1108808,0.113353595,0.111546427,2.513497591
42860,0.04547742,0.031970318,0.006612063,0.006895034,0.172464877,0.174177289,0.176882789,2.437348604
42870,0.012483902,0.009207066,0.001761687,0.001515148,0.082411438,0.083559453,0.083953664,2.341047764
42880,0.002078539,0.001447972,0.000364934,0.000265633,0.034950025,0.03657876,0.035983313,2.372338295
42890,0.000725495,0.000539971,9.02E-05,9.53E-05,0.017588561,0.017137975,0.016224457,2.397459984
42900,0.000565267,0.000402578,8.18E-05,8.09E-05,0.014672649,0.015723212,0.016186045,2.406579256
42910,0.000390167,0.000244437,6.71E-05,7.86E-05,0.014456429,0.014547771,0.014403565,2.437588692
42920,0.000280317,0.000172702,4.86E-05,5.90E-05,0.011219691,0.011540875,0.011635106,2.637285709
42930,0.000164819,0.000100707,2.67E-05,3.74E-05,0.004493697,0.004280712,0.003879651,2.405781746
42940,0.000184482,0.0001091,3.21E-05,4.32E-05,0.006842357,0.006866211,0.006595127,2.347053766
42950,0.000189406,0.000112048,3.30E-05,4.44E-05,0.007415122,0.007499428,0.007214994,2.377927303
42960,0.00034688,0.000210628,6.15E-05,7.47E-05,0.014063153,0.014497377,0.014273362,2.345533371
42970,0.004022152,0.002522908,0.000724196,0.000775047,0.059253909,0.061254978,0.060865607,2.331001043
42980,0.071269147,0.044485312,0.013021783,0.01376204,0.251304686,0.260282934,0.259660184,2.429507732
42990,0.02650708,0.016563302,0.004847769,0.005096013,0.14544715,0.149378315,0.149477154,2.420349598
43000,0.006080776,0.003760914,0.001140108,0.001179754,0.073592991,0.074665412,0.074616469,2.429590225
43010,0.000501763,0.000324054,9.63E-05,8.14E-05,0.013904167,0.015011774,0.01551432,2.472540379
43020,0.00036116,0.000244901,5.87E-05,5.76E-05,0.010225817,0.010379344,0.010692038,2.388888836
43030,0.000332709,0.00019605,7.32E-05,6.35E-05,0.011278246,0.0118223,0.010934367,2.388896465
43040,0.000579358,0.000124725,0.000404671,5.00E-05,0.008552624,0.011238862,0.009044403,2.438658714
43050,0.002369787,8.75E-05,0.002238614,4.37E-05,0.004417587,0.017876299,0.00400313,2.416722775
43060,0.000580385,0.000115532,0.00036758,9.73E-05,0.004457005,0.00783632,0.0048733,2.396931887
43070,0.001181418,0.000195829,0.000123154,0.000862435,0.005965545,0.006283084,0.01140609,2.471685648
43080,0.006519055,0.002292303,0.000145006,0.004081746,0.01633217,0.01469416,0.027541578,2.391269922
43090,0.007637762,0.005140051,0.000746066,0.001751646,0.05913493,0.060677104,0.062574036,2.480792522
43100,0.007064189,0.004177862,0.001387384,0.001498944,0.077227846,0.079168439,0.079319097,2.387548923
43110,0.00263348,0.001437432,0.000676571,0.000519477,0.04358463,0.045060918,0.044983253,2.479661226
43120,0.000672886,0.000413697,0.000154458,0.000104731,0.014964363,0.015475253,0.015544953,2.547313213
43130,0.000592622,0.00034519,0.000130874,0.000116558,0.018908283,0.019330189,0.019523859,2.384315968
43140,0.004836031,0.002970132,0.000979964,0.000885936,0.062384918,0.064583689,0.064618886,2.37650919
43150,0.065778665,0.040723074,0.01253362,0.012521969,0.235274553,0.243917644,0.243338734,2.401990652
43160,0.020904476,0.012144319,0.00495878,0.003801377,0.131686509,0.136222184,0.1357162,2.398708105
43170,0.008616288,0.005264954,0.001678638,0.001672697,0.083060205,0.08655601,0.086634293,2.410497427
43180,0.002753171,0.001681733,0.000519811,0.000551626,0.047657974,0.048978478,0.048097245,2.392557383
43190,0.001066339,0.000577783,0.00029153,0.000197026,0.026979983,0.028327519,0.028812602,2.367889404
43200,0.000600473,0.000362958,0.000116528,0.000120987,0.020014875,0.020639131,0.019804938,2.410640955
43210,0.000582377,0.000162219,0.000355765,6.44E-05,0.011168297,0.012669478,0.011827679,2.454236269
43220,0.003200073,0.000230961,0.002864243,0.000104869,0.015394935,0.02634348,0.015720399,2.432891607
43230,0.001377573,0.000518355,0.000158692,0.000700526,0.025047056,0.02612919,0.02732414,2.393088818
43240,0.007873643,0.000341688,3.35E-05,0.007498447,0.006369655,0.005520218,0.027533585,2.463117599
43250,0.011901056,0.010125086,8.58E-05,0.001690214,0.019669861,0.015714973,0.02135637,2.379951239
43260,0.006097844,0.00482025,0.000319779,0.000957814,0.041862503,0.040615261,0.0398327,2.342871189
43270,0.00571919,0.003545695,0.000992438,0.001181057,0.067370385,0.070148915,0.069964401,2.354074717
43280,0.024942352,0.015521499,0.004780774,0.004640077,0.143879309,0.149537966,0.148363113,2.397171497
43290,0.000397432,0.000229592,0.000108195,5.96E-05,0.007299067,0.007383721,0.006425882,2.470036745
43300,0.00368515,0.002288248,0.000677398,0.000719504,0.055894766,0.057681799,0.057599314,2.441895008
43310,0.000980967,0.000574172,0.000239435,0.00016736,0.025118291,0.026644345,0.026109561,2.439993858
43320,0.001262855,0.000732305,0.000294366,0.000236184,0.03103343,0.031979173,0.031912237,2.440141916
43330,0.000766978,0.000387883,0.000250993,0.000128103,0.020884629,0.021963987,0.021672765,2.404630423
43340,0.001993999,0.000972861,0.000712424,0.000308714,0.035589188,0.037976433,0.036976553,2.406050444
43350,0.017493999,0.01030896,0.004024105,0.003160932,0.119880944,0.124736674,0.124088049,2.386463404
43360,0.018468341,0.01127545,0.003740532,0.003452359,0.121709123,0.126033798,0.125195637,2.3817873
43370,0.008934556,0.005416814,0.001835902,0.001681839,0.086059578,0.089817949,0.089106783,2.507891417
43380,0.004073876,0.002433307,0.000870151,0.000770419,0.057256766,0.059563927,0.059589677,2.436837196
43390,0.001095656,0.000658518,0.000222294,0.000214844,0.028525822,0.029742762,0.028866012,2.507366896
43400,0.0002265,0.000147823,3.93E-05,3.94E-05,0.005282931,0.005351325,0.004854441,2.436927795
43410,0.000445175,0.000255872,9.93E-05,9.00E-05,0.016244065,0.017174225,0.016779004,2.339660645
43420,0.001151504,0.00014334,0.000963228,4.49E-05,0.007610219,0.012679338,0.007938268,2.454342604
43430,0.00523915,0.000305291,0.004879373,5.45E-05,0.008708322,0.021346072,0.007842373,2.366248131
43440,0.00348771,0.002704122,0.000536471,0.000247117,0.034903519,0.033205561,0.032617435,2.408019543
43450,0.010777435,0.005785494,0.00175546,0.003236481,0.085288115,0.087213866,0.087908149,2.4650805
43460,0.027813818,0.018240899,0.004566304,0.005006614,0.149687961,0.154545605,0.154650047,2.333893061
43470,0.003802663,0.000624114,0.000208907,0.002969643,0.026507419,0.026972882,0.033727013,2.39831996
43480,0.002350493,0.000941753,0.000203832,0.001204908,0.028220635,0.029160228,0.029746264,2.4532969
43490,0.002128218,0.001288914,0.000312873,0.000526431,0.036547102,0.038119759,0.038485005,2.395722389
43500,0.000383753,0.000183701,4.62E-05,0.000153892,0.010630381,0.01081834,0.011746957,2.538897276
43510,0.000390166,0.000211206,6.32E-05,0.000115774,0.013983417,0.014509795,0.014129102,2.530501127
43520,0.00107087,0.000661849,0.000183261,0.00022576,0.02797702,0.028983619,0.029029611,2.362182379
43530,0.009377244,0.005946938,0.001709684,0.001720623,0.090642527,0.093903333,0.09311185,2.453468323
43540,0.039312541,0.024891587,0.007270777,0.007150174,0.181235224,0.188038826,0.186510593,2.444375753
43550,0.012488686,0.007847892,0.002345179,0.002295616,0.104681551,0.108166963,0.107217446,2.376121521
43560,0.00431511,0.002681752,0.000818975,0.000814383,0.060498673,0.062829673,0.062523156,2.410079479
43570,0.000959957,0.00059826,0.00017262,0.000189076,0.026749466,0.027109921,0.026422011,2.41274786
43580,0.00016671,9.42E-05,2.93E-05,4.32E-05,0.005647843,0.005474709,0.005019663,2.408787012
43590,0.00050285,0.000305226,9.50E-05,0.000102625,0.018226678,0.018923439,0.018876074,2.450809956
43600,0.000169961,0.000105777,2.53E-05,3.89E-05,0.004286504,0.004162746,0.003844204,2.420053959
43610,0.000788391,0.000687041,4.37E-05,5.76E-05,0.00945806,0.009442258,0.009533786,2.420351267
43620,0.011973899,0.011698808,0.000126928,0.000148165,0.020266652,0.016783519,0.018176161,2.441119671
43630,0.009979338,0.006184835,0.001352934,0.002441571,0.077184215,0.076605879,0.077780649,2.383534431
43640,0.037047204,0.022042666,0.007715228,0.00728931,0.181635439,0.188737333,0.186688378,2.451462269
43650,0.007815834,0.003075044,0.002647075,0.002093713,0.060977828,0.064360663,0.063201874,2.50810051
43660,0.001481022,0.00028552,0.000985867,0.000209635,0.012573518,0.016714409,0.013714995,2.396589279
43670,0.000986085,0.000368799,0.000474061,0.000143225,0.018848266,0.021788193,0.018223368,2.426211596
43680,0.000617906,0.000322122,0.000132382,0.000163403,0.019083764,0.019822611,0.020124368,2.407632828
43690,0.000351797,0.000111978,0.000190118,4.97E-05,0.007064665,0.008613459,0.007237354,2.51592207
43700,0.000195631,8.97E-05,6.55E-05,4.04E-05,0.004366121,0.004724612,0.003883644,2.551726103
43710,0.000228444,0.000113189,6.69E-05,4.83E-05,0.007650846,0.008278774,0.007662052,2.458725691
43720,0.001159181,0.000682418,0.00026069,0.000216073,0.029852346,0.031352673,0.030404814,2.338177204
43730,0.031282935,0.018666314,0.006973041,0.005643581,0.163493916,0.171616882,0.167827785,2.382543802
43740,0.002198939,0.000192599,0.001952899,5.34E-05,0.007852115,0.015673913,0.007491179,2.338281631
43750,0.007449821,0.002970604,0.003528099,0.000951118,0.067544945,0.07463146,0.07035397,2.330177784
43760,0.002756129,0.001684637,0.000524588,0.000546904,0.047485836,0.04913006,0.048446681,2.413379669
43770,0.001966838,0.000500073,0.001303387,0.000163378,0.023497865,0.027214685,0.02365732,2.475533009
43780,0.00053935,0.000324799,0.000106347,0.000108203,0.018737637,0.019615103,0.019583926,2.35982585
43790,0.00039663,0.000200902,0.000122017,7.37E-05,0.013959706,0.014344137,0.013856149,2.361293316
43800,0.000181664,0.000106258,3.15E-05,4.39E-05,0.00702058,0.00736638,0.007400072,2.393568277
43810,0.000156302,8.48E-05,3.52E-05,3.63E-05,0.004403778,0.004588232,0.004188936,2.39105916
43820,0.0001664,9.85E-05,2.97E-05,3.82E-05,0.005670903,0.00562993,0.005232598,2.409028292
43830,0.000319602,0.000257273,2.57E-05,3.66E-05,0.005139303,0.004371973,0.003929174,2.382627249
43840,0.007513207,0.007347731,2.96E-05,0.000135918,0.013572039,0.004435008,0.005432886,2.414116859
43850,0.01058248,0.004182627,0.000366834,0.00603302,0.045297839,0.042610984,0.05175855,2.35030508
43860,0.015128207,0.007602481,0.002526885,0.004998842,0.094494,0.100304335,0.102483176,2.565692186
43870,0.028160701,0.017602446,0.005381411,0.005176843,0.143495619,0.148883432,0.147933125,2.404996872
43880,0.010749781,0.006250438,0.002137995,0.002361349,0.093106225,0.096641622,0.096220896,2.390949488
43890,0.003521894,0.002122534,0.000706652,0.000692707,0.05495584,0.056352571,0.056156587,2.431645393
43900,0.000396932,0.000205711,6.76E-05,0.000123618,0.013748251,0.014196353,0.014137502,2.471304417
43910,0.000510373,0.000308347,9.29E-05,0.000109111,0.018506529,0.019149315,0.018649977,2.554590464
43920,0.000343857,0.000201914,6.77E-05,7.42E-05,0.013899662,0.014211361,0.014237822,2.371045113
43930,0.000459088,0.000231847,0.000140617,8.66E-05,0.015070416,0.015929136,0.015726827,2.42882514
43940,0.002002132,0.000290016,0.001607356,0.000104761,0.017501149,0.022621648,0.018853988,2.375384808
43950,0.002203109,0.001064381,0.000804009,0.000334719,0.037888221,0.040648706,0.038738433,2.382199049
43960,0.03183502,0.019540798,0.006161651,0.006132567,0.164919257,0.171003893,0.170398787,2.401318073
43970,0.000429897,0.000240652,0.000121141,6.81E-05,0.007631195,0.008031142,0.006953185,2.330350161
43980,0.000723738,0.000418849,0.000177546,0.000127342,0.018385043,0.018197222,0.017551068,2.368030071
43990,0.000864205,0.000512284,0.000186492,0.000165429,0.024895743,0.025848888,0.025519576,2.343803644
44000,0.000409903,0.000261548,6.91E-05,7.92E-05,0.01517898,0.015501495,0.015676683,2.450054884
44010,0.000192275,0.00012274,3.26E-05,3.69E-05,0.005449706,0.005077219,0.004465903,2.419892788
44020,0.000200503,0.000117335,3.55E-05,4.77E-05,0.008132644,0.008149089,0.007926509,2.59399271
44030,0.000254545,0.00015469,4.45E-05,5.54E-05,0.010594511,0.010999852,0.010888835,2.465582609
44040,0.000198812,8.39E-05,7.65E-05,3.84E-05,0.004172904,0.00466774,0.003736547,2.474220753
44050,0.003514779,0.000100965,0.003292119,0.000121695,0.004627307,0.016995784,0.004826542,2.394907236
44060,0.006064151,0.000579567,0.00070976,0.004774823,0.006244776,0.009703878,0.012224497,2.669680595
44070,0.014194382,0.009123413,0.001533697,0.003537271,0.026261561,0.021644369,0.025769047,2.393587828
44080,0.004577292,0.003199898,0.000241059,0.001136335,0.021844044,0.017913716,0.018096082,2.332390547
44090,0.002485535,0.001545323,0.000376416,0.000563795,0.036880497,0.038903076,0.038707633,2.435426474
44100,0.05978328,0.037654139,0.010723395,0.011405747,0.233260393,0.241306394,0.240608037,2.516935349
44110,0.024734152,0.015593925,0.004427628,0.0047126,0.132556781,0.13792184,0.137247473,2.430184364
44120,0.011417008,0.007063211,0.002131792,0.002222005,0.099199697,0.100960806,0.100235961,2.406685352
44130,0.000498212,0.000304956,9.54E-05,9.79E-05,0.016824812,0.018676244,0.019084204,2.397055149
44140,0.000720889,0.000445771,0.000124598,0.00015052,0.021439282,0.022841057,0.023326125,2.342891455
44150,0.000696483,0.00042023,0.000129326,0.000146926,0.022149414,0.023016624,0.023140412,2.41222477
44160,0.00038334,0.000228604,7.23E-05,8.24E-05,0.014996033,0.015451705,0.015127257,2.409651756
44170,0.000234985,0.000137721,4.39E-05,5.33E-05,0.009850607,0.010150671,0.010011056,2.355826139
44180,0.000177163,0.000102296,3.20E-05,4.29E-05,0.007075191,0.007282167,0.007385622,2.377516031
44190,0.00014831,8.55E-05,2.62E-05,3.67E-05,0.004792814,0.004786131,0.004363103,2.390298128
44200,0.000142589,8.16E-05,2.47E-05,3.63E-05,0.00423124,0.004169001,0.00376593,2.415824652
44210,0.000178061,8.11E-05,2.47E-05,7.22E-05,0.004298185,0.004283026,0.004547077,2.40080595
44220,0.002386658,8.64E-05,2.60E-05,0.002274242,0.004888195,0.004959237,0.014818993,2.322676659
44230,0.001269667,0.00086932,0.000184684,0.000215663,0.029725023,0.02954191,0.028735235,2.370799303
44240,0.011986679,0.007228738,0.001319516,0.003438426,0.085347988,0.08457166,0.086047396,2.992017269
44250,0.021232823,0.014075932,0.003740303,0.003416588,0.123540282,0.128632963,0.127925232,2.564498425
44260,0.002188406,0.001455196,0.000489961,0.000243249,0.018908001,0.017614877,0.016345829,2.359101772
44270,0.00509273,0.003251183,0.00094548,0.000896067,0.065047115,0.066647172,0.065199949,2.378239155
44280,0.000209698,0.00012482,3.34E-05,5.15E-05,0.008049946,0.007829616,0.00738684,2.405303717
44290,0.001262956,0.000751436,0.000256442,0.000255078,0.032198399,0.033176586,0.032496948,2.402664661
44300,0.002258319,0.001408093,0.000445403,0.000404822,0.041667446,0.04377434,0.042870969,2.438649893
44310,0.009172797,0.005477229,0.002014844,0.001680723,0.089793473,0.093913004,0.091813549,2.47571373
44320,0.019051474,0.011597936,0.003953334,0.003500204,0.126456201,0.132270604,0.130379692,2.381362677
44330,0.003299467,0.000854366,0.002181581,0.00026352,0.032095924,0.038176198,0.032817341,2.477876663
44340,0.000883692,0.000372808,0.00038393,0.000126954,0.02018553,0.022619035,0.021377927,2.33075881
44350,0.000434904,9.19E-05,0.000303766,3.93E-05,0.005580496,0.007041822,0.005499347,2.33144474
44360,0.000330884,0.000103107,0.000185277,4.25E-05,0.006907388,0.007786401,0.006751876,2.352002621
44370,0.000982062,0.000564428,0.000234796,0.000182839,0.026029121,0.027133988,0.026753198,2.345266104
44380,0.019530149,0.011581573,0.00442422,0.003524354,0.124513671,0.130096883,0.128642827,2.337957621
44390,0.011618668,0.007184111,0.002221961,0.002212597,0.094954431,0.100283265,0.099488318,2.328369617
44400,0.001363328,0.000390479,0.000835711,0.000137138,0.017402582,0.020083772,0.01769146,2.366832018
44410,0.001217434,0.000224501,0.000913526,7.94E-05,0.012608169,0.013326253,0.012337034,2.341367722
44420,0.000519269,0.000199367,0.000242053,7.78E-05,0.013253363,0.014247261,0.012986302,2.397953033
44430,0.000215176,9.44E-05,7.59E-05,4.49E-05,0.00621751,0.007216702,0.007223657,2.347017765
44440,0.000207671,9.34E-05,7.51E-05,3.92E-05,0.005473217,0.006118775,0.005587827,2.427516222
44450,0.000576436,0.000478025,4.95E-05,4.89E-05,0.006546109,0.006796562,0.00667702,2.364340782
44460,0.014988339,0.014587603,9.79E-05,0.000302817,0.03825647,0.025994807,0.025500709,2.386766672
44470,0.007796696,0.002364562,7.90E-05,0.005353167,0.011184877,0.005456233,0.022229802,2.392603159
44480,0.00289102,0.001566602,3.33E-05,0.001291152,0.013247538,0.009267308,0.013740465,2.387708664
44490,0.00025614,0.00011124,3.37E-05,0.000111178,0.006629876,0.006676902,0.006814244,2.454370737
44500,0.000788316,0.000419317,7.94E-05,0.00028959,0.011079418,0.011991423,0.013227213,2.456515312
44510,0.004603641,0.002655777,0.001080883,0.000866981,0.063267693,0.066220157,0.064642765,2.526539803
44520,0.065423749,0.039503094,0.01315607,0.012764589,0.243410528,0.25256741,0.249624312,2.361125469
44530,0.021762993,0.012761578,0.004981434,0.004019984,0.126396775,0.132306114,0.130618334,2.333045006
44540,0.004777344,0.002790931,0.001140856,0.000845557,0.05594898,0.058064617,0.057374954,2.342189074
44550,0.002133932,0.00039025,0.001613093,0.000130589,0.020241298,0.024606159,0.020326216,2.406093121
44560,0.000690276,0.000197075,0.000418876,7.43E-05,0.013191843,0.016556287,0.014609151,2.40816617
44570,0.000489308,0.00018022,0.000240114,6.90E-05,0.013305854,0.014573462,0.013732294,2.395318747
44580,0.000226693,0.000117614,6.14E-05,4.76E-05,0.008559602,0.008812234,0.008589901,2.413713694
44590,0.000156542,7.97E-05,2.82E-05,4.87E-05,0.004111387,0.004211177,0.003867396,2.431271315
44600,0.000977428,8.84E-05,3.65E-05,0.000852449,0.005262024,0.00569924,0.009538397,2.418652296
44610,0.006246745,8.45E-05,2.78E-05,0.006134424,0.004526407,0.004282765,0.021355715,2.451467037
44620,0.000608494,0.000103078,4.12E-05,0.000464177,0.006931209,0.00699514,0.008498879,2.412762403
44630,0.000959615,0.000345144,0.000120998,0.000493473,0.019036751,0.020068407,0.021314586,2.383993387
44640,0.010029355,0.00576174,0.002368517,0.001899099,0.088636212,0.093288794,0.091308661,2.513686419
44650,0.046066325,0.028683422,0.00905392,0.008328984,0.192680746,0.200749189,0.199475348,2.367165327
44660,0.010914312,0.006727303,0.002189572,0.001997436,0.092773169,0.096043788,0.094484687,2.409856319
44670,0.001291077,0.000672559,0.000371106,0.000247412,0.029486477,0.032316536,0.030694183,2.408498049
44680,0.000187749,8.98E-05,4.27E-05,5.53E-05,0.005559321,0.005365338,0.005242125,2.390518188
44690,0.000202052,0.000106055,5.36E-05,4.24E-05,0.004765778,0.004808109,0.004775277,2.390149593
44700,0.000301085,0.000215603,4.28E-05,4.27E-05,0.0058462,0.005617633,0.005681598,2.343646526
44710,0.002358477,0.0022773,3.60E-05,4.51E-05,0.007501184,0.00458449,0.004479793,2.330367327
44720,0.001789271,0.001687036,4.41E-05,5.81E-05,0.018416284,0.014588771,0.014289878,2.440676689
44730,0.000350078,0.000289275,2.49E-05,3.59E-05,0.006665507,0.005192233,0.004870416,2.442865849
44740,0.000156944,8.85E-05,2.85E-05,3.99E-05,0.005110199,0.00501859,0.004652751,2.449046612
44750,0.000154587,8.81E-05,2.83E-05,3.83E-05,0.004970561,0.004798437,0.004488162,2.377345324
44760,0.000197095,0.000103262,4.27E-05,5.11E-05,0.007291505,0.007472173,0.007106616,2.437875748
44770,0.001303368,0.000560901,0.000372946,0.000369521,0.028080419,0.029926438,0.028959515,2.365405321
44780,0.034976259,0.017776746,0.008537924,0.008661594,0.163106918,0.17135331,0.167802125,2.352107286
44790,0.013576135,0.001056031,0.007699914,0.00482019,0.02334623,0.03645594,0.03690901,2.411756754
44800,0.004557744,0.00069477,0.002457196,0.001405778,0.030127367,0.033867538,0.03116221,2.44392395
44810,0.002949696,0.000741023,0.001354738,0.000853935,0.028325681,0.035443686,0.032919496,2.455518246
44820,0.001426035,0.00050572,0.000553248,0.000367067,0.025331784,0.026538003,0.025938369,2.411915541
44830,0.000605928,0.000250731,0.00021447,0.000140727,0.017692976,0.01878212,0.018776961,2.530091524
44840,0.000258587,0.000129654,6.02E-05,6.87E-05,0.007833417,0.008157265,0.007907395,2.420181751
44850,0.000205717,0.000141576,2.76E-05,3.65E-05,0.004370959,0.004209768,0.003712746,2.330244541
44860,0.001217051,0.001127309,3.91E-05,5.06E-05,0.007120311,0.007061384,0.007196444,2.395343781
44870,0.007666566,0.007468394,8.65E-05,0.000111676,0.012436992,0.007334833,0.007752661,2.430567026
44880,0.002341655,0.001922174,0.000200871,0.000218611,0.040100604,0.037560061,0.037422247,2.385192156
44890,0.000902789,0.000576696,0.000157871,0.000168222,0.023764538,0.02478135,0.024777997,2.36234808
44900,0.003233227,0.002047687,0.0005732,0.00061234,0.050943345,0.053062797,0.05292616,2.35649848
44910,0.026886404,0.016533483,0.005099049,0.005253873,0.156126291,0.161577806,0.160715178,2.395153284
44920,0.000967435,0.000700869,0.00013086,0.000135706,0.015258929,0.016340131,0.016441245,2.39790082
44930,0.003048518,0.0019806,0.000535377,0.000532541,0.044401586,0.046975233,0.046509206,2.451213837
44940,0.002791601,0.001763533,0.000512371,0.000515697,0.044904985,0.047178015,0.04729645,2.367494583
44950,0.000562753,0.000357894,9.85E-05,0.000106374,0.016946485,0.017936381,0.01759469,2.490322828
44960,0.000463083,0.000278425,8.62E-05,9.85E-05,0.01765617,0.018177887,0.018000972,2.403831959
44970,0.000145933,8.34E-05,2.59E-05,3.66E-05,0.005140744,0.005237357,0.005227497,2.421073198
44980,0.000333473,0.000193196,5.93E-05,8.10E-05,0.013690377,0.014147531,0.014330028,2.43790555
44990,0.002303855,0.001200655,0.000365245,0.000737955,0.038832575,0.040580489,0.041556269,2.466820478
45000,0.036388461,0.018844284,0.005739543,0.011804629,0.155395374,0.162006855,0.163979053,2.370923519
45010,0.004864039,0.001018418,0.000345906,0.003499715,0.030271348,0.030527193,0.034839883,2.389613867
45020,0.003983113,0.001357216,0.00040127,0.002224626,0.041423857,0.043202952,0.045177758,2.504207373
45030,0.002166953,0.001068723,0.000315054,0.000783176,0.03681507,0.038200382,0.039536491,2.422757149
45040,0.001302687,0.000808065,0.000262231,0.00023239,0.028964195,0.030408071,0.030022712,2.412546396
45050,0.000495648,0.000261868,0.000130259,0.000103521,0.017539101,0.018425968,0.01808049,2.373789787
45060,0.00316357,0.001175293,0.001852874,0.000135402,0.025681157,0.030373115,0.023519751,2.39733839
45070,0.011557972,0.010088284,0.000977286,0.000492401,0.071280509,0.063914917,0.062560171,2.510808945
45080,0.002159293,0.001319079,0.000433198,0.000407016,0.041006871,0.042430334,0.042030878,2.388957977
45090,0.002278548,0.001709582,0.000383049,0.000185917,0.018036131,0.020213453,0.019759195,2.464660168
45100,0.001545858,0.000852759,0.000420843,0.000272256,0.036334049,0.037910838,0.037133496,2.411112547
45110,0.009705095,0.006006837,0.001841609,0.001856648,0.097764492,0.100140855,0.099407949,2.399227142
45120,0.029999036,0.018602939,0.005615634,0.005780465,0.157639325,0.163669139,0.161964655,2.402801991
45130,0.008874997,0.005486856,0.001665013,0.001723128,0.087851852,0.090797454,0.089797691,2.587850571
45140,0.001494943,0.000915437,0.000279376,0.000300129,0.035083525,0.035947811,0.036036499,2.560221434
45150,0.000245548,0.000144642,4.50E-05,5.59E-05,0.01029682,0.010724609,0.010870035,2.513017416
45160,0.000892258,0.000542368,0.000169505,0.000180385,0.025476953,0.026385091,0.026145428,2.528988361
45170,0.00014058,7.94E-05,2.52E-05,3.59E-05,0.004572619,0.004510766,0.004315538,2.438340902
45180,0.000280574,0.000164264,4.97E-05,6.66E-05,0.011922443,0.012329395,0.012470899,2.390092134
45190,0.000962402,0.000553902,0.000168252,0.000240248,0.026025847,0.026904386,0.02736624,2.455912828
45200,0.011245171,0.006252383,0.001918083,0.003074702,0.092205524,0.09521623,0.096936107,2.360477448
45210,0.037438523,0.021996418,0.006992826,0.008449273,0.164930418,0.17296356,0.172278956,2.328322411
45220,0.013129249,0.007267235,0.00225296,0.003609053,0.100478783,0.102671042,0.102366701,2.374194622
45230,0.004483735,0.002411587,0.000724853,0.001347295,0.0580834,0.058777712,0.061622668,2.425904751
45240,0.001145692,0.00059878,0.000213034,0.000333879,0.027911747,0.028584143,0.029032677,2.415389538
45250,0.00038118,9.81E-05,0.000194311,8.88E-05,0.004272895,0.005714317,0.004422788,2.354021549
45260,0.003042322,0.000311415,0.002596932,0.000133975,0.017405655,0.026373258,0.018186096,2.397467136
45270,0.000579788,0.000441156,8.80E-05,5.06E-05,0.007654295,0.00631965,0.005682182,2.451795578
45280,0.006420625,0.006221322,0.000136172,6.31E-05,0.025335964,0.016749995,0.016057113,2.508391619
45290,0.001923297,0.001699938,0.000149911,7.34E-05,0.024392931,0.020866359,0.020734515,2.407470703
45300,0.002072608,0.001636837,0.000230599,0.000205172,0.018997999,0.021146134,0.020787807,2.411586523
45310,0.01672139,0.010269746,0.003144511,0.003307132,0.128158763,0.130859792,0.130252719,2.41868186
45320,0.018999061,0.01183257,0.003548972,0.003617518,0.113038987,0.11878027,0.117896631,2.517839432
45330,0.005710294,0.003437052,0.001118037,0.001155205,0.068694592,0.072284251,0.071646333,2.362877846
45340,0.001899671,0.001132124,0.000372231,0.000395316,0.039531469,0.040855363,0.040721416,2.454375029
45350,0.001068739,0.000654902,0.000198631,0.000215206,0.029409559,0.029563298,0.029149473,2.400554895
45360,0.000750314,0.000441851,0.000145703,0.00016276,0.023775352,0.024580162,0.024291508,2.373886108
45370,0.000429674,0.000221626,7.41E-05,0.00013398,0.015003634,0.015513347,0.015782975,2.394236565
45380,0.002303667,8.48E-05,2.94E-05,0.002189437,0.005089554,0.005196661,0.014383662,2.542699575
45390,0.000409034,0.000122371,5.60E-05,0.000230644,0.00546023,0.006036865,0.007079655,2.361597538
45400,0.000682568,9.31E-05,0.000102314,0.000487191,0.005499569,0.006275054,0.008738412,2.410306215
45410,0.000961721,0.000100335,0.000346183,0.000515203,0.007422082,0.009366349,0.010235805,2.380588055
45420,0.00097804,0.000282431,0.000537874,0.000157735,0.01785776,0.020046882,0.018600538,2.407503128
45430,0.018870283,0.00691186,0.009999336,0.00195909,0.099488765,0.104988351,0.099469349,2.391659737
45440,0.03997127,0.02181961,0.011618719,0.006532933,0.177037776,0.181504071,0.176391482,2.515270948
45450,0.005968164,0.00291775,0.002136496,0.000913918,0.064445883,0.062613592,0.06347499,2.351609468
45460,0.00116137,0.001037649,6.60E-05,5.78E-05,0.015237339,0.013303312,0.011270091,2.42106986
45470,0.002340792,0.001832115,0.000435952,7.27E-05,0.027090173,0.024251826,0.020206427,2.437034607
45480,0.000434241,0.000321829,7.00E-05,4.24E-05,0.010880096,0.010921589,0.0090238,2.407378435
45490,0.000170968,9.20E-05,4.15E-05,3.75E-05,0.005775032,0.005501813,0.005797987,2.487370968
45500,0.0002115,0.000137474,3.90E-05,3.51E-05,0.004964501,0.00493942,0.004517312,2.431527615
45510,0.000179472,0.00010576,3.15E-05,4.22E-05,0.008217333,0.008585962,0.008622596,2.434750319
45520,0.000235591,0.000163972,3.07E-05,4.09E-05,0.005652617,0.00625378,0.006105866,2.388298988
45530,0.002197427,0.001583511,0.00028253,0.000331386,0.03140258,0.033948146,0.033175852,2.732045412
45540,0.049209975,0.033891559,0.007020061,0.008298351,0.167244568,0.176479399,0.17582944,2.384897947
45550,0.008430837,0.005487302,0.001365278,0.001578257,0.084098421,0.087989792,0.087504655,2.392015934
45560,0.005750237,0.003624264,0.000976847,0.001149126,0.071136765,0.071155153,0.072716966,2.440727711
45570,0.002609055,0.001550756,0.000471629,0.000586671,0.046001188,0.048691787,0.048512015,2.434662342
45580,0.001256592,0.000642952,0.00016144,0.0004522,0.025250845,0.026265264,0.028075723,2.398947716
45590,0.003628156,0.000226967,5.54E-05,0.003345832,0.010110728,0.011474168,0.020600881,2.370111227
45600,0.000999566,8.47E-05,2.34E-05,0.000891461,0.004405392,0.004158288,0.007743009,2.363375902
45610,0.00076666,0.000107613,3.19E-05,0.000627136,0.008724554,0.008657879,0.011527997,2.334221363
45620,0.000168877,7.57E-05,2.30E-05,7.03E-05,0.0039827,0.003915548,0.004042012,2.378305197
45630,0.000194123,8.51E-05,2.54E-05,8.36E-05,0.005231162,0.005274816,0.005563317,2.331005335
45640,0.000309425,0.000134881,4.05E-05,0.000134062,0.010120691,0.010315167,0.010666654,2.353500605
45650,0.001957152,0.000953673,0.000270886,0.000732593,0.034417354,0.035452042,0.036367979,2.334488153
45660,0.034349725,0.020601425,0.005973377,0.007774919,0.16195254,0.169964015,0.168383509,2.351721764
45670,0.004245579,0.000181741,0.000110201,0.003953637,0.008020928,0.007742552,0.018700548,2.341983557
45680,0.001717679,0.00059417,0.000155346,0.000968163,0.023783889,0.024672356,0.026831601,2.383494377
45690,0.001145778,0.000555899,0.000145855,0.000444024,0.022377726,0.02415739,0.025504101,2.405669928
45700,0.000501133,0.000230324,5.87E-05,0.000212111,0.012189308,0.013183296,0.013797587,2.334268093
45710,0.000199992,8.10E-05,2.67E-05,9.23E-05,0.005419098,0.005103571,0.005869609,2.382990122
45720,0.000245615,0.000105058,6.64E-05,7.41E-05,0.007165334,0.007996324,0.007684942,2.440333128
45730,0.001387639,0.000132794,0.00119901,5.58E-05,0.010831169,0.016951736,0.010571297,2.352749109
45740,0.002170953,0.000220591,0.001914864,3.55E-05,0.006666982,0.015472701,0.005327236,2.348215103
45750,0.005197054,0.005073466,6.84E-05,5.52E-05,0.024567273,0.016456695,0.015625358,2.430619001
45760,0.006409419,0.003973654,0.001410597,0.001025168,0.066606879,0.070268609,0.069442064,2.450072765
45770,0.01426871,0.009402649,0.002379109,0.002486952,0.130475953,0.128751993,0.128258824,2.441520452
45780,0.000953812,0.000640619,0.000148794,0.0001644,0.025045259,0.026601981,0.026649389,2.425526857
45790,0.002323244,0.001461942,0.000410163,0.000451139,0.04578124,0.046284825,0.046406597,2.432672262
45800,0.003751073,0.002341263,0.000684,0.000725809,0.051919155,0.054572232,0.054252811,2.468263626
45810,0.004716825,0.002899461,0.00087427,0.000943093,0.065095119,0.066936404,0.066495381,2.496665716
45820,0.006970877,0.004191007,0.00129364,0.001486229,0.075846106,0.078552991,0.077931195,2.373681068
45830,0.007031004,0.003732827,0.001141631,0.002156545,0.071302466,0.073824011,0.074038707,2.38681221
45840,0.001553869,0.00057397,0.000178066,0.000801833,0.027254647,0.028042218,0.029256985,2.438395977
45850,0.000408577,9.52E-05,2.96E-05,0.000283727,0.006626942,0.006863518,0.008074254,2.513869286
45860,0.000699314,0.000293274,8.86E-05,0.000317487,0.018511552,0.018778857,0.01970499,2.453076363
45870,0.0083694,0.004993238,0.001534338,0.001841823,0.083150044,0.085956395,0.086473696,2.404299736
45880,0.058095362,0.034450904,0.010723098,0.012921362,0.209216356,0.218729794,0.217742413,2.517912149
45890,0.01137366,0.006888032,0.00217561,0.002310017,0.092163168,0.093657702,0.092053711,2.383769035
45900,0.000495828,0.000123143,3.35E-05,0.000339184,0.007680194,0.008306357,0.00913695,2.404546976
45910,0.001428484,0.000435544,0.00013595,0.00085699,0.023780631,0.022678558,0.02337274,2.380625486
45920,0.001029208,0.000335487,0.000101286,0.000592435,0.020161338,0.020540021,0.022243274,2.41498518
45930,0.000425613,0.000137344,4.11E-05,0.000247195,0.010535763,0.010912307,0.011766918,2.372632265
45940,0.000224694,8.69E-05,3.00E-05,0.000107813,0.005595426,0.005697711,0.006376589,2.341168165
45950,0.000284534,0.000114148,0.000104031,6.64E-05,0.005462883,0.005997771,0.004889561,2.339299917
45960,0.004401081,0.001353977,0.002999824,4.73E-05,0.006909869,0.017704656,0.003921147,2.362041473
45970,0.006416216,0.005948556,0.00030619,0.00016147,0.018325748,0.009843476,0.008866024,2.342792273
45980,0.002289326,0.000493701,0.000996663,0.000798962,0.030649858,0.033889953,0.035215728,2.393422365
45990,0.007026105,0.002717945,0.000910443,0.003397717,0.071763642,0.072189905,0.074862793,2.451842546
46000,0.007043283,0.004396201,0.001243144,0.001403938,0.075699456,0.077955246,0.078072302,2.344651222
46010,0.003677526,0.001542019,0.000486738,0.001648769,0.045226566,0.0471805,0.049555629,2.405326366
46020,0.001126787,0.000539959,0.00016429,0.000422537,0.028196242,0.028802704,0.028983321,2.486541748
46030,0.000892395,0.000466912,0.00013533,0.000290153,0.021056982,0.0221828,0.022477064,2.556809425
46040,0.006069428,0.003708756,0.001149444,0.001211227,0.07320454,0.076022334,0.075288802,2.420259476
46050,0.044342864,0.027192146,0.00824384,0.008906878,0.188130796,0.194572479,0.193313479,2.381801605
46060,0.010730309,0.006562609,0.001995289,0.002172412,0.093203738,0.096078694,0.09557578,2.356454372
46070,0.003302149,0.001919702,0.000623076,0.00075937,0.051100723,0.053631939,0.054196797,2.453580379
46080,0.000630944,0.000327072,0.000105084,0.000198788,0.018959671,0.019250382,0.019080415,2.434283495
46090,0.000240009,0.000116618,3.75E-05,8.59E-05,0.005765749,0.00611163,0.00610064,2.357595444
46100,0.000435879,0.00025618,7.85E-05,0.000101193,0.015418096,0.016173905,0.016086938,2.447122335
46110,0.000197241,8.28E-05,2.66E-05,8.79E-05,0.005296627,0.005283196,0.005491734,2.397836924
46120,0.000232141,0.000109651,3.36E-05,8.88E-05,0.008247007,0.008343551,0.008397242,2.404727221
46130,0.000298397,0.000147975,4.41E-05,0.000106333,0.010186028,0.010419905,0.010520928,2.50245595
46140,0.001569115,0.00081492,0.000231321,0.000522873,0.027556796,0.02886939,0.029169835,2.455872297
46150,0.027045734,0.016504172,0.004778762,0.005762801,0.125898063,0.133608773,0.132646918,2.376746655
46160,0.017948585,0.008919301,0.001260495,0.007768788,0.077516519,0.076513216,0.080761574,2.428944826
46170,0.007622906,0.005454191,0.000355103,0.001813613,0.056523934,0.048439208,0.053321712,2.395636797
46180,0.001871952,0.000565612,0.000209191,0.001097148,0.019646645,0.021825776,0.024215311,2.506296396
46190,0.000980878,0.000561963,0.000162119,0.000256796,0.008895804,0.01014424,0.011772649,2.365327835
46200,0.000663057,0.000238593,0.000160391,0.000264073,0.015911646,0.015016456,0.017157761,2.446472406
46210,0.000264973,0.000139817,7.00E-05,5.51E-05,0.006902703,0.00646552,0.007095819,2.528040648
46220,0.000165575,7.86E-05,3.30E-05,5.40E-05,0.00405597,0.004037798,0.004007435,2.367608309
46230,0.000401299,8.39E-05,0.00027934,3.81E-05,0.004493637,0.006620494,0.004337966,2.361500263
46240,0.006555859,0.000457675,0.005959071,0.000139112,0.026640657,0.040857565,0.025929404,2.388524771
46250,0.026730774,0.016914403,0.004554891,0.005261483,0.160527468,0.159447044,0.159732282,2.459529638
46260,0.002874014,0.001079498,0.001347171,0.000447344,0.031954743,0.061404053,0.046618648,2.479670763
46270,0.004570327,0.003163871,0.000918381,0.000488075,0.058890678,0.064174116,0.047589272,2.464267015
46280,0.004628318,0.003052962,0.000934814,0.000640542,0.07197395,0.076550744,0.063313752,2.367664814
46290,0.001119982,0.000777726,0.000202062,0.000140194,0.022328869,0.023493819,0.018359207,2.460955381
46300,0.00117939,0.00067202,0.000202776,0.000304594,0.022322111,0.024696786,0.027016878,2.393393278
46310,0.000723662,0.000401188,0.000135119,0.000187356,0.022704016,0.024943966,0.025627311,2.484485149
46320,0.001022207,0.000621876,0.00019194,0.000208391,0.025137892,0.026964147,0.025536835,2.375828266
46330,0.000325349,0.000199703,5.14E-05,7.43E-05,0.010131226,0.010616427,0.010656931,2.554757833
46340,0.000232542,0.000156314,3.27E-05,4.35E-05,0.006266008,0.006776953,0.006797817,2.47838521
46350,0.001029681,0.000802621,0.00010608,0.00012098,0.017199982,0.018047234,0.018107681,2.465661287
46360,0.017790254,0.012593725,0.002475837,0.002720691,0.091203503,0.098563373,0.097250044,2.422049999
46370,0.038949728,0.026675869,0.005920161,0.006353695,0.188040569,0.164190888,0.161775962,2.384219885
46380,0.019503716,0.013994175,0.002879143,0.002630397,0.17230925,0.150699914,0.14051947,2.47069931
46390,0.002730954,0.001449021,0.000299572,0.000982361,0.043976396,0.035053447,0.03101573,2.436741829
46400,0.003429891,0.000603479,0.001769602,0.001056811,0.034201656,0.043229688,0.044677902,2.396039724
46410,0.008333188,0.003172843,0.001903982,0.003256364,0.04542717,0.053452007,0.052640572,2.402246475
46420,0.029424721,0.016184244,0.00629927,0.006941203,0.206367448,0.213823706,0.22346431,2.459364414
46430,0.026262473,0.01157175,0.007369705,0.007321021,0.140238792,0.147906974,0.15022701,2.389403582
46440,0.013502422,0.00625905,0.002238787,0.005004585,0.099664256,0.097310536,0.117790833,2.477912903
46450,0.007883156,0.004421593,0.001308268,0.002153295,0.060410537,0.076618232,0.068541795,2.380142689
46460,0.002820837,0.000939119,0.00142299,0.000458729,0.03222961,0.036760498,0.036899708,2.46538353
46470,0.000906562,0.000321675,0.000475709,0.000109178,0.004922859,0.007857824,0.006137711,2.548659563
46480,0.000300186,9.74E-05,0.000114368,8.84E-05,0.005342263,0.009434822,0.005867185,2.40363121
46490,0.000308724,0.000141807,8.69E-05,8.00E-05,0.009642012,0.009922341,0.009944767,2.438461065
46500,0.000164121,7.73E-05,4.01E-05,4.67E-05,0.004063663,0.004971807,0.004137088,2.404740334
46510,0.000139999,7.33E-05,2.86E-05,3.81E-05,0.00396537,0.003942389,0.003954838,2.396944284
46520,0.000131891,7.26E-05,2.44E-05,3.49E-05,0.004028173,0.004176612,0.003896326,2.430538893
46530,0.000128012,7.18E-05,2.28E-05,3.35E-05,0.003951801,0.003978696,0.003913205,2.417796135
46540,0.000125536,7.09E-05,2.20E-05,3.26E-05,0.003828257,0.003828614,0.003649507,2.455788851
46550,0.000125054,7.07E-05,2.19E-05,3.24E-05,0.003820488,0.003819133,0.003605532,2.385641813
46560,0.000124431,7.04E-05,2.19E-05,3.22E-05,0.003805168,0.003814884,0.003632432,2.43259263
46570,0.000123819,7.01E-05,2.16E-05,3.21E-05,0.003795204,0.003803776,0.003599991,2.434435368
46580,0.000123364,6.99E-05,2.16E-05,3.19E-05,0.003783362,0.003798405,0.003600724,2.528788328
46590,0.000123365,7.00E-05,2.16E-05,3.18E-05,0.003780119,0.003794874,0.003579391,2.417564392
46600,0.000151476,8.70E-05,3.05E-05,3.41E-05,0.005015666,0.005327132,0.00465856,2.433251143
46610,0.004242597,0.0024112,0.001421465,0.000409931,0.041603614,0.047589995,0.039245885,2.402242422
46620,0.023896283,0.0168819,0.003336433,0.003677952,0.115621209,0.122742452,0.126887247,2.439073086
46630,0.007401637,0.004383166,0.002590245,0.000428226,0.034306027,0.033702254,0.02968695,2.367675066
46640,0.006666318,0.003702506,0.001927939,0.001035872,0.048209183,0.052341022,0.049700882,2.386190653
46650,0.00258341,0.001395283,0.000713843,0.000474284,0.053396299,0.052480467,0.055138029,2.431010962
46660,0.000419837,0.00026348,0.000119157,3.72E-05,0.009673368,0.008974059,0.008356098,2.471143246
46670,0.000636593,0.000405437,0.000111054,0.000120102,0.018152144,0.01900512,0.019274076,2.415377378
46680,0.000130159,7.55E-05,2.24E-05,3.22E-05,0.004360713,0.004339821,0.004515954,2.395478964
46690,0.00022264,0.000136868,3.71E-05,4.86E-05,0.007731931,0.008010541,0.007870182,2.46291995
46700,0.000523075,0.000324569,9.06E-05,0.000107926,0.017494129,0.017950872,0.017747501,2.516107798
46710,0.004945051,0.003121014,0.00085261,0.000971426,0.061858341,0.063380495,0.063261203,2.395914078
46720,0.039000679,0.024458822,0.006943408,0.007598446,0.173462719,0.178786218,0.176492751,2.444518566
46730,0.008446486,0.005238191,0.001521103,0.001687192,0.077753082,0.080410697,0.080470808,2.341631651
46740,0.002001484,0.001229767,0.000362142,0.000409576,0.038287934,0.039612964,0.03893403,2.390456676
46750,0.000217033,0.000127294,3.81E-05,5.17E-05,0.009424208,0.009688598,0.009973723,2.390299082
46760,0.000344089,0.00020581,6.17E-05,7.66E-05,0.013895025,0.014394767,0.014460281,2.38451314
46770,0.000505301,0.000305306,9.10E-05,0.000108999,0.017721452,0.01821151,0.018099669,2.417928219
46780,0.000124904,7.12E-05,2.20E-05,3.17E-05,0.004005722,0.003985052,0.003733254,2.381645918
46790,0.000216601,0.000127236,3.83E-05,5.10E-05,0.009377959,0.009709189,0.009919737,2.458803892
46800,0.00075214,0.0003414,9.97E-05,0.00031099,0.018626569,0.019242642,0.020614609,2.474481583
46810,0.01611254,0.003639554,0.001042083,0.011430902,0.064489618,0.066560693,0.078047171,2.389312983
46820,0.041005362,0.024521474,0.007095132,0.009388757,0.172944829,0.177636698,0.18164131,2.400417328
46830,0.007693195,0.003844973,0.001215471,0.00263275,0.071898602,0.074569255,0.074403055,2.456578732
46840,0.001543261,0.000456798,0.000138733,0.000947731,0.024143282,0.024597965,0.026423829,2.468835115
46850,0.001046087,0.000458099,0.000176332,0.000411657,0.020316746,0.021355608,0.022842597,2.54261899
46860,0.001027819,0.000660826,0.000170882,0.000196111,0.026596379,0.026392512,0.026208509,2.36083436
46870,0.000422413,0.000257011,8.14E-05,8.40E-05,0.014925262,0.01568987,0.015380928,2.607946873
46880,0.000322152,0.000222953,4.52E-05,5.40E-05,0.008477848,0.009118876,0.009120557,2.532774687
46890,0.002098412,0.002031902,2.52E-05,4.13E-05,0.00993998,0.005264183,0.0051541,2.442756653
46900,0.002379807,0.002106956,0.000157294,0.000115557,0.010433432,0.011019741,0.010298463,2.397915125
46910,0.006289341,0.003724244,0.001437574,0.001127523,0.074752636,0.076819971,0.075431794,2.539193392
46920,0.029835567,0.018034996,0.006145191,0.005655377,0.157536879,0.163412198,0.161328509,2.495573521
46930,0.003711678,0.001659701,0.001559297,0.00049268,0.044746544,0.04678883,0.045037337,2.390478373
46940,0.000614297,0.000442385,0.000111598,6.03E-05,0.007473616,0.009084713,0.007678684,2.480165005
46950,0.00149006,0.000917386,0.000334845,0.00023783,0.029366076,0.031153165,0.030716259,2.493349075
46960,0.000728719,0.000144428,0.000538732,4.56E-05,0.005337142,0.008506285,0.005425796,2.396441936
46970,0.00017237,9.82E-05,3.54E-05,3.88E-05,0.007181019,0.007351462,0.007055986,2.685724258
46980,0.000446846,0.000110765,0.000289558,4.65E-05,0.008137112,0.010514609,0.008176948,2.376034975
46990,0.002442014,0.001216249,0.00077401,0.000451756,0.039413247,0.042729247,0.040325977,2.426911831
47000,0.03935115,0.023738313,0.008068321,0.00754451,0.172370955,0.180125177,0.177363604,2.45109272
47010,0.006033655,0.001748229,0.001885749,0.002399677,0.046182737,0.050682485,0.048474155,2.38867712
47020,0.003756773,0.001133779,0.001349454,0.00127354,0.041127987,0.043766931,0.041572668,2.428200245
47030,0.001043651,0.000345098,0.00050146,0.000197093,0.020764772,0.022668859,0.021964347,2.391482592
47040,0.000442862,8.01E-05,0.000131462,0.00023134,0.004731148,0.00581397,0.005952205,2.517953157
47050,0.000265845,0.00012205,8.65E-05,5.73E-05,0.008939681,0.009684934,0.009258986,2.453202963
47060,0.000293359,0.000154104,6.75E-05,7.18E-05,0.010964449,0.011277357,0.01150444,2.360081911
47070,0.000678479,0.000608284,2.80E-05,4.22E-05,0.00822155,0.00637624,0.006503735,2.357157469
47080,0.008995431,0.008876492,5.00E-05,6.89E-05,0.030125979,0.019140046,0.01969894,2.322170734
47090,0.003030953,0.002754778,0.000127854,0.000148321,0.010546907,0.004813292,0.004710175,2.455928326
47100,0.002798861,0.001578444,0.000696545,0.000523872,0.051598202,0.052740023,0.052325204,2.447237968
47110,0.025827242,0.015040926,0.005639718,0.005146599,0.153960034,0.158254817,0.157521814,2.483008623
47120,0.0012701,0.000838572,0.000265044,0.000166484,0.016226776,0.017795222,0.01699046,2.443371296
47130,0.002957654,0.001811917,0.000554535,0.000591202,0.044415154,0.046854481,0.045738831,2.429867744
47140,0.002655432,0.001517014,0.000516025,0.000622392,0.044491574,0.046308726,0.045960084,2.325826645
47150,0.000876921,0.000281557,0.000315135,0.000280229,0.018058619,0.019275317,0.019504102,2.374618053
47160,0.00283739,0.00030959,0.000138647,0.002389154,0.017251028,0.018250365,0.024768531,2.513818741
47170,0.000427187,9.90E-05,0.000267253,6.09E-05,0.008123491,0.009612405,0.008317491,2.383822441
47180,0.000545932,8.71E-05,0.000385233,7.36E-05,0.006976681,0.008506694,0.007303168,2.437496424
47190,0.000596866,0.000186767,0.000305795,0.000104303,0.012826899,0.014205323,0.013323735,2.440074205
47200,0.004449375,0.002660575,0.000948174,0.000840626,0.060296863,0.062823884,0.060565714,2.474938631
47210,0.0664156,0.04033564,0.013503532,0.012576425,0.230818927,0.243482053,0.23566097,2.397481918
47220,0.018809948,0.010031582,0.005238449,0.003539919,0.131926224,0.136626035,0.1301651,2.370214939
47230,0.008550698,0.00473116,0.002250871,0.001568666,0.075344257,0.078049496,0.073692843,2.461534977
47240,0.002947774,0.001594836,0.000716607,0.000636331,0.058353551,0.064282052,0.062766254,2.415133715
47250,0.000958564,0.000152612,0.000602596,0.000203356,0.013549723,0.017264508,0.012826158,2.391201258
47260,0.005329281,0.003143872,0.001009282,0.001176127,0.059496727,0.061344672,0.065703861,2.353863239
47270,0.030892227,0.018098006,0.006265396,0.006528823,0.210270673,0.212945223,0.217697471,2.375478029
47280,0.008279152,0.005213146,0.001111545,0.00195446,0.074363962,0.07161466,0.075853281,2.355982065
47290,0.035048019,0.020673703,0.007083677,0.007290639,0.18426469,0.196903974,0.191411346,2.385253429
47300,0.055974916,0.035151925,0.010010201,0.010812789,0.234405264,0.24089697,0.24385944,2.560207605
47310,0.022551965,0.016904864,0.002455492,0.00319161,0.132658064,0.129499242,0.132044256,2.353239775
47320,0.170041129,0.105573721,0.031410214,0.033057194,0.444036424,0.469692945,0.451395094,2.439206362
47330,0.134117961,0.074738942,0.03121472,0.02816431,0.268622726,0.284071833,0.290796489,2.380366564
47340,0.025525425,0.017476514,0.001840601,0.006208309,0.116417937,0.127212852,0.125564143,2.440770864
47350,0.005942322,0.002798852,0.001340682,0.001802788,0.028580118,0.038543556,0.030478988,2.376700878
47360,0.002033433,0.001303366,7.60E-05,0.00065407,0.020459542,0.018362191,0.0197636,2.391125917
47370,0.000868072,0.000517053,7.86E-05,0.00027246,0.00721056,0.010104983,0.009763898,2.390492678
47380,0.000407239,0.000281155,2.76E-05,9.85E-05,0.005194556,0.004437149,0.005598093,2.370423794
47390,0.000220043,0.000150816,2.71E-05,4.22E-05,0.004530406,0.004879826,0.004490784,2.425353289
47400,0.000155305,9.79E-05,2.38E-05,3.36E-05,0.004257801,0.004170132,0.003790539,2.345882893
47410,0.000138183,7.97E-05,2.34E-05,3.51E-05,0.004098434,0.004037872,0.003797907,2.37957406
47420,0.000134977,7.75E-05,2.32E-05,3.43E-05,0.004050046,0.00417427,0.004049068,2.347263336
47430,0.000133436,7.77E-05,2.27E-05,3.30E-05,0.004001615,0.003966851,0.003728959,2.605131149
47440,0.000130535,7.54E-05,2.27E-05,3.24E-05,0.003990246,0.004049311,0.003880104,2.443898678
47450,0.000128513,7.40E-05,2.23E-05,3.21E-05,0.003916935,0.003946034,0.003662991,2.359231472
47460,0.000127425,7.33E-05,2.22E-05,3.19E-05,0.003893753,0.003945433,0.003694165,2.461848736
47470,0.000126484,7.27E-05,2.21E-05,3.17E-05,0.003886702,0.003960214,0.003732506,2.401582003
47480,0.000125638,7.22E-05,2.19E-05,3.15E-05,0.003855233,0.003934389,0.003666172,2.34723258
47490,0.000124884,7.17E-05,2.18E-05,3.14E-05,0.003841178,0.003928747,0.003660716,2.399521112
47500,0.000124202,7.12E-05,2.17E-05,3.12E-05,0.003825806,0.003919705,0.003648372,2.340011597
47510,0.000123561,7.09E-05,2.17E-05,3.11E-05,0.00381224,0.003912785,0.00364043,2.39649725
47520,0.000122966,7.05E-05,2.16E-05,3.09E-05,0.003799213,0.003905114,0.003632091,2.443379164
47530,0.000122414,7.02E-05,2.15E-05,3.08E-05,0.00378729,0.003896781,0.003623948,2.582705975
47540,0.000121889,6.99E-05,2.14E-05,3.06E-05,0.003774941,0.003889753,0.003611728,2.497043371
47550,0.000121409,6.96E-05,2.13E-05,3.05E-05,0.003763107,0.003880284,0.00360903,2.437562227
47560,0.000121304,6.93E-05,2.13E-05,3.08E-05,0.003752102,0.003872549,0.003611651,2.40635705
47570,0.00015619,6.91E-05,2.12E-05,6.59E-05,0.00374253,0.003859945,0.004089814,2.3893435
47580,0.005561057,7.39E-05,2.40E-05,0.005463192,0.004468114,0.004254712,0.021797901,2.39172554
47590,0.005688038,9.28E-05,6.33E-05,0.005531996,0.006567298,0.006774876,0.022592947,2.401449203
47600,0.001146269,7.01E-05,0.000411374,0.000664799,0.003875592,0.007624852,0.007826091,2.394296646
47610,0.00307743,7.05E-05,0.002954933,5.20E-05,0.003819728,0.017118841,0.003817292,2.503112793
47620,0.000635999,9.40E-05,0.000480461,6.16E-05,0.005832276,0.009113965,0.006251575,2.440273046
47630,0.000263782,7.46E-05,0.000114564,7.46E-05,0.004501421,0.005472985,0.005072564,2.458754778
47640,0.000149216,7.16E-05,2.35E-05,5.41E-05,0.004055839,0.004149008,0.004310872,2.3922925
47650,0.000136734,6.81E-05,3.59E-05,3.27E-05,0.003686187,0.003972802,0.003632945,2.494458199
47660,0.000147072,6.81E-05,4.67E-05,3.23E-05,0.00377045,0.004252865,0.003808043,2.449103832
47670,0.000119755,6.73E-05,2.09E-05,3.15E-05,0.003697435,0.003810395,0.003679538,2.394324064
47680,0.000125743,6.69E-05,2.82E-05,3.07E-05,0.003661013,0.003840558,0.00359304,2.39059186
47690,0.000139198,6.69E-05,4.17E-05,3.06E-05,0.003665257,0.004001816,0.003569827,2.458393812
47700,0.000322124,6.76E-05,0.00022384,3.07E-05,0.003715304,0.005648549,0.003578049,2.444932699
47710,0.003481698,8.97E-05,0.003353658,3.83E-05,0.005133748,0.017563296,0.005140709,2.403064251
47720,0.000395526,6.77E-05,0.000294286,3.35E-05,0.003923191,0.006651854,0.003834657,2.436258793
47730,0.00033004,6.72E-05,0.000223567,3.93E-05,0.003669556,0.005820529,0.003720551,2.378379822
47740,0.000225429,6.87E-05,0.000111988,4.47E-05,0.003722513,0.00491433,0.004028184,2.400421858
47750,0.000155981,6.67E-05,4.13E-05,4.80E-05,0.003655152,0.004024009,0.003671963,2.369522095
47760,0.000131668,6.60E-05,2.17E-05,4.40E-05,0.003618533,0.003712825,0.003811495,2.369173765
47770,0.000120315,6.61E-05,2.26E-05,3.16E-05,0.003637394,0.003773028,0.00364674,2.462399721
47780,0.000122407,6.59E-05,2.26E-05,3.39E-05,0.003612326,0.003720055,0.00358141,2.343519449
47790,0.000120035,6.91E-05,2.15E-05,2.94E-05,0.003651456,0.003697933,0.003523257,2.412991524
47800,0.000281574,0.0001961,5.36E-05,3.19E-05,0.004761739,0.004383198,0.003987834,2.453283787
47810,0.009155021,0.007334399,0.001644386,0.000176237,0.024823971,0.020327162,0.017573506,2.367794275
47820,0.012203396,0.005604168,0.001067672,0.005531558,0.024328014,0.027172044,0.035480451,2.370122671
47830,0.007635497,0.001248334,0.004709835,0.001677329,0.031436402,0.040034749,0.035279773,2.544761658
47840,0.002945511,0.000861767,0.001195271,0.000888473,0.021150449,0.02246858,0.021735515,2.340570688
47850,0.001223191,0.000546621,0.000412459,0.000264111,0.019944692,0.022013461,0.021309238,2.331855536
47860,0.000618028,0.000298652,0.000219736,9.96E-05,0.014935863,0.015898593,0.015258163,2.451822281
47870,0.000509353,0.000308583,8.91E-05,0.000111688,0.015757618,0.016365945,0.016503455,2.349104404
47880,0.002769091,0.00162329,0.000568392,0.000577409,0.037418656,0.039584249,0.039472219,2.517527819
47890,0.033346634,0.020656735,0.00624259,0.006447309,0.140151516,0.14619033,0.145436272,2.377365828
47900,0.001777923,0.00107528,0.000315834,0.00038681,0.034472466,0.035883948,0.035466917,2.419623613
47910,0.000437612,0.0002488,7.14E-05,0.000117415,0.012995725,0.01334031,0.013959274,2.38496995
47920,0.000150979,6.95E-05,2.12E-05,6.03E-05,0.004135461,0.00391889,0.004417595,2.395309448
47930,0.000374509,0.000212809,6.32E-05,9.85E-05,0.012857122,0.013329947,0.013252743,2.392318249
47940,0.000516136,0.000303448,9.23E-05,0.000120403,0.016306393,0.016792962,0.016897589,2.418540716
47950,0.000163187,9.24E-05,3.04E-05,4.03E-05,0.006452039,0.006628779,0.006482383,2.369568825
47960,0.000223871,0.000132537,3.89E-05,5.25E-05,0.009110145,0.009370559,0.009215921,2.38839221
47970,0.000181075,0.000107153,3.18E-05,4.22E-05,0.007572928,0.007711587,0.007546445,2.356840372
47980,0.000371665,0.000226361,6.64E-05,7.89E-05,0.013580352,0.013982678,0.013765518,2.492193699
47990,0.004771768,0.002976724,0.000860727,0.000934316,0.055296153,0.057360031,0.056808606,2.420041084
48000,0.060920246,0.037658621,0.011277081,0.011984543,0.202079087,0.210436881,0.208791643,2.532696486
48010,0.021492597,0.013265624,0.003973923,0.004253051,0.116997555,0.121739559,0.120947398,2.374608755
48020,0.005769535,0.003513232,0.001079329,0.001176974,0.064297266,0.066918544,0.066354737,2.441301107
48030,0.001023403,0.000615452,0.000195146,0.000212804,0.026592785,0.026571013,0.026767939,2.542751074
48040,0.000250017,0.000148127,4.61E-05,5.58E-05,0.010200249,0.010432867,0.010200543,2.428178072
48050,0.000193872,9.52E-05,5.74E-05,4.12E-05,0.007068415,0.007603707,0.007527104,2.390331268
48060,0.001094813,0.000142006,0.0008959,5.69E-05,0.009340116,0.013967214,0.009626205,2.373434782
48070,0.004942454,0.00024569,0.003632672,0.001064093,0.005019835,0.018913956,0.010083375,2.518734217
48080,0.012209764,0.009157052,7.68E-05,0.002975916,0.012315786,0.008018725,0.017292202,2.438438177
48090,0.007071647,0.005523677,0.000735124,0.000812847,0.01247559,0.011609223,0.01077107,2.403184891
48100,0.000630211,0.000261195,3.93E-05,0.000329686,0.005762818,0.003998121,0.006439604,2.387779951
48110,0.000744872,0.000452944,7.89E-05,0.000212996,0.004977411,0.00473927,0.005300128,2.374804497
48120,0.000451632,0.000326187,5.92E-05,6.62E-05,0.007809211,0.008053884,0.007863363,2.457691431
48130,0.001054409,0.000642594,0.000186803,0.000225012,0.030160379,0.030322041,0.030229956,2.458346844
48140,0.018571531,0.01165918,0.003437395,0.003474959,0.13041456,0.13329038,0.132589489,2.543110132
48150,0.007861291,0.004921778,0.001454624,0.00148489,0.074594036,0.078225672,0.077508524,2.904320717
48160,0.000957411,0.000563248,0.000208862,0.0001853,0.023109917,0.023727322,0.023608234,2.403395176
48170,0.000171476,7.41E-05,6.50E-05,3.23E-05,0.004573351,0.004485411,0.004151317,2.418908834
48180,0.000158788,7.18E-05,5.44E-05,3.26E-05,0.004335872,0.004811241,0.003914931,2.349726915
48190,0.000143545,7.53E-05,3.50E-05,3.32E-05,0.005177909,0.005265752,0.005346457,2.653882027
48200,0.000206805,0.000121587,3.85E-05,4.68E-05,0.008991158,0.009251939,0.009300078,2.347378731
48210,0.000228091,0.000127795,5.11E-05,4.92E-05,0.009542653,0.009879614,0.009596055,2.350896358
48220,0.000118642,6.72E-05,2.11E-05,3.04E-05,0.003957524,0.003986266,0.004047308,2.354213238
48230,0.000152848,8.56E-05,3.04E-05,3.69E-05,0.006475963,0.006796052,0.00689242,2.375597239
48240,0.000200078,9.50E-05,4.13E-05,6.39E-05,0.007436187,0.007902798,0.00799255,2.379965305
48250,0.001813285,0.000258412,0.000234233,0.001320641,0.01668814,0.018375458,0.020464402,2.386358738
48260,0.007447184,0.003326869,0.00261357,0.001506744,0.066925578,0.071433924,0.069459349,2.98552227
48270,0.062522441,0.037253089,0.012869985,0.012399361,0.212167531,0.221188128,0.218893856,2.396234989
48280,0.017889656,0.010190776,0.003920185,0.003778695,0.115133464,0.119871348,0.11758662,2.430757999
48290,0.005882233,0.003361303,0.001400287,0.001120643,0.067579702,0.068884335,0.068237759,2.443080902
48300,0.002377093,0.00092067,0.001104222,0.000352201,0.032966763,0.03544635,0.033288546,2.370890617
48310,0.000930967,0.000393165,0.000364385,0.000173416,0.02027481,0.022629015,0.021479674,2.406695843
48320,0.000409978,0.000228744,8.84E-05,9.28E-05,0.015180032,0.015254477,0.015170077,2.369482994
48330,0.000316981,0.000219261,4.93E-05,4.84E-05,0.008032116,0.008545939,0.008703754,2.435393333
48340,0.002464859,0.00238272,4.01E-05,4.20E-05,0.010063367,0.005278843,0.00477707,2.394192696
48350,0.001064372,0.000961129,4.04E-05,6.29E-05,0.006893101,0.003964751,0.004002742,2.456686735
48360,0.00020324,0.000132168,2.92E-05,4.18E-05,0.006689658,0.00677273,0.006857971,2.401440144
48370,0.000468556,0.000358888,3.43E-05,7.54E-05,0.012286574,0.011131666,0.011681821,2.43416357
48380,0.000845579,0.000455785,7.30E-05,0.000316843,0.013005943,0.013867835,0.01496165,2.502156973
48390,0.010889522,0.00518209,0.001661432,0.004046,0.08862637,0.090494886,0.092763744,2.900425673
48400,0.046416391,0.027373273,0.008721353,0.010321764,0.176606506,0.184829563,0.184794426,2.469803095
48410,0.013812909,0.007434636,0.002325044,0.004053229,0.095863074,0.100040853,0.101372138,2.637293339
48420,0.002877637,0.001745637,0.000507177,0.000624823,0.043014262,0.044595759,0.045549881,2.420732498
48430,0.000965702,0.000464935,0.000125123,0.000375645,0.021244135,0.021998111,0.022392064,2.409021616
48440,0.00046997,0.000242975,6.75E-05,0.00015953,0.013146808,0.014023684,0.014522467,2.479126692
48450,0.00031945,0.000188088,6.29E-05,6.84E-05,0.013200007,0.01377327,0.013638279,2.466917515
48460,0.000244129,0.000140197,4.37E-05,6.02E-05,0.010873414,0.011168515,0.011392765,2.43649435
48470,0.000133564,7.07E-05,2.70E-05,3.59E-05,0.004463477,0.004396505,0.004213648,2.450847626
48480,0.000257284,7.91E-05,0.000142734,3.55E-05,0.005534016,0.006270338,0.005340037,2.409374475
48490,0.004343631,9.26E-05,0.004214558,3.65E-05,0.006380687,0.020423178,0.006825268,2.405385733
48500,0.002751903,0.000880968,0.00161177,0.000259165,0.030315574,0.034378801,0.03181307,2.430907249
48510,0.014387304,0.009498488,0.002862994,0.002025821,0.088112205,0.094354227,0.092477053,2.362129688
48520,0.015357686,0.009879224,0.002609452,0.002869008,0.116545655,0.117947519,0.117202774,2.349441051
48530,0.004520577,0.003844813,0.000409863,0.000265901,0.046504088,0.042021669,0.041147456,2.346476078
48540,0.001172517,0.000747689,0.000199128,0.0002257,0.018167697,0.019873871,0.019029686,2.327337503
48550,0.000895862,0.000676135,0.000108176,0.000111551,0.030902296,0.029056989,0.029558387,2.438917398
48560,0.001060131,0.000633827,0.000204098,0.000222206,0.030370563,0.031215584,0.031285472,2.358677626
48570,0.002667886,0.00163831,0.000486605,0.00054297,0.045557976,0.04731673,0.047013517,2.330298662
48580,0.014599228,0.008927461,0.002692416,0.002979352,0.112690002,0.115504369,0.114985809,2.485110521
48590,0.008688852,0.005291251,0.001616754,0.001780848,0.080269746,0.082908586,0.082214773,2.476345539
48600,0.005914882,0.003238257,0.001001399,0.001675225,0.066887617,0.068695225,0.068667062,2.444635153
48610,0.004374385,0.000204213,6.40E-05,0.004106197,0.013053276,0.013784366,0.025359919,2.415406704
48620,0.003004256,0.001295712,0.000401722,0.001306823,0.041651256,0.042939454,0.044190805,2.338260174
48630,0.00045256,7.03E-05,2.21E-05,0.00036022,0.005007572,0.004976373,0.00763791,2.429466009
48640,0.000688169,0.000339145,0.000103851,0.000245174,0.019510966,0.020008832,0.020751109,2.41220212
48650,0.002797117,0.001690609,0.000527814,0.000578694,0.046863347,0.048406381,0.047896542,2.342313051
48660,0.02351322,0.014313865,0.004456327,0.004743028,0.137479007,0.142149672,0.141469941,2.475453854
48670,0.001242295,0.000801501,0.000215175,0.00022562,0.02557759,0.02734337,0.026808128,2.344261408
48680,0.003059632,0.001909224,0.000564672,0.000585735,0.045614779,0.047789223,0.047621414,2.439464808
48690,0.002480231,0.001497934,0.000484245,0.000498052,0.043926071,0.045217887,0.044402197,2.377729654
48700,0.00075724,0.000498673,0.000124247,0.000134321,0.023357209,0.023265367,0.023284063,2.400093555
48710,0.000297756,0.00013968,0.000103315,5.48E-05,0.010863207,0.011513586,0.011201049,2.355367184
48720,0.001600396,0.000176241,0.0013761,4.81E-05,0.011623126,0.01715472,0.011005687,2.480181217
48730,0.00228894,0.000878274,0.001325379,8.53E-05,0.017727077,0.019775297,0.015281348,2.319561005
48740,0.00593156,0.005032484,0.000293454,0.000605622,0.019357236,0.011682222,0.013803843,2.339012861
48750,0.010374714,0.002651303,0.000783646,0.006939766,0.064269483,0.063440144,0.068928391,2.322201967
48760,0.028090751,0.016603118,0.004658121,0.006829513,0.132590458,0.138514578,0.139271125,2.330559015
48770,0.0020972,0.000967122,0.000248088,0.000881991,0.024494402,0.024001595,0.025630062,2.330129147
48780,0.001032738,0.000486317,0.000234124,0.000312297,0.029728115,0.030114595,0.029702876,2.377031088
48790,0.001100696,0.000440457,0.000149204,0.000511036,0.020135354,0.021437526,0.021638498,2.341328382
48800,0.000929746,0.000491729,0.000147847,0.00029017,0.023383012,0.024388932,0.024215478,2.386162996
48810,0.000560145,0.00031888,0.000100912,0.000140353,0.018903648,0.019626584,0.019606616,2.347680807
48820,0.000164628,9.49E-05,2.77E-05,4.20E-05,0.005401285,0.00524789,0.005055485,2.432097197
48830,0.000207282,0.000124846,3.76E-05,4.48E-05,0.007969551,0.008372417,0.008112364,2.428972721
48840,0.000220823,0.0001494,3.09E-05,4.06E-05,0.005852279,0.006230904,0.006028275,2.408649445
48850,0.000573306,0.000442089,6.30E-05,6.82E-05,0.010682981,0.011586587,0.011236247,2.434747219
48860,0.006536308,0.004946309,0.00079667,0.000793328,0.046797652,0.050745387,0.049723167,2.359176397
48870,0.047415547,0.02884187,0.009209206,0.009364469,0.206163853,0.211566299,0.209510893,2.348434687
48880,0.015878394,0.009418006,0.003473958,0.002986428,0.104509294,0.107733712,0.10549897,2.361929655
48890,0.006420505,0.00382925,0.001260761,0.001330493,0.082083508,0.082959078,0.082368031,2.463625193
48900,0.001873357,0.001085037,0.000387813,0.000400507,0.030429032,0.032472167,0.031850092,2.698703051
48910,0.000824457,0.000599425,0.000107889,0.000117143,0.010225276,0.011145525,0.010843839,2.431489706
48920,0.000329009,0.000233519,5.99E-05,3.56E-05,0.004203478,0.004226994,0.003843553,2.457390308
48930,0.000228891,0.000102548,8.94E-05,3.69E-05,0.008552367,0.008796153,0.008586131,2.419335604
48940,0.00174362,7.42E-05,0.001598367,7.11E-05,0.004170292,0.012096424,0.004321649,2.410045862
48950,0.004182009,0.00114418,0.000988877,0.002048952,0.031127676,0.034016505,0.037630878,2.388914347
48960,0.005746719,0.002479816,0.002258019,0.001008885,0.047120467,0.052639723,0.049415432,2.375466108
48970,0.003171508,0.00156497,0.000498215,0.001108322,0.048475817,0.04990501,0.051746596,2.43937397
48980,0.001722361,0.000966054,0.000412591,0.000343715,0.033398546,0.035365827,0.035268161,2.522429228
48990,0.003477271,0.002191315,0.000582432,0.000703524,0.043535776,0.046150532,0.045948163,2.5303545
49000,0.019034153,0.012050751,0.003477053,0.003506349,0.116479032,0.122064531,0.12098664,2.448024988
49010,0.003198725,0.001946404,0.000583484,0.000668837,0.050246634,0.05159336,0.051682848,2.434413195
49020,0.005162726,0.003217431,0.000948941,0.000996354,0.060581617,0.063125387,0.062406085,2.511554003
49030,0.000799874,0.000535699,0.000125796,0.000138379,0.019565558,0.020811539,0.020982388,2.438532114
49040,0.000930576,0.000581573,0.000167224,0.000181779,0.024233274,0.025426829,0.025447085,2.459603786
49050,0.000154275,0.000101507,2.13E-05,3.15E-05,0.005138049,0.004838789,0.004987581,2.455302954
49060,0.000803052,0.000735031,2.87E-05,3.93E-05,0.00505248,0.003784145,0.003610726,2.363872766
49070,0.00578302,0.005643715,6.70E-05,7.23E-05,0.024407621,0.015500814,0.016153771,2.48568058
49080,0.002389291,0.001790567,0.00023539,0.000363335,0.007848047,0.005304464,0.005799389,2.471559525
49090,0.018190829,0.007741307,0.003108565,0.007340959,0.12251167,0.123193935,0.126083016,2.518907547
49100,0.048573364,0.025436403,0.009241014,0.013895951,0.144333214,0.153749019,0.152838349,2.440625668
49110,0.00349394,0.000908485,0.001201105,0.001384351,0.037476346,0.040676482,0.040507082,2.412243605
49120,0.002967592,0.00163135,0.000556995,0.000779247,0.056343824,0.056894757,0.057311974,2.354606867
49130,0.002376919,0.001335177,0.000561659,0.000480084,0.033027109,0.035673626,0.035863448,2.462864637
49140,0.000809658,0.00041749,0.000186834,0.000205333,0.023070872,0.024757138,0.024850555,2.478110552
49150,0.000264564,0.000115096,6.04E-05,8.91E-05,0.006068098,0.006849025,0.006940962,2.439196825
49160,0.000155185,7.68E-05,3.08E-05,4.75E-05,0.006078158,0.006176472,0.005994128,2.493650913
49170,0.000132127,7.22E-05,2.68E-05,3.32E-05,0.004338752,0.004512509,0.00461328,2.407022476
49180,0.000127305,7.11E-05,2.34E-05,3.28E-05,0.005377077,0.005416675,0.005269661,2.445281982
49190,0.000118385,6.66E-05,2.12E-05,3.06E-05,0.004128167,0.004259889,0.00432662,2.453875303
49200,0.000111268,6.25E-05,1.99E-05,2.89E-05,0.003607768,0.003587514,0.003621064,2.447258711
49210,0.000111265,6.26E-05,1.97E-05,2.89E-05,0.003645465,0.003596244,0.00351012,2.411380053
49220,0.000112442,6.36E-05,1.98E-05,2.90E-05,0.003814642,0.003760588,0.003636669,2.438795328
49230,0.000137412,7.92E-05,2.45E-05,3.37E-05,0.005762258,0.005905029,0.005714957,2.917980433
49240,0.00099383,0.00062448,0.000178507,0.000190843,0.025441956,0.02669597,0.026140738,2.466454506
49250,0.046137813,0.029889494,0.007999379,0.008248945,0.172686309,0.18306306,0.18058078,2.527450323
49260,0.023580177,0.019185703,0.002305395,0.002089078,0.071369857,0.078642488,0.073035613,2.448567629
49270,0.009349053,0.006850447,0.001419253,0.001079354,0.060339473,0.056147411,0.054987349,2.43244195
49280,0.003808322,0.002567443,0.000594991,0.000645888,0.065341122,0.06554202,0.066708028,2.538585901
49290,0.00129633,0.001005228,0.000156868,0.000134233,0.007348701,0.005078264,0.005200486,2.539945841
49300,0.000537427,0.000272608,0.00019658,6.82E-05,0.018935205,0.019788679,0.01943481,2.57939887
49310,0.000810201,0.000108988,0.000662612,3.86E-05,0.003900287,0.008672891,0.003733926,2.425713062
49320,0.001621213,0.000136756,0.001414502,7.00E-05,0.012252374,0.017927872,0.013214548,2.477273226
49330,0.000462493,6.85E-05,3.56E-05,0.000358431,0.004822549,0.004976545,0.008120087,2.459647417
49340,0.001350363,0.000103202,0.000163836,0.001083324,0.009743922,0.010886217,0.015813706,2.402306795
49350,0.000504238,0.000250227,0.000140799,0.000113212,0.017947193,0.018885601,0.018705074,2.967230558
49360,0.000698333,0.000222146,0.000355077,0.00012111,0.016086139,0.017803943,0.016843578,2.448441029
49370,0.001571711,0.000562471,0.000699539,0.0003097,0.027261354,0.029596452,0.028964743,2.439024925
49380,0.011477557,0.006035683,0.002463352,0.002978521,0.094022065,0.096741825,0.09797737,2.452043772
49390,0.019553989,0.011803923,0.003830373,0.003919692,0.124271497,0.127930656,0.127111733,2.425648451
49400,0.007444,0.004374338,0.001545003,0.001524659,0.075903229,0.07825242,0.077502117,2.362903595
49410,0.001846144,0.000750168,0.000521059,0.000574916,0.031949818,0.033659242,0.034032021,2.433885336
49420,0.000563988,0.000104504,5.62E-05,0.000403268,0.008641807,0.009118361,0.010697028,2.401405573
49430,0.000570244,0.000232552,0.000185305,0.000152387,0.015091574,0.015840895,0.015667414,2.387692928
49440,0.000236305,9.68E-05,3.91E-05,0.000100482,0.007711423,0.007959731,0.008160483,2.438534975
49450,0.000142944,7.34E-05,2.70E-05,4.25E-05,0.005503832,0.005609933,0.005369357,2.46322155
49460,0.000333662,0.000108455,0.000169533,5.57E-05,0.008971672,0.010352264,0.008951604,2.476244688
49470,0.00620763,0.001479626,0.004244653,0.00048335,0.045825709,0.053954676,0.045941874,2.508018732
49480,0.05846367,0.03339538,0.012764381,0.012303917,0.212880909,0.221527234,0.216052741,2.493145227
49490,0.021801876,0.012138231,0.004789297,0.004874349,0.118677378,0.125684246,0.120431826,2.431074619
49500,0.008391215,0.004291135,0.002224346,0.001875732,0.082793988,0.087701857,0.083867028,2.437687874
49510,0.001004788,0.000629983,0.000177685,0.000197119,0.019264402,0.021700133,0.019725077,2.609427691
49520,0.000387381,0.000187473,9.99E-05,1.00E-04,0.005725722,0.005779339,0.006172337,2.507024288
49530,0.000362278,0.000165486,6.34E-05,0.000133357,0.012722978,0.012100479,0.013087293,2.465311527
49540,0.000228334,0.000111901,3.41E-05,8.23E-05,0.00888707,0.008779583,0.00920896,2.537356377
49550,0.000161357,8.41E-05,3.09E-05,4.63E-05,0.006899651,0.006930569,0.00682763,2.477900028
49560,0.000125381,6.30E-05,2.08E-05,4.15E-05,0.003990149,0.003988673,0.004192586,2.495611668
49570,0.000237424,6.21E-05,1.97E-05,0.000155681,0.003614816,0.003508064,0.004675638,2.514574051
49580,0.005395584,0.000277956,7.59E-05,0.005041718,0.014395397,0.014854845,0.029017713,2.476273537
49590,0.012456173,0.007575343,0.001689332,0.003191497,0.071036384,0.07648617,0.075847149,2.492288589
49600,0.008727307,0.004614231,0.00148877,0.002624305,0.083415866,0.086353436,0.086368605,2.404654741
49610,0.002119245,0.000713826,0.000935605,0.000469814,0.023739547,0.025325403,0.025339313,2.452563047
49620,0.002515085,0.001515293,0.000637467,0.000362325,0.028900303,0.031938709,0.030519467,2.407877922
49630,0.001002451,0.000618289,0.000182393,0.000201769,0.03135965,0.030886196,0.031341631,2.373311996
49640,0.000722155,0.000429395,0.000157342,0.000135418,0.02004667,0.021406855,0.021098409,2.436592579
49650,0.003349502,0.002030312,0.00061636,0.00070283,0.056077369,0.057129197,0.057387892,2.381150246
49660,0.032892436,0.020008098,0.006340469,0.006543871,0.163694531,0.169293687,0.168161407,2.443834543
49670,0.001619235,0.000971298,0.000341823,0.000306115,0.039207172,0.039585091,0.03913752,2.575793028
49680,0.000372871,0.000241094,9.49E-05,3.69E-05,0.005288579,0.00502985,0.004771283,2.52699399
49690,0.000775314,0.000502229,0.000157774,0.000115311,0.015259746,0.016919965,0.016843647,2.410592079
49700,0.000854121,0.000508348,0.00018547,0.000160303,0.021278284,0.022413447,0.022148637,2.44871521
49710,0.000297947,0.000180945,5.46E-05,6.24E-05,0.013145539,0.013191123,0.013350651,2.419353247
49720,0.000261413,0.000158141,5.93E-05,4.40E-05,0.00654082,0.007252057,0.007258539,2.550046444
49730,0.000395058,0.000198306,0.000151307,4.54E-05,0.004190556,0.004847166,0.003595567,2.511695862
49740,0.00254901,0.00039966,0.002033249,0.000116101,0.004428702,0.013255497,0.004394256,2.432020426
49750,0.003061516,0.001570276,0.00020509,0.00128615,0.006573446,0.005240525,0.009861063,2.42777133
49760,0.006856807,0.003995143,0.00074704,0.002114623,0.041067153,0.045051601,0.04608456,2.413424253
49770,0.065763786,0.040393502,0.012737476,0.012632807,0.233824924,0.243229792,0.238569871,2.465677977
49780,0.019547379,0.011805481,0.003943379,0.003798519,0.134405792,0.145748779,0.134440452,2.658715487
49790,0.00917737,0.005245069,0.001872659,0.002059642,0.080816031,0.098266371,0.087180689,2.427206278
49800,0.004602757,0.003219712,0.000594666,0.00078838,0.040155567,0.044823714,0.042744666,2.518230438
49810,0.001285213,0.00089748,0.000192878,0.000194854,0.024309546,0.027904889,0.026700882,2.519394398
49820,0.000518146,0.000291185,0.000115769,0.000111192,0.013700135,0.016085783,0.01531416,2.37780261
49830,0.000228184,0.000129353,4.86E-05,5.02E-05,0.013670154,0.013980028,0.014644356,2.473813772
49840,0.000135748,8.70E-05,1.99E-05,2.89E-05,0.004348211,0.004446599,0.004502483,2.48444128
49850,0.000150053,8.82E-05,2.85E-05,3.34E-05,0.003749205,0.003948583,0.003643238,2.478524685
49860,0.000115341,6.36E-05,2.37E-05,2.81E-05,0.003668199,0.003744276,0.003800517,2.446810007
49870,0.000181798,7.34E-05,7.69E-05,3.15E-05,0.00546444,0.006087913,0.005722839,2.5067904
49880,0.001519909,0.000178622,0.001282864,5.84E-05,0.010445207,0.015115721,0.010966972,2.396211147
49890,0.003636795,0.002133274,0.00087171,0.000631811,0.0447658,0.048554897,0.047335904,2.534471989
49900,0.034275383,0.021434899,0.006404977,0.006435507,0.146079808,0.154190764,0.152385145,2.441319704
49910,0.002591415,0.00171716,0.000516085,0.00035817,0.03141202,0.034439325,0.032858081,2.565276623
49920,0.000694403,0.000532681,0.000113773,4.79E-05,0.00929084,0.007586791,0.007395925,2.472402573
49930,0.001053069,0.000669309,0.000160638,0.000223122,0.026779678,0.026454773,0.026997108,2.440301895
49940,0.001458238,0.000582914,0.000177301,0.000698023,0.028128628,0.028268803,0.030138327,2.469039202
49950,0.003984219,0.000124384,2.75E-05,0.003832337,0.005016363,0.004329328,0.018889507,2.409798861
49960,0.001424859,0.0001183,7.80E-05,0.001228555,0.006883895,0.007182148,0.01221112,2.407601118
49970,0.002592407,0.000142068,0.002101099,0.00034924,0.010345854,0.017352663,0.012454875,2.415366173
49980,0.000578289,0.000313697,0.000109688,0.000154904,0.006299858,0.007451235,0.007506847,2.543104887
49990,0.002925884,0.001527224,0.001033408,0.000365253,0.032670025,0.03663082,0.033703491,2.491973877
50000,0.026552169,0.016348667,0.004894181,0.005309315,0.155208677,0.160560489,0.160058171,2.417765617
50010,0.003590656,0.003274441,0.000144856,0.000171359,0.031069234,0.027227892,0.027786247,2.424246788
50020,0.000775906,0.000507085,0.000127248,0.000141572,0.020987595,0.020077039,0.021472912,2.39151144
50030,0.000286486,0.000123638,5.32E-05,0.000109685,0.013358047,0.012457933,0.013590298,2.397986174
50040,0.000244055,0.000155102,3.16E-05,5.74E-05,0.010559686,0.010788097,0.011023184,2.438126326
50050,0.000251446,0.00015357,4.04E-05,5.75E-05,0.005030961,0.005851231,0.00534867,2.406768084
50060,0.000247802,0.000139328,4.14E-05,6.71E-05,0.010355008,0.010732511,0.010651907,2.435423613
50070,0.000216141,0.000127081,3.38E-05,5.53E-05,0.011168567,0.011052752,0.01093604,2.398874998
50080,0.000228795,9.79E-05,2.03E-05,0.000110669,0.005519743,0.005026029,0.005641435,2.475412607
50090,0.001472055,0.000298682,1.95E-05,0.001153916,0.004383614,0.003457806,0.00798071,2.447814703
50100,0.006045662,0.004393476,3.55E-05,0.001616665,0.021147519,0.013482094,0.018796071,2.456189871
50110,0.002706846,0.001382877,0.000379252,0.000944718,0.039133951,0.039808962,0.03980764,2.39833951
50120,0.028792791,0.018291794,0.00526328,0.005237715,0.125504822,0.133486405,0.131733373,2.514040709
50130,0.00126743,0.000974673,5.29E-05,0.000239895,0.00697103,0.005205167,0.006224252,2.463511705
50140,0.000785113,0.000381832,0.000114485,0.000288796,0.026279118,0.025497811,0.026159219,3.010835171
50150,0.001854045,0.00112546,0.00035718,0.000371404,0.044239309,0.045884829,0.045486584,2.434904337
50160,0.001848579,0.001114342,0.00037698,0.000357256,0.025209758,0.028459506,0.026672615,2.422386169
50170,0.000263599,0.000128835,6.16E-05,7.31E-05,0.011662517,0.012433893,0.012807289,2.402296066
50180,0.000581333,0.000162378,0.000193298,0.000225657,0.015932176,0.016854463,0.017794233,2.401631117
50190,0.00371988,9.05E-05,0.001778894,0.001850513,0.004674065,0.014012451,0.013954568,2.419197321
50200,0.000710653,0.000118235,0.000466827,0.000125592,0.008579412,0.010694802,0.009127152,2.423168182
50210,0.000787022,0.000154928,0.000460689,0.000171405,0.009932034,0.01176348,0.010727685,2.43917346
50220,0.001647133,0.000867576,0.000405431,0.000374125,0.032429781,0.033959974,0.033611756,2.47582674
50230,0.021649508,0.013438655,0.004139398,0.004071456,0.127781332,0.133060768,0.131510317,2.478647232
50240,0.003412569,0.002041624,0.000676182,0.000694762,0.046730995,0.050190583,0.04652106,2.428206682
50250,0.001292998,0.000742249,0.000262389,0.00028836,0.029486157,0.031292677,0.030403022,2.4456985
50260,0.00061101,0.000353142,0.000120836,0.000137031,0.01830148,0.019441755,0.018144146,2.396402597
50270,0.00058566,0.000351933,0.000111009,0.000122718,0.020820059,0.021709066,0.021272909,2.636930466
50280,0.000560433,0.000329913,0.000116114,0.000114406,0.018287854,0.019181572,0.018684495,2.440191984
50290,0.00029694,0.000167613,6.41E-05,6.52E-05,0.012241756,0.01279295,0.012899388,2.791827679
50300,0.000137809,8.47E-05,2.37E-05,2.95E-05,0.004960502,0.004836175,0.00504755,2.439111471
50310,0.001922873,0.001870465,2.17E-05,3.07E-05,0.008597399,0.004441218,0.004706496,2.422987461
50320,0.001958564,0.001369256,0.000225776,0.000363531,0.052452229,0.049888134,0.050817661,2.458121777
50330,0.01501681,0.007276494,0.002288511,0.005451807,0.104428038,0.103816532,0.105848193,2.437397718
50340,0.01135808,0.004172196,0.003253583,0.0039323,0.05749533,0.061028153,0.065246813,2.42666769
50350,0.001840528,0.000459149,0.000171532,0.001209846,0.02889806,0.027440924,0.031456351,2.348822355
50360,0.002015952,0.001108351,0.000519914,0.000387687,0.054092743,0.055387482,0.052484665,2.457051992
50370,0.004556331,0.002348578,0.001296846,0.000910907,0.062408894,0.064661831,0.065447703,2.508365154
50380,0.007121309,0.004277845,0.001343763,0.001499701,0.080570608,0.082353413,0.083101906,2.433835745
50390,0.003680643,0.002213283,0.00069803,0.00076933,0.058881156,0.060725935,0.060219362,2.536561966
50400,0.000352894,0.000182368,0.000101994,6.85E-05,0.014848819,0.015355125,0.015010387,2.688970804
50410,0.000124086,6.62E-05,2.77E-05,3.02E-05,0.003791236,0.003889426,0.00391199,2.578547478
50420,0.000402194,0.000241701,7.41E-05,8.64E-05,0.015608801,0.016177557,0.016285183,2.530729771
50430,0.009328806,0.005636429,0.001836201,0.001856174,0.085298128,0.088325933,0.087987199,2.551837683
50440,0.048616495,0.02917687,0.009364076,0.010075552,0.185016394,0.190628022,0.193005353,2.453776598
50450,0.002658446,0.001665507,0.000443301,0.000549638,0.018930959,0.022786703,0.034314521,2.409533739
50460,0.040783625,0.024726162,0.008190991,0.007866468,0.159304291,0.190156937,0.175425142,2.432692289
50470,0.048555136,0.02822515,0.009719173,0.010610818,0.259693503,0.266557634,0.265514284,2.408412457
50480,0.053253897,0.02844513,0.013737258,0.011071509,0.253726512,0.284844697,0.247517541,2.501317978
50490,0.007996915,0.002819484,0.002954772,0.002222659,0.069625415,0.047508556,0.077603303,2.402662277
50500,0.08010117,0.050768878,0.01516528,0.014167005,0.203572258,0.287586659,0.277787924,2.454386473
50510,0.012430486,0.001340121,0.007362054,0.003728311,0.060948126,0.048949338,0.050802097,2.486713171
50520,0.005679318,0.001854458,0.001416361,0.0024085,0.031667024,0.02245672,0.03060009,2.671259165
50530,0.004127642,0.00199492,0.001524059,0.000608663,0.049949944,0.066360518,0.056570318,2.470527411
50540,0.001288077,0.000382604,0.000777612,0.000127862,0.022958282,0.018413512,0.018882196,2.436359882
50550,0.000315404,9.91E-05,0.000170518,4.58E-05,0.006547597,0.005965834,0.004630761,2.465117931
50560,0.0002358,7.31E-05,0.00011243,5.03E-05,0.004874096,0.006041056,0.007256156,2.416541815
50570,0.000174685,7.88E-05,6.59E-05,3.00E-05,0.004134106,0.005094827,0.003937074,2.424592257
50580,0.00011502,6.34E-05,2.10E-05,3.06E-05,0.003588599,0.003757401,0.004076126,2.407596827
50590,0.000116171,6.24E-05,2.47E-05,2.91E-05,0.003555702,0.003824289,0.003872541,2.426887989
50600,0.000111409,6.14E-05,2.14E-05,2.86E-05,0.003533277,0.003701553,0.003634411,2.42406702
50610,0.000109095,6.07E-05,2.01E-05,2.83E-05,0.00350906,0.003668524,0.003556263,2.613203287
50620,0.000108337,6.06E-05,1.97E-05,2.80E-05,0.003521388,0.003678245,0.003609354,2.40397954
50630,0.00010762,6.02E-05,1.95E-05,2.79E-05,0.003514796,0.003676365,0.003608488,2.357495308
50640,0.000107057,5.99E-05,1.94E-05,2.77E-05,0.003475162,0.003628169,0.003483909,2.444272757
50650,0.000106604,5.97E-05,1.93E-05,2.76E-05,0.00346653,0.00361788,0.003462001,2.47626996
50660,0.000106152,5.95E-05,1.92E-05,2.74E-05,0.003462228,0.003618531,0.003490647,2.405097961
50670,0.000105747,5.93E-05,1.91E-05,2.73E-05,0.003451759,0.003610306,0.003473156,2.43931675
50680,0.000105358,5.92E-05,1.90E-05,2.72E-05,0.003440049,0.003598283,0.003452617,2.450777531
50690,0.000105255,5.92E-05,1.89E-05,2.71E-05,0.003432539,0.003591397,0.003433384,2.950127602
50700,0.000138872,8.62E-05,1.89E-05,3.38E-05,0.003508203,0.00359469,0.00345398,2.418576241
50710,0.007693886,0.006100384,2.58E-05,0.001567715,0.010990079,0.005284999,0.016657749,2.454583168
50720,0.009940515,0.008556598,5.10E-05,0.001332919,0.014897088,0.005715178,0.01404942,2.432624817
50730,0.00385423,0.002404473,7.59E-05,0.001373902,0.008781506,0.005474889,0.009073775,2.371570587
50740,0.001555058,0.000722828,9.19E-05,0.000740329,0.006038239,0.004913497,0.007303354,2.482248306
50750,0.00055512,0.000247291,6.36E-05,0.000244276,0.005587933,0.005101233,0.006924157,2.413500786
50760,0.000252041,0.000113651,3.40E-05,0.000104427,0.004360248,0.004160592,0.00522128,2.34991765
50770,0.000129277,7.28E-05,2.03E-05,3.61E-05,0.003711541,0.003630191,0.003828818,2.352563143
50780,0.000114603,6.44E-05,1.88E-05,3.14E-05,0.003702562,0.003568496,0.003513884,2.338979244
50790,0.000112017,6.32E-05,2.00E-05,2.88E-05,0.003680464,0.003634743,0.003497944,2.366751909
50800,0.000109925,6.20E-05,1.89E-05,2.90E-05,0.003622334,0.003593958,0.00346213,2.353090286
50810,0.0001071,6.10E-05,1.83E-05,2.78E-05,0.00352679,0.003505425,0.003400054,2.365655661
50820,0.000106117,6.04E-05,1.82E-05,2.76E-05,0.00347452,0.003483586,0.003437141,2.365146875
50830,0.000105484,5.99E-05,1.81E-05,2.74E-05,0.003456636,0.003488471,0.00344187,2.434135675
50840,0.000104991,5.96E-05,1.81E-05,2.73E-05,0.003438851,0.003472732,0.003420304,2.362157822
50850,0.000104519,5.93E-05,1.80E-05,2.72E-05,0.003425935,0.003463693,0.00341528,2.408618689
50860,0.000104093,5.91E-05,1.80E-05,2.71E-05,0.003413692,0.003457072,0.003403898,2.398508549
50870,0.000103704,5.88E-05,1.79E-05,2.69E-05,0.003402838,0.003449784,0.003397008,2.40132165
50880,0.000103343,5.86E-05,1.79E-05,2.68E-05,0.003393898,0.003442666,0.003402125,2.435188055
50890,0.000102994,5.84E-05,1.78E-05,2.67E-05,0.003385003,0.003434322,0.003396319,2.49012208
50900,0.000102656,5.82E-05,1.78E-05,2.66E-05,0.003376826,0.003429295,0.003386974,2.373785019
50910,0.000102344,5.81E-05,1.78E-05,2.65E-05,0.003369707,0.003421688,0.003384537,2.521698236
50920,0.000102381,5.79E-05,1.77E-05,2.68E-05,0.003362764,0.00341323,0.003391641,2.404219389
50930,0.000131418,5.79E-05,1.79E-05,5.56E-05,0.003367641,0.003430677,0.003803884,2.50628829
50940,0.004602494,0.00012635,9.20E-05,0.004384119,0.005915301,0.007361118,0.018483002,2.430127859
50950,0.025913306,0.007947113,0.011832996,0.006133198,0.059944585,0.08059153,0.070436925,2.659835815
50960,0.003977119,0.001817895,0.001168209,0.000991015,0.025555957,0.025552582,0.024293583,2.515010834
50970,0.002620893,0.001040795,0.001154643,0.000425454,0.01797829,0.019876499,0.015837329,2.480936289
50980,0.001224318,0.000528861,0.000503483,0.000191974,0.006605585,0.008671843,0.007131987,2.42417717
50990,0.000628148,0.000280629,0.000222378,0.000125142,0.010216959,0.012250055,0.0109378,2.438252687
51000,0.00037455,0.000199792,9.83E-05,7.64E-05,0.011989292,0.012311995,0.012208774,2.393982649
51010,0.000161113,9.84E-05,2.71E-05,3.56E-05,0.005886381,0.005635275,0.005420113,2.405329227
51020,0.00014023,8.21E-05,2.51E-05,3.30E-05,0.005286634,0.005406249,0.005194962,2.344890833
51030,0.000109982,6.12E-05,2.12E-05,2.75E-05,0.003708777,0.003649357,0.003540765,2.340805531
51040,0.000105719,5.94E-05,1.90E-05,2.74E-05,0.003593424,0.00348384,0.00342419,2.406217337
51050,0.000116628,6.72E-05,2.06E-05,2.88E-05,0.004520068,0.004506976,0.004356722,2.339988947
51060,0.000647925,0.000414662,0.000115205,0.000118058,0.018163653,0.018768741,0.01837554,2.381531954
51070,0.03847697,0.024979478,0.006903462,0.006594032,0.150259465,0.156305328,0.154424012,2.438033581
51080,0.017196953,0.010587755,0.00336639,0.003242807,0.100673541,0.10410808,0.102654308,2.623019457
51090,0.012236273,0.007472748,0.002393227,0.002370298,0.091107666,0.092919715,0.092714787,2.442533731
51100,0.002154253,0.001268832,0.000464107,0.000421314,0.040645562,0.042812865,0.041100081,2.625531912
51110,0.001725857,0.000986895,0.000405632,0.00033333,0.03542731,0.036300935,0.035595231,2.495833397
51120,0.000213227,0.000124792,4.28E-05,4.56E-05,0.008954564,0.009677125,0.010153543,2.415541172
51130,0.000398689,0.000228688,8.98E-05,8.02E-05,0.014456791,0.015255143,0.015254408,2.518372536
51140,0.000144017,8.11E-05,2.87E-05,3.42E-05,0.006087592,0.006513976,0.006729763,2.402857065
51150,0.000104147,5.81E-05,1.92E-05,2.69E-05,0.003516477,0.003472638,0.003602681,2.382353306
51160,0.000106515,5.94E-05,1.98E-05,2.73E-05,0.003766972,0.003719324,0.003646918,2.341294289
51170,0.000104305,5.85E-05,1.88E-05,2.70E-05,0.003644742,0.003696129,0.003843636,2.327647924
51180,0.000103055,5.80E-05,1.83E-05,2.67E-05,0.00349357,0.003440966,0.003410201,2.393073797
51190,0.000134974,8.49E-05,1.82E-05,3.19E-05,0.003621748,0.003401707,0.003528245,2.47838378
51200,0.003495894,0.002742581,1.96E-05,0.00073369,0.010391449,0.005064027,0.009669525,2.489170551
51210,0.002478678,0.00057621,3.84E-05,0.00186407,0.00806785,0.004375661,0.012960078,2.406971931
51220,0.002166197,0.001294314,3.81E-05,0.000833823,0.017740859,0.013265559,0.016513593,2.56641531
51230,0.001478775,0.000938588,3.28E-05,0.000507432,0.014736557,0.012418518,0.013687877,2.335223198
51240,0.000382304,0.000290429,2.09E-05,7.09E-05,0.008773551,0.00730946,0.007376819,2.355716228
51250,0.000174917,7.16E-05,2.08E-05,8.25E-05,0.004788033,0.004547069,0.005063127,2.34286499
51260,0.000481658,0.00030017,8.74E-05,9.40E-05,0.014486553,0.015144665,0.014738946,2.337144852
51270,0.018271346,0.011057689,0.00389818,0.003315479,0.119902328,0.124094307,0.122262321,2.370586634
51280,0.005445866,0.002420477,0.002311829,0.00071356,0.046626143,0.051582463,0.048024267,2.3949368
51290,0.009904975,0.005681241,0.002367153,0.00185658,0.085633427,0.088594109,0.088429168,2.422986269
51300,0.005013476,0.002666185,0.001567609,0.00077968,0.051245034,0.055806115,0.054589629,2.415849447
51310,0.000226224,7.39E-05,0.000119787,3.25E-05,0.00545534,0.005901089,0.004617968,2.398313522
51320,0.000692036,0.000427344,0.000125353,0.000139338,0.019980256,0.020824622,0.020860445,2.398644924
51330,0.000367671,0.000216468,7.26E-05,7.86E-05,0.014622217,0.015528079,0.015731337,2.386067152
51340,0.000162048,8.81E-05,3.75E-05,3.64E-05,0.007082358,0.007349372,0.007127205,2.366524935
51350,0.000122282,6.53E-05,2.77E-05,2.93E-05,0.004731233,0.004939319,0.005167434,2.353757143
51360,0.000212462,5.93E-05,0.000125885,2.73E-05,0.003797231,0.004994065,0.003717131,2.379772663
51370,0.003780727,8.47E-05,0.00366026,3.58E-05,0.005557912,0.018095722,0.006092351,2.378661394
51380,0.001149252,0.000125252,0.000974298,4.97E-05,0.01075075,0.015249806,0.011473011,2.382859945
51390,0.001117065,0.000132965,0.000932209,5.19E-05,0.011747565,0.016119629,0.01199048,2.351831436
51400,0.000139313,5.94E-05,5.21E-05,2.79E-05,0.003631118,0.00401344,0.003514012,2.352037191
51410,0.000165592,6.19E-05,7.44E-05,2.93E-05,0.004607146,0.005423469,0.005012712,2.401404381
51420,0.00019763,7.57E-05,7.41E-05,4.79E-05,0.005587427,0.006231191,0.006117089,2.413555145
51430,0.001137249,0.000379445,0.000110373,0.000647431,0.020219889,0.02106265,0.022458309,2.585808754
51440,0.02063185,0.00984783,0.002819466,0.007964555,0.108478203,0.112474762,0.114477798,2.499971628
51450,0.017460821,0.011184583,0.003309723,0.002966514,0.106845081,0.110846564,0.108395889,2.421378613
51460,0.002830772,0.000831327,0.000302937,0.001696509,0.031027395,0.032556873,0.034694575,2.555649281
51470,0.0008203,0.000142486,5.50E-05,0.000622826,0.009767786,0.009815491,0.011294802,2.386173964
51480,0.000663946,0.000308584,9.74E-05,0.000257932,0.018757038,0.019710518,0.020567726,2.518956184
51490,0.000344937,0.000188641,6.06E-05,9.57E-05,0.012879841,0.013602015,0.01369234,2.391602516
51500,0.000158406,9.64E-05,2.65E-05,3.55E-05,0.00645499,0.006879502,0.006929497,2.350964546
51510,0.000291543,0.000235761,1.97E-05,3.60E-05,0.004933571,0.003952755,0.003841931,2.377397776
51520,0.006140715,0.005964146,8.38E-05,9.28E-05,0.029948991,0.022365853,0.022091944,2.388737917
51530,0.002753693,0.002587544,7.94E-05,8.67E-05,0.009532318,0.008682223,0.008391056,2.438706875
51540,0.001044797,0.000951146,4.21E-05,5.16E-05,0.006688616,0.003666245,0.003683417,2.373122692
51550,0.000378538,0.000238328,6.57E-05,7.45E-05,0.012770317,0.013331124,0.013497876,2.452166319
51560,0.001180499,0.000773561,0.000197496,0.000209442,0.031668894,0.031817444,0.03190776,2.391696453
51570,0.010489109,0.006400063,0.002048695,0.002040349,0.091338076,0.094606102,0.094005793,2.40495944
51580,0.024435323,0.014618157,0.005052765,0.004764402,0.13065955,0.135511994,0.133988202,2.431757927
51590,0.01096138,0.006063735,0.00293027,0.001967374,0.086796001,0.092244036,0.089492694,2.410837173
51600,0.004394152,0.0025148,0.001090286,0.000789066,0.052543871,0.055190213,0.05459065,2.423859119
51610,0.00123662,0.000649831,0.000381694,0.000205095,0.025601482,0.027032524,0.026146773,2.695742846
51620,0.000125185,6.38E-05,3.41E-05,2.72E-05,0.003488882,0.003575203,0.003566039,2.436787367
51630,0.000395758,0.00021521,0.000102461,7.81E-05,0.014652737,0.015214566,0.01515648,2.40068984
51640,0.000192904,5.96E-05,0.000104869,2.84E-05,0.00411194,0.005128514,0.003989875,2.446289539
51650,0.000558167,0.000111052,0.000397386,4.97E-05,0.009610368,0.012164393,0.009673456,2.383560419
51660,0.002411759,0.000283406,0.001955282,0.000173071,0.018717863,0.025183886,0.019271612,2.387166023
51670,0.004915408,0.002164296,0.000669715,0.002081396,0.051744547,0.053535759,0.053944863,2.370388746
51680,0.039750587,0.024073137,0.00737676,0.008300689,0.172455609,0.178368539,0.179303065,2.390260935
51690,0.007888291,0.00434144,0.001363762,0.00218309,0.069082096,0.070455685,0.071405724,2.427385807
51700,0.003142711,0.001659182,0.00053812,0.00094541,0.048584443,0.049749244,0.049314357,2.403387547
51710,0.00112665,0.000618959,0.000180503,0.000327188,0.023492554,0.024497665,0.025491647,2.471377134
51720,0.00033715,0.00017453,3.72E-05,0.000125401,0.012168325,0.011454652,0.012450412,2.495139837
51730,0.000656844,0.000562964,2.83E-05,6.56E-05,0.012070592,0.010096803,0.0101373,2.360114336
51740,0.004570895,0.004445114,5.86E-05,6.71E-05,0.01012828,0.00401864,0.003910163,2.443583965
51750,0.000940437,0.000864192,3.99E-05,3.64E-05,0.009509066,0.006401253,0.006818144,2.445535898
51760,0.000423084,0.000353414,3.29E-05,3.67E-05,0.012213769,0.010788997,0.01067378,2.756405592
51770,0.000247647,0.00015598,5.05E-05,4.11E-05,0.006263942,0.006862722,0.006430938,2.505440712
51780,0.000822532,0.000304237,0.000406433,0.000111862,0.020040687,0.021945886,0.020184409,2.642876148
51790,0.012119126,0.004964962,0.005432519,0.001721645,0.087828539,0.094467521,0.088987425,2.4032166
51800,0.044181935,0.023980306,0.012175102,0.008026528,0.159889922,0.168054298,0.165921777,2.417815447
51810,0.013164354,0.00776094,0.002457399,0.002946014,0.10369458,0.106848709,0.107628159,2.474999428
51820,0.004704644,0.002356924,0.001321493,0.001026226,0.055909425,0.059235036,0.056968499,2.360070705
51830,0.001763925,0.000914606,0.000420097,0.000429221,0.034830526,0.035442255,0.035192918,2.509908199
51840,0.000777849,0.000490591,0.000118442,0.000168816,0.023362448,0.02295886,0.023017224,2.489308834
51850,0.000407793,0.000228851,0.000100218,7.87E-05,0.015880119,0.016301749,0.016005665,2.705002308
51860,0.000152324,7.05E-05,2.14E-05,6.04E-05,0.005296413,0.005383393,0.00553719,2.426125765
51870,0.000298111,6.47E-05,2.43E-05,0.000209018,0.004427618,0.004583836,0.005954372,2.324747324
51880,0.002844461,0.00024476,6.77E-05,0.002532048,0.015707498,0.015871022,0.024032425,2.487999201
51890,0.004384358,0.002713821,0.000820896,0.000849641,0.060706615,0.062266514,0.061886057,2.407018185
51900,0.01784567,0.012828652,0.002240807,0.002776211,0.083619967,0.089321628,0.090004884,2.405455351
51910,0.00538566,0.004962018,9.44E-05,0.000329258,0.036026306,0.028579406,0.029821634,2.708847523
51920,0.002396844,0.001429738,0.00040607,0.000561035,0.064018331,0.063570783,0.063976295,2.455147743
51930,0.002995688,0.001978875,0.000463138,0.000553675,0.064758301,0.06306687,0.063436747,2.470811367
51940,0.001803424,0.001134991,0.000323162,0.00034527,0.040487953,0.040805615,0.04030183,2.376287222
51950,0.003028636,0.001820977,0.000588352,0.000619308,0.042370137,0.044190567,0.043535069,2.413434267
51960,0.011483554,0.006959532,0.002230021,0.002294001,0.093419589,0.096290536,0.095296033,2.387996912
51970,0.007481324,0.004482352,0.001493998,0.001504974,0.075280108,0.07743939,0.076605871,2.444248676
51980,0.002820436,0.001657124,0.000606185,0.000557127,0.04587853,0.047478236,0.04698842,2.374706268
51990,0.001563879,0.000726478,0.000587048,0.000250353,0.030576786,0.0321652,0.031284031,2.419601202
52000,0.000398006,0.000167768,0.000160859,6.94E-05,0.01319788,0.014035845,0.013642213,2.47977066
52010,0.0016778,0.00095841,0.000371228,0.000348162,0.035605669,0.036851816,0.036676724,2.370747566
52020,0.00901583,0.005225753,0.001960446,0.00182963,0.082495585,0.085322231,0.084399387,2.476047039
52030,0.016563747,0.009873717,0.003289855,0.003400176,0.111625277,0.115515649,0.113970421,2.469421148
52040,0.003587219,0.001624124,0.000817871,0.001145223,0.042787109,0.045274418,0.04552374,2.434293985
52050,0.001165916,0.00019806,9.97E-05,0.000868189,0.013900472,0.014659319,0.01704601,2.379395485
52060,0.001983486,0.000989093,0.000352784,0.000641609,0.034619123,0.035773605,0.036514148,2.437495947
52070,0.001280049,0.000547317,0.000185857,0.000546875,0.025766807,0.026449108,0.027904037,2.359671116
52080,0.001257206,0.000512454,0.000531531,0.000213221,0.024309011,0.026650367,0.024739031,2.419849157
52090,0.008775437,0.002170263,0.005750388,0.000854785,0.054934993,0.063773111,0.056711003,2.396684408
52100,0.020471208,0.011227185,0.004931463,0.004312559,0.113416389,0.11792545,0.117517352,2.41727376
52110,0.001265153,0.000830438,0.000216952,0.000217762,0.02038292,0.022112433,0.021504138,2.651744127
52120,0.003917405,0.002057903,0.001009327,0.000850175,0.047513001,0.049670644,0.049535863,2.431344032
52130,0.00121874,0.000461912,0.000132737,0.000624091,0.024310818,0.024223406,0.025449771,2.33464551
52140,0.000549904,0.000341044,7.44E-05,0.000134503,0.013529407,0.012677792,0.013055044,2.464933157
52150,0.001817795,0.00159641,7.79E-05,0.000143478,0.007304024,0.007635625,0.008055256,2.388766289
52160,0.003326637,0.002702899,0.000281756,0.000341982,0.020974724,0.023454055,0.023338076,2.47891593
52170,0.018495616,0.009501377,0.002733924,0.006260314,0.122073449,0.123176426,0.124974832,2.44073844
52180,0.012376757,0.006293403,0.001461029,0.004622326,0.063546315,0.067585565,0.071200885,2.39346838
52190,0.006810981,0.003901173,0.001059673,0.001850136,0.062420227,0.065070383,0.066533349,2.441433668
52200,0.00295845,0.001453151,0.000434768,0.001070532,0.037404925,0.039359815,0.040561631,2.394596577
52210,0.000309429,0.00017217,5.53E-05,8.19E-05,0.007218599,0.007788591,0.008228743,2.435388803
52220,0.000523723,0.000286519,9.12E-05,0.000146028,0.01855102,0.018619772,0.018626301,2.442394018
52230,0.000152531,8.52E-05,2.41E-05,4.33E-05,0.006653092,0.006587636,0.006823737,2.679632902
52240,0.000319793,0.000171482,7.50E-05,7.33E-05,0.013362492,0.013858338,0.014067829,2.45757246
52250,0.002145111,0.000881747,0.000991352,0.000272012,0.032574803,0.035159133,0.033230297,2.477265358
52260,0.01835534,0.010862856,0.003836137,0.003656347,0.122192472,0.126439035,0.127836794,2.40766573
52270,0.007850417,0.00407672,0.002485089,0.001288608,0.061054274,0.065919816,0.063200332,2.434117079
52280,0.004130025,0.00233213,0.00098648,0.000811416,0.061907053,0.063770063,0.062984169,2.508154869
52290,0.00231442,0.001461857,0.000429219,0.000423344,0.04232654,0.042884238,0.042224243,2.431681156
52300,0.001278361,0.000743222,0.000269563,0.000265576,0.029628754,0.030397315,0.02967683,2.446974516
52310,0.000554142,0.000325531,8.36E-05,0.000144963,0.017367832,0.016949765,0.017690718,2.627969742
52320,0.001595858,0.001520928,2.83E-05,4.67E-05,0.008890814,0.004989358,0.005562294,2.421473742
52330,0.005005483,0.004120069,0.000448764,0.00043665,0.020628696,0.023514308,0.022448242,2.49093008
52340,0.003621364,0.001994728,0.000653451,0.000973185,0.060434684,0.060188059,0.060168874,2.396998882
52350,0.002086976,0.000977767,0.000423651,0.000685557,0.018584777,0.020970421,0.020658247,2.367149115
52360,0.002399379,0.000724446,0.00124559,0.000429342,0.030055763,0.032503791,0.031053063,2.482391119
52370,0.004624005,0.00260905,0.001224838,0.000790116,0.049936272,0.053169817,0.051848385,2.438356638
52380,0.02861038,0.016524425,0.006628039,0.005457916,0.1490715,0.156321302,0.152372032,2.510304928
52390,0.001962306,0.000554853,0.001197907,0.000209546,0.024344414,0.027658276,0.024236195,2.394183636
52400,0.0015414,0.000590795,0.000839525,0.00011108,0.013795864,0.017818123,0.015280442,2.349095821
52410,0.001785361,0.000948747,0.000527891,0.000308723,0.025383662,0.027588196,0.026281944,2.527117729
52420,0.000584526,0.000302714,0.000161842,0.00011997,0.01821989,0.019084752,0.018787865,2.365461826
52430,0.000347464,0.000235924,4.59E-05,6.56E-05,0.00714752,0.007910375,0.007897733,2.347210884
52440,0.000280821,0.000108753,2.95E-05,0.000142577,0.007346156,0.007064349,0.007965203,2.422188997
52450,0.003443744,0.000225404,8.52E-05,0.003133106,0.015564954,0.015750213,0.025236553,2.568187952
52460,0.004687224,0.002461681,0.0007896,0.001435944,0.05651138,0.058696471,0.058396086,2.400205612
52470,0.034164175,0.021024182,0.006178526,0.006961465,0.150392741,0.158004194,0.158172145,2.356658936
52480,0.004501213,0.00268537,0.000839166,0.000976677,0.05699081,0.058912247,0.058828026,2.416632414
52490,0.000928084,0.000692038,7.21E-05,0.000163944,0.00855646,0.009906599,0.009566498,2.469145536
52500,0.000233563,9.64E-05,2.73E-05,0.000109925,0.009356661,0.009054362,0.009346241,2.424373388
52510,0.000493242,0.000378315,5.13E-05,6.36E-05,0.008092282,0.009013717,0.00909209,2.444091797
52520,0.000522256,0.000313774,9.56E-05,0.000112916,0.016288204,0.017031871,0.016704308,2.354438066
52530,0.000589467,0.000470787,6.93E-05,4.94E-05,0.014871377,0.013662354,0.013176601,2.398257732
52540,0.007392113,0.005763865,0.001214156,0.000414092,0.06090878,0.05749435,0.05511352,2.360898018
52550,0.014410386,0.008177561,0.003759205,0.00247362,0.09242256,0.098406166,0.095043644,2.476010561
52560,0.001652674,0.000932724,0.00053362,0.000186329,0.037892487,0.037338197,0.036832158,2.42056942
52570,0.002035668,0.001158296,0.000518779,0.000358593,0.045403361,0.045971885,0.046159454,2.375194311
52580,0.002478762,0.001284504,0.000764972,0.000429286,0.037012454,0.039659996,0.038501661,2.367153168
52590,0.002667565,0.00158724,0.000474828,0.000605498,0.048063412,0.049120761,0.049282279,2.337023497
52600,0.007871205,0.003995953,0.001223858,0.002651394,0.071179874,0.073354177,0.074893691,2.366163969
52610,0.008884886,0.005368747,0.001738653,0.001777487,0.080525249,0.083378822,0.083157226,2.369586468
52620,0.001603237,0.000628753,0.000197799,0.000776685,0.027643388,0.028656598,0.029991616,2.425293207
52630,0.000417759,0.000189299,6.07E-05,0.000167801,0.014776988,0.0151672,0.01528431,2.400259256
52640,0.002138545,0.001265899,0.000407123,0.000465523,0.041085899,0.042218335,0.042123683,2.348441839
52650,0.013283706,0.008120608,0.002535023,0.002628077,0.098668054,0.102498755,0.101390228,2.369989872
52660,0.009279876,0.0058356,0.001681363,0.001762913,0.075729877,0.07974422,0.079026088,2.445612192
52670,0.007195663,0.004798585,0.001180182,0.001216897,0.074774072,0.074927002,0.074877404,2.376609325
52680,0.000400445,0.000240923,7.26E-05,8.70E-05,0.013226604,0.013627827,0.013345242,2.453974009
52690,0.001132264,0.0007099,0.000198957,0.000223406,0.027725387,0.027896948,0.027480867,2.367098808
52700,0.000200532,0.00013148,3.05E-05,3.86E-05,0.008281473,0.008168757,0.008416087,2.425923586
52710,0.000638314,0.000435959,9.48E-05,0.000107583,0.021559147,0.021247916,0.021420613,2.365504503
52720,0.001860327,0.001276052,0.000319413,0.000264862,0.035870306,0.035165831,0.035086147,2.351401567
52730,0.008194689,0.004321974,0.002399401,0.001473314,0.075401075,0.075481661,0.0742466,2.385128736
52740,0.030088319,0.018926252,0.005614107,0.00554796,0.106042296,0.115775079,0.113732636,2.476803064
52750,0.007111379,0.004325133,0.000547056,0.00223919,0.050008357,0.045417853,0.050244041,2.468104601
52760,0.00162321,0.000900819,0.000255335,0.000467057,0.0329707,0.032884859,0.032852177,2.476480484
52770,0.002414458,0.001446668,0.000360849,0.000606941,0.025796944,0.028350472,0.028758902,2.392138958
52780,0.001060847,0.000624085,0.000227779,0.000208984,0.020394545,0.021496821,0.020255355,2.372485161
52790,0.000391045,0.00018323,0.000140132,6.77E-05,0.017381091,0.017793149,0.017598692,2.389692068
52800,0.001368878,0.000116062,0.001186807,6.60E-05,0.008519779,0.013532126,0.008721857,2.416915417
52810,0.001423263,8.75E-05,0.001295991,3.98E-05,0.008411053,0.013527763,0.008656004,2.345667124
52820,0.000993485,0.000287924,0.000604556,0.000101005,0.01931989,0.021844216,0.019402703,2.33103776
52830,0.002361212,0.001256039,0.00068123,0.000423944,0.039551117,0.041465692,0.04027421,2.360636234
52840,0.022127878,0.013469879,0.004177107,0.004480894,0.136096478,0.140663385,0.138593107,2.388521194
52850,0.001186671,0.000637014,0.000346837,0.000202821,0.022825131,0.0247452,0.023681141,2.434538126
52860,0.002354355,0.00140842,0.000519165,0.000426769,0.03771989,0.039718274,0.039348144,2.402393341
52870,0.002242149,0.001352289,0.000448612,0.000441248,0.036185674,0.037893444,0.037088946,2.390644312
52880,0.001018432,0.000618626,0.000194396,0.00020541,0.024548896,0.025749635,0.025689989,2.407360077
52890,9.86E-05,5.43E-05,1.78E-05,2.65E-05,0.003374906,0.00334492,0.003394237,2.372899055
52900,0.000351158,0.000204016,6.70E-05,8.02E-05,0.013001811,0.013535294,0.013256688,2.356175184
52910,0.00035049,0.00013501,4.33E-05,0.000172178,0.010710914,0.010960268,0.011378747,2.373453856
52920,0.006435995,0.000136587,4.09E-05,0.006258555,0.012802265,0.012415633,0.023637,2.427906036
52930,0.003448926,9.22E-05,5.64E-05,0.003300315,0.006781765,0.007570418,0.01521541,2.423606873
52940,0.002323158,0.001034117,0.000937775,0.000351266,0.0417745,0.044470955,0.042912222,2.768784761
52950,0.046590418,0.028130785,0.009661508,0.008798124,0.19646813,0.203510731,0.202000618,2.379462481
52960,0.007935097,0.007385486,0.000126125,0.000423486,0.020760139,0.022651682,0.010845998,2.341121435
52970,0.004144531,0.002442293,0.001393845,0.000308394,0.032421544,0.027999628,0.028547499,2.355457783
52980,0.001083236,0.000396718,0.000638551,4.80E-05,0.00842989,0.010551539,0.004892253,2.330528975
52990,0.000739281,0.000356423,0.000317773,6.51E-05,0.015076564,0.017243689,0.012938989,2.406369686
53000,0.000533303,0.000317885,0.000124405,9.10E-05,0.010681475,0.01161741,0.010021747,2.526194096
53010,0.000281149,0.000174923,4.40E-05,6.22E-05,0.01268871,0.012442302,0.013066586,2.385452271
53020,0.000156917,9.81E-05,2.44E-05,3.44E-05,0.004787372,0.005053777,0.005561457,2.432849407
53030,0.000110249,6.22E-05,2.21E-05,2.59E-05,0.003380008,0.003519299,0.003393931,2.388874769
53040,0.000103868,5.58E-05,1.81E-05,3.00E-05,0.003352134,0.003283923,0.003319431,2.423783302
53050,0.000176652,5.88E-05,1.87E-05,9.91E-05,0.004520042,0.004763735,0.005604307,2.457497597
53060,0.002396499,0.000167538,2.09E-05,0.002208038,0.007259858,0.006949787,0.016052265,2.653300047
53070,0.002499937,0.001867305,4.42E-05,0.000588447,0.022890028,0.018181004,0.023415998,2.494370461
53080,0.000570473,0.000124922,2.17E-05,0.000423826,0.007981163,0.007572774,0.009617942,2.412576914
53090,0.000875374,0.000490776,8.73E-05,0.000297321,0.013540826,0.01490681,0.014994109,2.462755919
53100,0.036519274,0.022056153,0.006866116,0.007597002,0.1622971,0.167862624,0.172136366,2.393809319
53110,1.820063233,1.034294128,0.382862747,0.402906358,0.850232244,0.911923289,0.834529281,2.359252453
53120,0.284085065,0.161917701,0.058079489,0.064087838,0.320016861,0.389711022,0.365849078,2.402875185
53130,0.20689407,0.125126019,0.038838442,0.042929605,0.526591003,0.51523155,0.510654867,2.446559668
53140,0.055278044,0.022167934,0.016399628,0.016710486,0.16626884,0.226771057,0.230689034,2.457273483
53150,0.011102409,0.008672584,0.00107162,0.001358206,0.070552073,0.058829267,0.064841643,2.379293442
53160,0.006895465,0.005213413,0.000830089,0.000851965,0.07579156,0.074141681,0.066729277,2.402355671
53170,0.004215223,0.002157355,0.000984128,0.00107374,0.085616887,0.09362863,0.092414595,2.429059267
53180,0.001467107,0.000983325,0.00023226,0.000251522,0.013743099,0.013832042,0.010573295,2.409623384
53190,0.000386324,0.000196994,9.89E-05,9.04E-05,0.017705817,0.018799324,0.014619984,2.388529539
53200,0.000217062,0.000114283,5.30E-05,4.98E-05,0.008030539,0.009971566,0.008500271,2.415619612
53210,0.000215542,0.000115749,5.08E-05,4.90E-05,0.009759981,0.011492211,0.009937438,2.476960659
53220,0.00019944,0.000108267,4.53E-05,4.59E-05,0.0055712,0.006955615,0.006813802,2.378319263
53230,0.000179332,9.44E-05,4.18E-05,4.32E-05,0.006652133,0.008324737,0.007973997,2.41521883
53240,0.000166523,8.83E-05,3.79E-05,4.03E-05,0.004794263,0.006328628,0.005781282,2.459641218
53250,0.000158944,8.40E-05,3.58E-05,3.91E-05,0.004805738,0.006160427,0.005608412,2.682728767
53260,0.000153769,8.15E-05,3.41E-05,3.82E-05,0.004434942,0.005690578,0.005122691,2.386354208
53270,0.000149691,7.95E-05,3.27E-05,3.75E-05,0.004309963,0.005473177,0.004935121,2.586275339
53280,0.00014624,7.79E-05,3.14E-05,3.69E-05,0.004190058,0.005276923,0.004783604,2.461555958
53290,0.000143245,7.65E-05,3.03E-05,3.64E-05,0.004108331,0.005103759,0.004643964,2.406655788
53300,0.000140609,7.53E-05,2.94E-05,3.59E-05,0.004054436,0.004978276,0.004563873,2.408769131
53310,0.000138264,7.42E-05,2.86E-05,3.55E-05,0.00399786,0.00483609,0.004468509,2.44802475
53320,0.000136164,7.33E-05,2.78E-05,3.51E-05,0.003963614,0.004733959,0.004405103,2.554130554
53330,0.000134252,7.24E-05,2.71E-05,3.47E-05,0.003928945,0.004632382,0.004346963,2.423713207
53340,0.000132518,7.16E-05,2.65E-05,3.43E-05,0.003904502,0.004549431,0.004304254,2.426233053
53350,0.00013095,7.09E-05,2.60E-05,3.40E-05,0.003878024,0.004469713,0.004254641,2.463425636
53360,0.000129498,7.03E-05,2.55E-05,3.37E-05,0.003855235,0.004400269,0.004220334,2.39686799
53370,0.000128161,6.97E-05,2.51E-05,3.34E-05,0.003836588,0.004338631,0.004192764,2.382231951
53380,0.000126932,6.91E-05,2.47E-05,3.31E-05,0.003815385,0.004281115,0.004157961,2.420979023
53390,0.000125773,6.86E-05,2.43E-05,3.29E-05,0.003794038,0.004224589,0.004126058,2.339332581
53400,0.000124683,6.81E-05,2.40E-05,3.26E-05,0.003775623,0.004178161,0.004101139,2.709904432
53410,0.000123684,6.77E-05,2.37E-05,3.24E-05,0.003757493,0.004137259,0.004073791,2.415280819
53420,0.000122736,6.72E-05,2.34E-05,3.21E-05,0.003741825,0.004099281,0.004058807,2.389499664
53430,0.000121841,6.68E-05,2.31E-05,3.19E-05,0.003726851,0.004065274,0.004034595,2.531240225
53440,0.000121002,6.64E-05,2.29E-05,3.17E-05,0.003710923,0.004031734,0.004016071,2.424783707
53450,0.000120212,6.61E-05,2.27E-05,3.15E-05,0.00369813,0.004003884,0.004001873,2.461577892
